CREATE DATABASE medibase;
CREATE TABLE `dokter` (
  `id_dokter` int NOT NULL,
  `nama` varchar(100) NOT NULL,
  `spesialis` varchar(50) DEFAULT NULL,
  `no_hp` varchar(20) DEFAULT NULL,
  `jadwal_praktek` varchar(100) DEFAULT NULL
) ENGINE=InnoDB DEFAULT CHARSET=utf8mb4 COLLATE=utf8mb4_0900_ai_ci;

INSERT INTO `dokter` (`id_dokter`, `nama`, `spesialis`, `no_hp`, `jadwal_praktek`) VALUES
(1, 'Dr. Andi', 'Hati', '08121000001', 'Senin-Rabu'),
(2, 'Dr. Maya', 'Anak', '08121000002', 'Kamis-Sabtu'),
(3, 'Dr. Rudi', 'Bedah', '08121000003', 'Senin-Jumat'),
(4, 'Dr. Sari', 'Kandungan', '08121000004', 'Selasa-Kamis'),
(5, 'Dr. Tono', 'Saraf', '08121000005', 'Senin-Rabu'),
(6, 'Dr. Lina', 'Kulit', '08121000006', 'Rabu-Jumat'),
(7, 'Dr. Haris', 'THT', '08121000007', 'Senin-Kamis'),
(8, 'Dr. Vina', 'Mata', '08121000008', 'Selasa-Jumat'),
(9, 'Dr. Edo', 'Gigi', '08121000009', 'Senin-Rabu'),
(10, 'Dr. Putri', 'Umum', '08121000010', 'Rabu-Sabtu'),
(11, 'Dr. Aldi', 'Jantung', '08121000011', 'Senin-Kamis'),
(12, 'Dr. Sinta', 'Paru', '08121000012', 'Selasa-Jumat'),
(13, 'Dr. Jefri', 'Psikiater', '08121000013', 'Kamis-Sabtu'),
(14, 'Dr. Rika', 'Radiologi', '08121000014', 'Senin-Rabu'),
(15, 'Dr. Iwan', 'Ginjal', '08121000015', 'Rabu-Jumat'),
(22, 'Dr.Salsa', 'Anak', '082181100679', 'Rabu - Sabtu'),
(23, 'Dr. Bima', 'Umum', '08121000023', 'Senin-Rabu'),
(24, 'Dr. Dewi', 'Anak', '08121000024', 'Rabu-Jumat'),
(25, 'Dr. Ghani', 'Saraf', '08121000025', 'Kamis-Sabtu'),
(26, 'Dr. Reno', 'Bedah', '08121000026', 'Senin-Jumat'),
(27, 'Dr. Tata', 'Kandungan', '08121000027', 'Selasa-Kamis'),
(28, 'Dr. Nando', 'Kulit', '08121000028', 'Senin-Rabu'),
(29, 'Dr. Alya', 'THT', '08121000029', 'Rabu-Jumat'),
(30, 'Dr. Roni', 'Mata', '08121000030', 'Kamis-Sabtu'),
(31, 'Dr. Kiki', 'Gigi', '08121000031', 'Senin-Jumat'),
(32, 'Dr. Dimas', 'Jantung', '08121000032', 'Selasa-Kamis'),
(33, 'Dr. Novi', 'Paru', '08121000033', 'Senin-Rabu'),
(34, 'Dr. Cici', 'Psikiater', '08121000034', 'Rabu-Jumat'),
(35, 'Dr. Adit', 'Radiologi', '08121000035', 'Kamis-Sabtu'),
(36, 'Dr. Raisa', 'Ginjal', '08121000036', 'Senin-Jumat'),
(37, 'Dr. Hana', 'Umum', '08121000037', 'Selasa-Kamis'),
(38, 'Dr. Bunga', 'Anak', '08121000038', 'Senin-Rabu'),
(39, 'Dr. Chelsea', 'Saraf', '08121000039', 'Rabu-Jumat'),
(40, 'Dr. Fadil', 'Bedah', '08121000040', 'Kamis-Sabtu'),
(41, 'Dr. Farhan', 'Kandungan', '08121000041', 'Senin-Jumat'),
(42, 'Dr. Gilang', 'Kulit', '08121000042', 'Selasa-Kamis'),
(43, 'Dr. Wahyu', 'THT', '08121000043', 'Senin-Rabu'),
(44, 'Dr. Kevin', 'Mata', '08121000044', 'Rabu-Jumat'),
(45, 'Dr. Leo', 'Gigi', '08121000045', 'Kamis-Sabtu'),
(46, 'Dr. Felix', 'Jantung', '08121000046', 'Senin-Jumat'),
(47, 'Dr. Reza', 'Paru', '08121000047', 'Selasa-Kamis'),
(48, 'Dr. Yuda', 'Psikiater', '08121000048', 'Senin-Rabu'),
(49, 'Dr. Bayu', 'Radiologi', '08121000049', 'Rabu-Jumat'),
(50, 'Dr. Yogi', 'Ginjal', '08121000050', 'Kamis-Sabtu'),
(51, 'Dr. Nisa', 'Umum', '08121000051', 'Senin-Jumat'),
(52, 'Dr. Fina', 'Anak', '08121000052', 'Selasa-Kamis'),
(53, 'Dr. Siska', 'Saraf', '08121000053', 'Senin-Rabu'),
(54, 'Dr. Monic', 'Bedah', '08121000054', 'Rabu-Jumat'),
(55, 'Dr. Tarra', 'Kandungan', '08121000055', 'Kamis-Sabtu'),
(56, 'Dr. Yuni', 'Kulit', '08121000056', 'Senin-Jumat'),
(57, 'Dr. Bella', 'THT', '08121000057', 'Selasa-Kamis'),
(58, 'Dr. Zahra', 'Mata', '08121000058', 'Senin-Rabu'),
(59, 'Dr. Zain', 'Gigi', '08121000059', 'Rabu-Jumat'),
(60, 'Dr. Ranu', 'Jantung', '08121000060', 'Kamis-Sabtu'),
(61, 'Dr. Raga', 'Paru', '08121000061', 'Senin-Jumat'),
(62, 'Dr. Bagas', 'Psikiater', '08121000062', 'Selasa-Kamis'),
(63, 'Dr. Putra', 'Radiologi', '08121000063', 'Senin-Rabu'),
(64, 'Dr. Melvin', 'Ginjal', '08121000064', 'Rabu-Jumat'),
(65, 'Dr. Rafa', 'Umum', '08121000065', 'Kamis-Sabtu'),
(66, 'Dr. Arka', 'Anak', '08121000066', 'Senin-Jumat'),
(67, 'Dr. Vino', 'Saraf', '08121000067', 'Selasa-Kamis'),
(68, 'Dr. Seno', 'Bedah', '08121000068', 'Senin-Rabu'),
(69, 'Dr. Haikal', 'Kandungan', '08121000069', 'Rabu-Jumat'),
(70, 'Dr. Tegar', 'Kulit', '08121000070', 'Kamis-Sabtu'),
(71, 'Dr. Ridho', 'THT', '08121000071', 'Senin-Jumat'),
(72, 'Dr. Kamal', 'Mata', '08121000072', 'Selasa-Kamis'),
(73, 'Dr. Fajar', 'Gigi', '08121000073', 'Senin-Rabu'),
(74, 'Dr. Galang', 'Jantung', '08121000074', 'Rabu-Jumat'),
(75, 'Dr. Heri', 'Paru', '08121000075', 'Kamis-Sabtu');

CREATE TABLE `kunjungan` (
  `id_kunjungan` int NOT NULL,
  `id_pasien` int DEFAULT NULL,
  `id_dokter` int DEFAULT NULL,
  `tanggal_kunjungan` date DEFAULT NULL,
  `keluhan` text,
  `diagnosis` text
) ENGINE=InnoDB DEFAULT CHARSET=utf8mb4 COLLATE=utf8mb4_0900_ai_ci;

INSERT INTO `kunjungan` (`id_kunjungan`, `id_pasien`, `id_dokter`, `tanggal_kunjungan`, `keluhan`, `diagnosis`) VALUES
(2, 2, 9, '2026-06-17', 'Pusing', 'Migrain'),
(3, 2, 1, '2026-02-25', 'Diare', 'Bronkitis'),
(4, 2, 50, '2026-03-28', 'Demam', 'Bronkitis'),
(5, 3, 50, '2026-01-14', 'Sakit perut', 'Infeksi'),
(6, 4, 71, '2026-03-13', 'Sesak napas', 'Migrain'),
(7, 4, 74, '2026-02-01', 'Diare', 'Migrain'),
(8, 4, 6, '2026-03-21', 'Sakit perut', 'Migrain'),
(9, 5, 36, '2026-01-21', 'Demam', 'Infeksi'),
(10, 5, 11, '2026-04-16', 'Diare', 'Flu'),
(11, 6, 5, '2026-01-24', 'Sesak napas', 'Bronkitis'),
(12, 7, 45, '2026-01-10', 'Pusing', 'Infeksi'),
(13, 7, 15, '2026-03-17', 'Sakit perut', 'Flu'),
(14, 7, 67, '2026-04-29', 'Diare', 'Bronkitis'),
(15, 8, 72, '2026-04-30', 'Diare', 'Flu'),
(16, 8, 50, '2026-01-31', 'Batuk', 'Alergi'),
(17, 8, 10, '2026-07-02', 'Sesak napas', 'Infeksi'),
(18, 9, 10, '2026-01-21', 'Sakit perut', 'Infeksi'),
(19, 10, 6, '2026-03-04', 'Sakit perut', 'Infeksi'),
(20, 10, 67, '2026-05-25', 'Demam', 'Flu'),
(21, 10, 47, '2026-02-19', 'Demam', 'Alergi'),
(22, 11, 3, '2026-06-15', 'Sakit perut', 'Bronkitis'),
(23, 12, 51, '2026-06-10', 'Diare', 'Bronkitis'),
(24, 13, 30, '2026-02-22', 'Pusing', 'Flu'),
(25, 13, 68, '2026-04-15', 'Demam', 'Bronkitis'),
(26, 13, 69, '2026-05-25', 'Sesak napas', 'Migrain'),
(27, 14, 69, '2026-06-25', 'Diare', 'Bronkitis'),
(28, 15, 25, '2026-03-17', 'Pusing', 'Alergi'),
(29, 15, 25, '2026-04-07', 'Diare', 'Infeksi'),
(30, 15, 40, '2026-06-10', 'Pusing', 'Flu'),
(31, 32, 2, '2026-01-14', 'Sakit perut', 'Flu'),
(32, 32, 11, '2026-04-12', 'Pusing', 'Bronkitis'),
(33, 33, 63, '2026-01-12', 'Diare', 'Flu'),
(34, 34, 26, '2026-02-12', 'Batuk', 'Flu'),
(35, 34, 10, '2026-01-19', 'Demam', 'Alergi'),
(36, 34, 58, '2026-07-09', 'Sakit perut', 'Flu'),
(37, 35, 4, '2026-05-31', 'Sesak napas', 'Infeksi'),
(38, 36, 25, '2026-03-08', 'Diare', 'Alergi'),
(39, 37, 6, '2026-07-08', 'Sesak napas', 'Alergi'),
(40, 38, 67, '2026-06-01', 'Diare', 'Infeksi'),
(41, 39, 51, '2026-07-11', 'Sakit perut', 'Flu'),
(42, 39, 43, '2026-01-12', 'Batuk', 'Bronkitis'),
(43, 40, 51, '2026-03-18', 'Sakit perut', 'Alergi'),
(44, 41, 54, '2026-03-10', 'Demam', 'Migrain'),
(45, 41, 55, '2026-02-23', 'Batuk', 'Bronkitis'),
(46, 42, 32, '2026-07-13', 'Pusing', 'Alergi'),
(47, 42, 47, '2026-04-30', 'Pusing', 'Bronkitis'),
(48, 43, 68, '2026-05-08', 'Sakit perut', 'Flu'),
(49, 43, 66, '2026-04-25', 'Diare', 'Bronkitis'),
(50, 44, 42, '2026-01-08', 'Pusing', 'Flu'),
(51, 45, 62, '2026-02-26', 'Pusing', 'Bronkitis'),
(52, 46, 58, '2026-07-18', 'Sesak napas', 'Infeksi'),
(53, 47, 10, '2026-03-28', 'Sakit perut', 'Bronkitis'),
(54, 47, 70, '2026-02-12', 'Demam', 'Migrain'),
(55, 48, 38, '2026-03-10', 'Demam', 'Bronkitis'),
(56, 48, 4, '2026-01-10', 'Diare', 'Alergi'),
(57, 49, 56, '2026-06-13', 'Batuk', 'Alergi'),
(58, 50, 1, '2026-06-22', 'Demam', 'Infeksi'),
(59, 50, 8, '2026-07-15', 'Diare', 'Bronkitis'),
(60, 50, 75, '2026-06-09', 'Batuk', 'Infeksi'),
(61, 51, 24, '2026-05-15', 'Demam', 'Migrain'),
(62, 52, 45, '2026-04-10', 'Sesak napas', 'Bronkitis'),
(63, 52, 64, '2026-06-03', 'Demam', 'Migrain'),
(64, 52, 71, '2026-03-25', 'Demam', 'Infeksi'),
(65, 53, 65, '2026-02-12', 'Sakit perut', 'Migrain'),
(66, 53, 28, '2026-03-19', 'Diare', 'Infeksi'),
(67, 53, 33, '2026-02-14', 'Sesak napas', 'Flu'),
(68, 54, 72, '2026-07-19', 'Diare', 'Alergi'),
(69, 54, 42, '2026-02-07', 'Pusing', 'Bronkitis'),
(70, 55, 5, '2026-01-31', 'Sesak napas', 'Bronkitis'),
(71, 55, 74, '2026-03-03', 'Sesak napas', 'Bronkitis'),
(72, 55, 32, '2026-01-20', 'Demam', 'Flu'),
(73, 56, 29, '2026-03-14', 'Pusing', 'Migrain'),
(74, 56, 4, '2026-01-15', 'Pusing', 'Bronkitis'),
(75, 57, 24, '2026-05-15', 'Pusing', 'Alergi'),
(76, 57, 27, '2026-01-20', 'Demam', 'Migrain'),
(77, 58, 47, '2026-07-16', 'Pusing', 'Bronkitis'),
(78, 59, 43, '2026-06-20', 'Sakit perut', 'Infeksi'),
(79, 59, 47, '2026-01-29', 'Batuk', 'Bronkitis'),
(80, 59, 27, '2026-03-03', 'Demam', 'Bronkitis'),
(81, 60, 53, '2026-02-03', 'Diare', 'Infeksi'),
(82, 61, 48, '2026-06-22', 'Batuk', 'Flu'),
(83, 61, 1, '2026-05-13', 'Batuk', 'Migrain'),
(84, 62, 26, '2026-02-16', 'Pusing', 'Alergi'),
(85, 63, 29, '2026-02-14', 'Diare', 'Alergi'),
(86, 63, 48, '2026-07-07', 'Demam', 'Infeksi'),
(87, 63, 12, '2026-05-12', 'Diare', 'Flu'),
(88, 64, 51, '2026-07-08', 'Pusing', 'Infeksi'),
(89, 64, 34, '2026-02-20', 'Diare', 'Flu'),
(90, 64, 65, '2026-06-01', 'Batuk', 'Alergi'),
(91, 65, 71, '2026-01-21', 'Pusing', 'Bronkitis'),
(92, 65, 39, '2026-02-08', 'Diare', 'Alergi'),
(93, 66, 54, '2026-01-25', 'Batuk', 'Alergi'),
(94, 67, 3, '2026-04-22', 'Sesak napas', 'Bronkitis'),
(95, 67, 51, '2026-07-04', 'Batuk', 'Flu'),
(96, 68, 45, '2026-01-10', 'Sakit perut', 'Bronkitis'),
(97, 69, 31, '2026-03-18', 'Sakit perut', 'Bronkitis'),
(98, 69, 8, '2026-05-23', 'Demam', 'Infeksi'),
(99, 69, 1, '2026-03-24', 'Sesak napas', 'Infeksi'),
(100, 70, 70, '2026-02-24', 'Diare', 'Migrain'),
(101, 70, 51, '2026-07-01', 'Sesak napas', 'Alergi'),
(102, 70, 48, '2026-01-05', 'Demam', 'Alergi'),
(103, 71, 45, '2026-04-28', 'Diare', 'Migrain'),
(104, 71, 73, '2026-01-30', 'Diare', 'Migrain'),
(105, 71, 32, '2026-03-01', 'Pusing', 'Flu'),
(106, 72, 15, '2026-03-13', 'Sakit perut', 'Migrain'),
(107, 72, 74, '2026-01-27', 'Sesak napas', 'Alergi'),
(108, 73, 7, '2026-05-28', 'Diare', 'Migrain'),
(109, 74, 60, '2026-01-20', 'Pusing', 'Flu'),
(110, 74, 30, '2026-07-02', 'Demam', 'Infeksi'),
(111, 75, 10, '2026-02-24', 'Pusing', 'Flu'),
(112, 75, 45, '2026-06-18', 'Sakit perut', 'Bronkitis'),
(113, 75, 34, '2026-07-08', 'Sesak napas', 'Infeksi'),
(114, 76, 6, '2026-01-29', 'Diare', 'Migrain'),
(115, 77, 43, '2026-07-02', 'Sesak napas', 'Flu'),
(116, 77, 54, '2026-02-27', 'Demam', 'Alergi'),
(117, 77, 48, '2026-02-08', 'Sesak napas', 'Infeksi'),
(118, 78, 32, '2026-05-14', 'Pusing', 'Alergi'),
(119, 79, 24, '2026-05-03', 'Batuk', 'Migrain'),
(120, 79, 25, '2026-03-03', 'Diare', 'Flu'),
(121, 79, 48, '2026-03-22', 'Diare', 'Alergi'),
(122, 80, 46, '2026-04-28', 'Pusing', 'Bronkitis'),
(123, 80, 26, '2026-07-15', 'Demam', 'Bronkitis'),
(124, 81, 69, '2026-01-30', 'Batuk', 'Migrain'),
(125, 82, 46, '2026-04-01', 'Sesak napas', 'Flu'),
(126, 82, 51, '2026-06-13', 'Sakit perut', 'Migrain'),
(127, 82, 28, '2026-01-11', 'Sakit perut', 'Migrain'),
(128, 83, 51, '2026-06-08', 'Pusing', 'Alergi'),
(129, 83, 71, '2026-03-20', 'Diare', 'Alergi'),
(130, 84, 24, '2026-05-12', 'Batuk', 'Bronkitis'),
(131, 84, 46, '2026-07-02', 'Demam', 'Bronkitis'),
(132, 85, 57, '2026-05-29', 'Demam', 'Migrain'),
(133, 85, 14, '2026-02-18', 'Sakit perut', 'Bronkitis'),
(134, 86, 24, '2026-04-20', 'Sakit perut', 'Bronkitis'),
(135, 87, 41, '2026-06-29', 'Batuk', 'Bronkitis'),
(136, 87, 59, '2026-06-26', 'Batuk', 'Flu'),
(137, 88, 47, '2026-04-12', 'Sesak napas', 'Flu'),
(138, 89, 65, '2026-03-15', 'Diare', 'Migrain'),
(139, 89, 46, '2026-06-22', 'Batuk', 'Migrain'),
(140, 89, 74, '2026-05-23', 'Demam', 'Flu'),
(141, 90, 74, '2026-03-12', 'Demam', 'Migrain'),
(142, 90, 44, '2026-07-01', 'Diare', 'Infeksi'),
(143, 91, 47, '2026-03-13', 'Demam', 'Flu'),
(144, 91, 53, '2026-03-07', 'Diare', 'Alergi'),
(145, 91, 72, '2026-01-02', 'Pusing', 'Bronkitis'),
(146, 92, 48, '2026-01-24', 'Diare', 'Alergi'),
(147, 92, 15, '2026-04-13', 'Sesak napas', 'Bronkitis'),
(148, 92, 7, '2026-07-01', 'Batuk', 'Flu'),
(149, 93, 4, '2026-06-10', 'Demam', 'Flu'),
(150, 93, 36, '2026-04-20', 'Diare', 'Alergi'),
(151, 93, 50, '2026-04-14', 'Demam', 'Infeksi'),
(152, 94, 31, '2026-02-16', 'Demam', 'Migrain'),
(153, 94, 40, '2026-02-01', 'Batuk', 'Flu'),
(154, 94, 47, '2026-04-24', 'Pusing', 'Flu'),
(155, 95, 73, '2026-04-19', 'Sakit perut', 'Alergi'),
(156, 95, 64, '2026-06-25', 'Pusing', 'Flu'),
(157, 95, 47, '2026-03-31', 'Pusing', 'Bronkitis'),
(158, 96, 31, '2026-06-29', 'Demam', 'Alergi'),
(159, 96, 7, '2026-01-22', 'Batuk', 'Alergi'),
(160, 97, 38, '2026-07-12', 'Sakit perut', 'Alergi'),
(161, 97, 48, '2026-07-17', 'Demam', 'Alergi'),
(162, 97, 48, '2026-02-10', 'Diare', 'Bronkitis'),
(163, 98, 7, '2026-06-15', 'Sesak napas', 'Infeksi'),
(164, 99, 54, '2026-02-05', 'Sakit perut', 'Alergi'),
(165, 99, 27, '2026-04-08', 'Pusing', 'Bronkitis'),
(166, 100, 66, '2026-01-18', 'Demam', 'Infeksi'),
(167, 101, 32, '2026-05-18', 'Sakit perut', 'Migrain'),
(168, 102, 35, '2026-06-30', 'Pusing', 'Infeksi'),
(169, 103, 9, '2026-05-16', 'Pusing', 'Bronkitis'),
(170, 103, 57, '2026-02-07', 'Pusing', 'Infeksi'),
(171, 104, 10, '2026-06-30', 'Sakit perut', 'Flu'),
(172, 104, 3, '2026-03-21', 'Batuk', 'Infeksi'),
(173, 104, 57, '2026-04-17', 'Diare', 'Flu'),
(174, 105, 14, '2026-03-20', 'Diare', 'Infeksi'),
(175, 105, 29, '2026-01-10', 'Demam', 'Alergi'),
(176, 105, 25, '2026-07-18', 'Batuk', 'Migrain'),
(177, 106, 50, '2026-07-07', 'Sesak napas', 'Infeksi'),
(178, 106, 74, '2026-01-29', 'Pusing', 'Flu'),
(179, 106, 63, '2026-04-03', 'Sakit perut', 'Migrain'),
(180, 107, 10, '2026-01-03', 'Demam', 'Migrain'),
(181, 108, 30, '2026-02-11', 'Sakit perut', 'Infeksi'),
(182, 109, 4, '2026-06-16', 'Sakit perut', 'Bronkitis'),
(183, 110, 65, '2026-04-28', 'Diare', 'Infeksi'),
(184, 111, 64, '2026-03-08', 'Sesak napas', 'Alergi'),
(185, 111, 29, '2026-05-18', 'Pusing', 'Infeksi'),
(186, 112, 51, '2026-02-10', 'Diare', 'Bronkitis'),
(187, 112, 60, '2026-04-29', 'Diare', 'Infeksi'),
(188, 113, 25, '2026-02-24', 'Demam', 'Infeksi'),
(189, 113, 62, '2026-06-25', 'Diare', 'Infeksi'),
(190, 113, 33, '2026-01-06', 'Diare', 'Alergi'),
(191, 114, 35, '2026-01-15', 'Pusing', 'Alergi'),
(192, 114, 40, '2026-02-25', 'Diare', 'Flu'),
(193, 115, 14, '2026-05-17', 'Pusing', 'Alergi'),
(194, 115, 39, '2026-01-23', 'Sesak napas', 'Flu'),
(195, 115, 52, '2026-01-04', 'Diare', 'Flu'),
(196, 116, 69, '2026-01-30', 'Pusing', 'Alergi'),
(197, 116, 45, '2026-05-07', 'Pusing', 'Flu'),
(198, 117, 6, '2026-07-01', 'Sakit perut', 'Migrain'),
(199, 117, 59, '2026-06-16', 'Demam', 'Flu'),
(200, 118, 31, '2026-03-19', 'Sakit perut', 'Migrain'),
(201, 118, 61, '2026-02-24', 'Sesak napas', 'Flu'),
(202, 119, 13, '2026-06-10', 'Pusing', 'Migrain'),
(203, 119, 65, '2026-02-19', 'Batuk', 'Alergi'),
(204, 119, 74, '2026-06-12', 'Sakit perut', 'Alergi'),
(205, 120, 61, '2026-03-17', 'Batuk', 'Alergi'),
(206, 120, 41, '2026-04-22', 'Diare', 'Alergi'),
(207, 121, 59, '2026-04-07', 'Sesak napas', 'Bronkitis'),
(208, 122, 69, '2026-05-10', 'Diare', 'Bronkitis'),
(209, 122, 43, '2026-02-19', 'Batuk', 'Infeksi'),
(210, 122, 6, '2026-02-28', 'Batuk', 'Flu'),
(211, 123, 58, '2026-01-14', 'Diare', 'Alergi'),
(212, 123, 48, '2026-05-12', 'Demam', 'Bronkitis'),
(213, 124, 51, '2026-04-15', 'Sesak napas', 'Migrain'),
(214, 124, 26, '2026-01-25', 'Sakit perut', 'Migrain'),
(215, 124, 67, '2026-05-02', 'Diare', 'Infeksi'),
(216, 125, 52, '2026-07-07', 'Batuk', 'Alergi'),
(217, 125, 71, '2026-06-12', 'Pusing', 'Migrain'),
(218, 125, 43, '2026-02-19', 'Sesak napas', 'Bronkitis'),
(219, 126, 24, '2026-05-29', 'Pusing', 'Bronkitis'),
(220, 126, 63, '2026-06-09', 'Sesak napas', 'Alergi'),
(221, 127, 62, '2026-06-15', 'Pusing', 'Migrain'),
(222, 127, 45, '2026-05-10', 'Diare', 'Alergi'),
(223, 128, 36, '2026-04-14', 'Sesak napas', 'Migrain'),
(224, 128, 61, '2026-01-25', 'Batuk', 'Migrain'),
(225, 128, 68, '2026-04-30', 'Pusing', 'Flu'),
(226, 129, 29, '2026-06-09', 'Sakit perut', 'Bronkitis'),
(227, 129, 34, '2026-04-05', 'Pusing', 'Bronkitis'),
(228, 129, 38, '2026-02-17', 'Batuk', 'Infeksi'),
(229, 130, 1, '2026-04-26', 'Demam', 'Alergi'),
(230, 131, 68, '2026-02-20', 'Demam', 'Flu'),
(231, 132, 6, '2026-03-31', 'Demam', 'Infeksi'),
(232, 132, 63, '2026-06-28', 'Demam', 'Infeksi'),
(233, 133, 51, '2026-04-08', 'Demam', 'Alergi'),
(234, 133, 31, '2026-04-19', 'Pusing', 'Bronkitis'),
(235, 134, 38, '2026-02-18', 'Demam', 'Flu'),
(236, 134, 39, '2026-05-29', 'Demam', 'Bronkitis'),
(237, 134, 71, '2026-04-25', 'Demam', 'Bronkitis'),
(238, 135, 72, '2026-04-09', 'Demam', 'Alergi'),
(239, 136, 72, '2026-04-07', 'Pusing', 'Bronkitis'),
(240, 136, 31, '2026-02-12', 'Pusing', 'Infeksi'),
(241, 136, 45, '2026-06-14', 'Demam', 'Flu'),
(242, 137, 40, '2026-06-21', 'Pusing', 'Migrain'),
(243, 137, 52, '2026-01-22', 'Sesak napas', 'Infeksi'),
(244, 138, 47, '2026-04-30', 'Pusing', 'Migrain'),
(245, 138, 73, '2026-04-12', 'Batuk', 'Flu'),
(246, 139, 57, '2026-07-03', 'Diare', 'Migrain'),
(247, 139, 45, '2026-04-09', 'Batuk', 'Flu'),
(248, 140, 27, '2026-04-25', 'Demam', 'Migrain'),
(249, 140, 60, '2026-04-08', 'Pusing', 'Alergi'),
(250, 141, 29, '2026-06-11', 'Sakit perut', 'Alergi'),
(251, 141, 40, '2026-02-11', 'Sesak napas', 'Bronkitis'),
(252, 142, 14, '2026-02-18', 'Diare', 'Migrain'),
(253, 142, 66, '2026-04-17', 'Pusing', 'Infeksi'),
(254, 142, 13, '2026-04-23', 'Sakit perut', 'Flu'),
(255, 143, 32, '2026-01-07', 'Batuk', 'Flu'),
(256, 144, 55, '2026-03-21', 'Sakit perut', 'Alergi'),
(257, 145, 51, '2026-07-07', 'Sakit perut', 'Flu'),
(258, 146, 41, '2026-06-08', 'Demam', 'Infeksi'),
(259, 147, 15, '2026-03-02', 'Demam', 'Bronkitis'),
(260, 148, 34, '2026-06-21', 'Diare', 'Migrain'),
(261, 149, 24, '2026-05-13', 'Sakit perut', 'Infeksi'),
(262, 149, 73, '2026-05-31', 'Demam', 'Migrain'),
(263, 149, 13, '2026-04-04', 'Sakit perut', 'Alergi'),
(264, 150, 51, '2026-01-25', 'Demam', 'Bronkitis'),
(265, 151, 56, '2026-01-23', 'Diare', 'Migrain'),
(266, 152, 7, '2026-06-02', 'Demam', 'Bronkitis'),
(267, 152, 43, '2026-05-14', 'Batuk', 'Infeksi'),
(268, 152, 56, '2026-06-12', 'Demam', 'Migrain');

CREATE TABLE `obat` (
  `id_obat` int NOT NULL,
  `nama_obat` varchar(100) NOT NULL,
  `kategori` enum('Tablet','Sirup','Injeksi','Kapsul','Salep') DEFAULT NULL,
  `stok` int DEFAULT NULL,
  `harga` float DEFAULT NULL,
  `tanggal_exp` date DEFAULT NULL
) ENGINE=InnoDB DEFAULT CHARSET=utf8mb4 COLLATE=utf8mb4_0900_ai_ci;

INSERT INTO `obat` (`id_obat`, `nama_obat`, `kategori`, `stok`, `harga`, `tanggal_exp`) VALUES
(2, 'Amoxicillin', 'Kapsul', 79, 8000, '2025-11-01'),
(3, 'Ibuprofen', 'Tablet', 58, 7000, '2026-05-10'),
(4, 'CTM', 'Tablet', 48, 4000, '2026-02-22'),
(5, 'Vitamin C', 'Tablet', 188, 3000, '2027-01-01'),
(6, 'Omeprazole', 'Kapsul', 89, 9000, '2025-12-30'),
(7, 'Antasida', 'Tablet', 118, 4500, '2026-04-15'),
(8, 'Diazepam', 'Tablet', 39, 15000, '2026-08-20'),
(9, 'Cough Syrup', 'Sirup', 69, 10000, '2025-09-01'),
(10, 'Insulin', 'Injeksi', 29, 30000, '2025-07-11'),
(11, 'Metformin', 'Tablet', 96, 6000, '2026-10-10'),
(12, 'Salep Gentamicin', 'Salep', 43, 8000, '2026-03-20'),
(13, 'ORS', 'Kapsul', 140, 2500, '2026-09-09'),
(14, 'Bufect', 'Tablet', 73, 6500, '2025-11-25'),
(15, 'Kloramfenikol', 'Kapsul', 54, 8500, '2025-10-30'),
(23, 'Paracetamol', 'Tablet', 123, 5230.5, '2026-11-15'),
(25, 'Ibuprofen', 'Tablet', 210, 6540.75, '2027-01-10'),
(26, 'CTM', 'Tablet', 65, 4120.25, '2026-08-30'),
(28, 'Omeprazole', 'Kapsul', 94, 9250.4, '2026-12-05'),
(29, 'Antasida', 'Tablet', 145, 4320.6, '2026-07-19'),
(30, 'Diazepam', 'Tablet', 38, 14750, '2026-10-28'),
(31, 'Cough Syrup', 'Sirup', 82, 9870.3, '2026-02-14'),
(32, 'Insulin', 'Injeksi', 29, 29500, '2026-04-03'),
(33, 'Metformin', 'Tablet', 132, 6120.8, '2027-02-20'),
(34, 'Salep Gentamicin', 'Salep', 51, 7980.9, '2026-09-17'),
(35, 'ORS', 'Kapsul', 167, 2450, '2026-11-30'),
(36, 'Bufect', 'Tablet', 71, 6320.25, '2026-01-25'),
(37, 'Kloramfenikol', 'Kapsul', 60, 8230.75, '2026-06-11'),
(38, 'Azithromycin', 'Tablet', 95, 11200, '2026-10-09'),
(39, 'Cetirizine', 'Tablet', 110, 5600.5, '2027-03-15'),
(40, 'Loratadine', 'Tablet', 102, 5430, '2026-08-22'),
(41, 'Ranitidine', 'Tablet', 88, 4980.75, '2026-05-18'),
(42, 'Captopril', 'Tablet', 140, 3890.2, '2026-12-12'),
(43, 'Losartan', 'Tablet', 125, 7100, '2027-01-30'),
(44, 'Atorvastatin', 'Tablet', 98, 12500, '2026-07-25'),
(45, 'Simvastatin', 'Tablet', 85, 11800.4, '2026-11-02'),
(46, 'Albuterol', 'Sirup', 67, 13200, '2026-04-21'),
(47, 'Salbutamol', 'Tablet', 76, 12900.6, '2026-09-08'),
(48, 'Furosemide', 'Tablet', 112, 4200, '2026-10-17'),
(49, 'Spironolactone', 'Kapsul', 93, 5670.25, '2027-02-05'),
(50, 'Dextromethorphan', 'Sirup', 55, 8760.8, '2026-06-30'),
(51, 'Pseudoephedrine', 'Tablet', 62, 6780.5, '2026-08-14'),
(52, 'Phenylephrine', 'Tablet', 48, 6120, '2026-03-09'),
(53, 'Chlorpheniramine', 'Tablet', 77, 4350.3, '2026-12-20'),
(54, 'Diphenhydramine', 'Kapsul', 59, 5120.75, '2027-01-12'),
(55, 'Nystatin', 'Salep', 42, 9200, '2026-05-27'),
(56, 'Clotrimazole', 'Salep', 39, 8900.4, '2026-11-18'),
(57, 'Miconazole', 'Salep', 44, 9100.6, '2026-07-03'),
(58, 'Ketoconazole', 'Tablet', 53, 10200, '2026-09-29'),
(59, 'Fluconazole', 'Kapsul', 68, 15400.2, '2026-04-11'),
(60, 'Itraconazole', 'Kapsul', 57, 18900.8, '2026-10-05'),
(61, 'Ciprofloxacin', 'Tablet', 89, 9870.5, '2026-12-01'),
(62, 'Levofloxacin', 'Tablet', 74, 22300, '2027-02-22'),
(63, 'Metronidazole', 'Tablet', 105, 6750.3, '2026-08-07'),
(64, 'Tetracycline', 'Kapsul', 63, 7230.75, '2026-06-14'),
(65, 'Doxycycline', 'Kapsul', 72, 8900.2, '2026-11-27'),
(66, 'Erythromycin', 'Tablet', 81, 7650, '2026-03-19'),
(67, 'Clindamycin', 'Kapsul', 56, 13400.4, '2026-10-13'),
(68, 'Gentamicin', 'Injeksi', 31, 28900, '2026-05-05'),
(69, 'Neomycin', 'Salep', 47, 8320.6, '2026-07-22'),
(70, 'Streptomycin', 'Injeksi', 28, 27500.2, '2026-09-10'),
(71, 'Acyclovir', 'Tablet', 100, 14200.8, '2027-01-08'),
(72, 'Oseltamivir', 'Kapsul', 43, 45600, '2026-12-15'),
(73, 'Zidovudine', 'Tablet', 52, 22100.5, '2026-04-28'),
(74, 'Lamivudine', 'Tablet', 49, 21300.3, '2026-08-20'),
(75, 'Tenofovir', 'Tablet', 58, 25700.8, '2026-11-09'),
(76, 'Entecavir', 'Tablet', 37, 32100, '2027-03-01'),
(77, 'Ribavirin', 'Kapsul', 41, 19800.4, '2026-06-25'),
(78, 'Artemether', 'Injeksi', 26, 34200.6, '2026-10-21'),
(79, 'Lumefantrine', 'Tablet', 34, 31500.2, '2026-05-17'),
(80, 'Chloroquine', 'Tablet', 66, 8700.8, '2026-09-24'),
(81, 'Hydroxychloroquine', 'Tablet', 69, 11200.5, '2026-12-08'),
(82, 'Quinine', 'Tablet', 54, 9540.3, '2027-02-19'),
(83, 'Mefloquine', 'Tablet', 46, 17800.8, '2026-07-12'),
(84, 'Albendazole', 'Tablet', 108, 6340, '2026-11-14'),
(85, 'Mebendazole', 'Tablet', 115, 5230.2, '2026-04-05'),
(86, 'Praziquantel', 'Tablet', 73, 14300.4, '2026-08-31'),
(87, 'Ivermectin', 'Tablet', 83, 16700.6, '2027-01-27'),
(88, 'Oxytetracycline', 'Kapsul', 61, 7120.25, '2026-06-09'),
(89, 'Tylosin', 'Injeksi', 33, 24500.8, '2026-10-18'),
(90, 'Enrofloxacin', 'Injeksi', 30, 26700.5, '2026-03-27'),
(91, 'Florfenicol', 'Injeksi', 27, 23400.3, '2026-09-03'),
(92, 'Meloxicam', 'Tablet', 97, 8120.75, '2026-12-22'),
(93, 'Diclofenac', 'Tablet', 103, 7450, '2027-02-14'),
(94, 'Ketoprofen', 'Tablet', 86, 7890.4, '2026-05-29'),
(95, 'Tramadol', 'Tablet', 79, 10200.6, '2026-11-05'),
(96, 'Morphine', 'Injeksi', 24, 38900.2, '2026-07-16'),
(97, 'Codeine', 'Tablet', 50, 12400.8, '2026-10-30'),
(98, 'Oxycodone', 'Tablet', 22, 42100.5, '2027-01-15'),
(99, 'Hydrocodone', 'Tablet', 20, 41200.3, '2026-08-11'),
(100, 'Lorazepam', 'Tablet', 45, 16800.8, '2026-12-07'),
(101, 'Alprazolam', 'Tablet', 38, 18900, '2026-04-19'),
(102, 'Clonazepam', 'Tablet', 40, 17500.2, '2026-09-22'),
(103, 'Carbamazepine', 'Tablet', 84, 9340.4, '2027-03-08'),
(104, 'Phenytoin', 'Tablet', 75, 8760.6, '2026-06-17'),
(105, 'Valproic Acid', 'Kapsul', 64, 11200.2, '2026-11-24'),
(106, 'Lamotrigine', 'Tablet', 70, 19800.8, '2026-05-03'),
(107, 'Levetiracetam', 'Tablet', 78, 21400.5, '2026-10-11'),
(108, 'Topiramate', 'Tablet', 67, 20300.3, '2026-08-04'),
(109, 'Gabapentin', 'Tablet', 92, 15600.8, '2027-01-19'),
(110, 'Pregabalin', 'Kapsul', 55, 22800, '2026-12-18'),
(111, 'Escitalopram', 'Tablet', 87, 17200.2, '2026-07-09'),
(112, 'Sertraline', 'Tablet', 90, 16500.4, '2026-11-21'),
(113, 'Fluoxetine', 'Tablet', 96, 15300.6, '2026-04-30'),
(114, 'Paroxetine', 'Tablet', 82, 16100.2, '2026-09-14'),
(115, 'Amitriptyline', 'Tablet', 89, 9870.8, '2027-02-07'),
(116, 'Imipramine', 'Tablet', 77, 10200.5, '2026-06-22'),
(117, 'Clomipramine', 'Tablet', 71, 11300.3, '2026-10-16'),
(118, 'Nortriptyline', 'Tablet', 73, 10800.8, '2026-03-12'),
(119, 'Olanzapine', 'Tablet', 59, 28400, '2026-12-28'),
(120, 'Risperidone', 'Tablet', 61, 26700.4, '2026-05-21'),
(121, 'Quetiapine', 'Tablet', 56, 29300.6, '2026-08-27'),
(122, 'Aripiprazole', 'Tablet', 51, 31200.2, '2027-01-05'),
(123, 'Ziprasidone', 'Kapsul', 43, 27500.8, '2026-11-03'),
(124, 'Obat 124', 'Kapsul', 69, 8200, '2030-05-09'),
(125, 'Obat 125', 'Salep', 76, 8250, '2026-06-12'),
(126, 'Obat 126', 'Tablet', 83, 8300, '2027-07-15'),
(127, 'Obat 127', 'Sirup', 90, 8350, '2028-08-18'),
(128, 'Obat 128', 'Injeksi', 97, 8400, '2029-09-21'),
(129, 'Obat 129', 'Kapsul', 104, 8450, '2030-10-24'),
(130, 'Obat 130', 'Salep', 111, 8500, '2026-11-27'),
(131, 'Obat 131', 'Tablet', 118, 8550, '2027-12-02'),
(132, 'Obat 132', 'Sirup', 125, 8600, '2028-01-05'),
(133, 'Obat 133', 'Injeksi', 132, 8650, '2029-02-08'),
(134, 'Obat 134', 'Kapsul', 139, 8700, '2030-03-11'),
(135, 'Obat 135', 'Salep', 146, 8750, '2026-04-14'),
(136, 'Obat 136', 'Tablet', 153, 8800, '2027-05-17'),
(137, 'Obat 137', 'Sirup', 160, 8850, '2028-06-20'),
(138, 'Obat 138', 'Injeksi', 167, 8900, '2029-07-23'),
(139, 'Obat 139', 'Kapsul', 174, 8950, '2030-08-26'),
(140, 'Obat 140', 'Salep', 181, 9000, '2026-09-01'),
(141, 'Obat 141', 'Tablet', 188, 9050, '2027-10-04'),
(142, 'Obat 142', 'Sirup', 195, 9100, '2028-11-07'),
(143, 'Obat 143', 'Injeksi', 2, 9150, '2029-12-10'),
(144, 'Obat 144', 'Kapsul', 9, 9200, '2030-01-13'),
(145, 'Obat 145', 'Salep', 16, 9250, '2026-02-16'),
(146, 'Obat 146', 'Tablet', 23, 9300, '2027-03-19'),
(147, 'Obat 147', 'Sirup', 30, 9350, '2028-04-22'),
(148, 'Obat 148', 'Injeksi', 37, 9400, '2029-05-25'),
(149, 'Obat 149', 'Kapsul', 44, 9450, '2030-06-28'),
(150, 'Obat 150', 'Salep', 51, 9500, '2026-07-03'),
(151, 'Obat 151', 'Tablet', 58, 9550, '2027-08-06'),
(152, 'Obat 152', 'Sirup', 65, 9600, '2028-09-09'),
(153, 'Obat 153', 'Injeksi', 72, 9650, '2029-10-12'),
(154, 'Obat 154', 'Kapsul', 79, 9700, '2030-11-15'),
(155, 'Obat 155', 'Salep', 86, 9750, '2026-12-18'),
(156, 'Obat 156', 'Tablet', 92, 9800, '2027-01-21'),
(157, 'Obat 157', 'Sirup', 100, 9850, '2028-02-24'),
(158, 'Obat 158', 'Injeksi', 107, 9900, '2029-03-27'),
(159, 'Obat 159', 'Kapsul', 114, 9950, '2030-04-02'),
(160, 'Obat 160', 'Salep', 121, 10000, '2026-05-05'),
(161, 'Obat 161', 'Tablet', 128, 10050, '2027-06-08'),
(162, 'Obat 162', 'Sirup', 135, 10100, '2028-07-11'),
(163, 'Obat 163', 'Injeksi', 142, 10150, '2029-08-14'),
(164, 'Obat 164', 'Kapsul', 149, 10200, '2030-09-17'),
(165, 'Obat 165', 'Salep', 156, 10250, '2026-10-20'),
(166, 'Obat 166', 'Tablet', 163, 10300, '2027-11-23'),
(167, 'Obat 167', 'Sirup', 170, 10350, '2028-12-26'),
(168, 'Obat 168', 'Injeksi', 177, 10400, '2029-01-01'),
(169, 'Obat 169', 'Kapsul', 184, 10450, '2030-02-04'),
(170, 'Obat 170', 'Salep', 191, 10500, '2026-03-07'),
(171, 'Obat 171', 'Tablet', 198, 10550, '2027-04-10'),
(172, 'Obat 172', 'Sirup', 5, 10600, '2028-05-13'),
(173, 'Obat 173', 'Injeksi', 12, 10650, '2029-06-16'),
(174, 'Obat 174', 'Kapsul', 19, 10700, '2030-07-19'),
(175, 'Obat 175', 'Salep', 26, 10750, '2026-08-22'),
(176, 'Obat 176', 'Tablet', 33, 10800, '2027-09-25'),
(177, 'Obat 177', 'Sirup', 40, 10850, '2028-10-28'),
(178, 'Obat 178', 'Injeksi', 47, 10900, '2029-11-03'),
(179, 'Obat 179', 'Kapsul', 54, 10950, '2030-12-06'),
(180, 'Obat 180', 'Salep', 61, 11000, '2026-01-09'),
(181, 'Obat 181', 'Tablet', 68, 11050, '2027-02-12'),
(182, 'Obat 182', 'Sirup', 75, 11100, '2028-03-15'),
(183, 'Obat 183', 'Injeksi', 82, 11150, '2029-04-18'),
(184, 'Obat 184', 'Kapsul', 89, 11200, '2030-05-21'),
(185, 'Obat 185', 'Salep', 96, 11250, '2026-06-24'),
(186, 'Obat 186', 'Tablet', 103, 11300, '2027-07-27'),
(187, 'Obat 187', 'Sirup', 110, 11350, '2028-08-02'),
(188, 'Obat 188', 'Injeksi', 117, 11400, '2029-09-05'),
(189, 'Obat 189', 'Kapsul', 124, 11450, '2030-10-08'),
(190, 'Obat 190', 'Salep', 131, 11500, '2026-11-11'),
(191, 'Obat 191', 'Tablet', 138, 11550, '2027-12-14'),
(192, 'Obat 192', 'Sirup', 145, 11600, '2028-01-17'),
(193, 'Obat 193', 'Injeksi', 152, 11650, '2029-02-20'),
(194, 'Obat 194', 'Kapsul', 159, 11700, '2030-03-23'),
(195, 'Obat 195', 'Salep', 166, 11750, '2026-04-26'),
(196, 'Obat 196', 'Tablet', 173, 11800, '2027-05-01'),
(197, 'Obat 197', 'Sirup', 178, 11850, '2028-06-04'),
(198, 'Obat 198', 'Injeksi', 187, 11900, '2029-07-07'),
(199, 'Obat 199', 'Kapsul', 194, 11950, '2030-08-10'),
(200, 'Obat 200', 'Salep', 1, 12000, '2026-09-13'),
(201, 'Obat 201', 'Tablet', 8, 12050, '2027-10-16'),
(202, 'Obat 202', 'Sirup', 15, 12100, '2028-11-19'),
(203, 'Obat 203', 'Injeksi', 22, 12150, '2029-12-22'),
(204, 'Obat 204', 'Kapsul', 29, 12200, '2030-01-25'),
(205, 'Obat 205', 'Salep', 36, 12250, '2026-02-28'),
(206, 'Obat 206', 'Tablet', 40, 12300, '2027-03-03'),
(207, 'Obat 207', 'Sirup', 50, 12350, '2028-04-06'),
(208, 'Obat 208', 'Injeksi', 57, 12400, '2029-05-09'),
(209, 'Obat 209', 'Kapsul', 64, 12450, '2030-06-12'),
(210, 'Obat 210', 'Salep', 71, 12500, '2026-07-15'),
(211, 'Obat 211', 'Tablet', 78, 12550, '2027-08-18'),
(212, 'Obat 212', 'Sirup', 84, 12600, '2028-09-21'),
(213, 'Obat 213', 'Injeksi', 92, 12650, '2029-10-24'),
(214, 'Obat 214', 'Kapsul', 99, 12700, '2030-11-27'),
(215, 'Obat 215', 'Salep', 103, 12750, '2026-12-02'),
(216, 'Obat 216', 'Tablet', 113, 12800, '2027-01-05'),
(217, 'Obat 217', 'Sirup', 120, 12850, '2028-02-08'),
(218, 'Obat 218', 'Injeksi', 127, 12900, '2029-03-11'),
(219, 'Obat 219', 'Kapsul', 134, 12950, '2030-04-14'),
(220, 'Obat 220', 'Salep', 141, 13000, '2026-05-17'),
(221, 'Obat 221', 'Tablet', 148, 13050, '2027-06-20'),
(222, 'Obat 222', 'Sirup', 155, 13100, '2028-07-23'),
(223, 'Obat 223', 'Injeksi', 162, 13150, '2029-08-26'),
(224, 'Obat 224', 'Kapsul', 169, 13200, '2030-09-01'),
(225, 'Obat 225', 'Salep', 176, 13250, '2026-10-04'),
(226, 'Obat 226', 'Tablet', 183, 13300, '2027-11-07'),
(227, 'Obat 227', 'Sirup', 190, 13350, '2028-12-10'),
(228, 'Obat 228', 'Injeksi', 197, 13400, '2029-01-13'),
(229, 'Obat 229', 'Kapsul', 4, 13450, '2030-02-16'),
(230, 'Obat 230', 'Salep', 11, 13500, '2026-03-19'),
(231, 'Obat 231', 'Tablet', 18, 13550, '2027-04-22'),
(232, 'Obat 232', 'Sirup', 25, 13600, '2028-05-25'),
(233, 'Obat 233', 'Injeksi', 32, 13650, '2029-06-28'),
(234, 'Obat 234', 'Kapsul', 39, 13700, '2030-07-03'),
(235, 'Obat 235', 'Salep', 46, 13750, '2026-08-06'),
(236, 'Obat 236', 'Tablet', 53, 13800, '2027-09-09'),
(237, 'Obat 237', 'Sirup', 60, 13850, '2028-10-12'),
(238, 'Obat 238', 'Injeksi', 67, 13900, '2029-11-15'),
(239, 'Obat 239', 'Kapsul', 74, 13950, '2030-12-18'),
(240, 'Obat 240', 'Salep', 81, 14000, '2026-01-21'),
(241, 'Obat 241', 'Tablet', 88, 14050, '2027-02-24'),
(242, 'Obat 242', 'Sirup', 95, 14100, '2028-03-27'),
(243, 'Obat 243', 'Injeksi', 102, 14150, '2029-04-02'),
(244, 'Obat 244', 'Kapsul', 109, 14200, '2030-05-05'),
(245, 'Obat 245', 'Salep', 116, 14250, '2026-06-08'),
(246, 'Obat 246', 'Tablet', 123, 14300, '2027-07-11'),
(247, 'Obat 247', 'Sirup', 130, 14350, '2028-08-14'),
(248, 'Obat 248', 'Injeksi', 137, 14400, '2029-09-17'),
(249, 'Obat 249', 'Kapsul', 144, 14450, '2030-10-20'),
(250, 'Obat 250', 'Salep', 151, 14500, '2026-11-23'),
(251, 'Obat 251', 'Tablet', 158, 14550, '2027-12-26'),
(252, 'Obat 252', 'Sirup', 165, 14600, '2028-01-01'),
(253, 'Obat 253', 'Injeksi', 172, 14650, '2029-02-04'),
(254, 'Obat 254', 'Kapsul', 179, 14700, '2030-03-07'),
(255, 'Obat 255', 'Salep', 186, 14750, '2026-04-10'),
(256, 'Obat 256', 'Tablet', 193, 14800, '2027-05-13'),
(257, 'Obat 257', 'Sirup', 200, 14850, '2028-06-16'),
(258, 'Obat 258', 'Injeksi', 7, 14900, '2029-07-19'),
(259, 'Obat 259', 'Kapsul', 14, 14950, '2030-08-22'),
(260, 'Obat 260', 'Salep', 21, 15000, '2026-09-25'),
(261, 'Obat 261', 'Tablet', 28, 15050, '2027-10-28'),
(262, 'Obat 262', 'Sirup', 35, 15100, '2028-11-03'),
(263, 'Obat 263', 'Injeksi', 41, 15150, '2029-12-06'),
(264, 'Obat 264', 'Kapsul', 49, 15200, '2030-01-09'),
(265, 'Obat 265', 'Salep', 53, 15250, '2026-02-12'),
(266, 'Obat 266', 'Tablet', 63, 15300, '2027-03-15'),
(267, 'Obat 267', 'Sirup', 70, 15350, '2028-04-18'),
(268, 'Obat 268', 'Injeksi', 77, 15400, '2029-05-21'),
(269, 'Obat 269', 'Kapsul', 84, 15450, '2030-06-24'),
(270, 'Obat 270', 'Salep', 91, 15500, '2026-07-27'),
(271, 'Obat 271', 'Tablet', 98, 15550, '2027-08-02'),
(272, 'Obat 272', 'Sirup', 105, 15600, '2028-09-05'),
(273, 'Obat 273', 'Injeksi', 112, 15650, '2029-10-08'),
(274, 'Obat 274', 'Kapsul', 119, 15700, '2030-11-11'),
(275, 'Obat 275', 'Salep', 126, 15750, '2026-12-14'),
(276, 'Obat 276', 'Tablet', 133, 15800, '2027-01-17'),
(277, 'Obat 277', 'Sirup', 140, 15850, '2028-02-20'),
(278, 'Obat 278', 'Injeksi', 147, 15900, '2029-03-23'),
(279, 'Obat 279', 'Kapsul', 154, 15950, '2030-04-26'),
(280, 'Obat 280', 'Salep', 161, 16000, '2026-05-01'),
(281, 'Obat 281', 'Tablet', 168, 16050, '2027-06-04'),
(282, 'Obat 282', 'Sirup', 175, 16100, '2028-07-07'),
(283, 'Obat 283', 'Injeksi', 182, 16150, '2029-08-10'),
(284, 'Obat 284', 'Kapsul', 189, 16200, '2030-09-13'),
(285, 'Obat 285', 'Salep', 196, 16250, '2026-10-16'),
(286, 'Obat 286', 'Tablet', 3, 16300, '2027-11-19'),
(287, 'Obat 287', 'Sirup', 10, 16350, '2028-12-22'),
(288, 'Obat 288', 'Injeksi', 17, 16400, '2029-01-25'),
(289, 'Obat 289', 'Kapsul', 24, 16450, '2030-02-28'),
(290, 'Obat 290', 'Salep', 31, 16500, '2026-03-03'),
(291, 'Obat 291', 'Tablet', 38, 16550, '2027-04-06'),
(292, 'Obat 292', 'Sirup', 45, 16600, '2028-05-09'),
(293, 'Obat 293', 'Injeksi', 52, 16650, '2029-06-12'),
(294, 'Obat 294', 'Kapsul', 59, 16700, '2030-07-15'),
(295, 'Obat 295', 'Salep', 66, 16750, '2026-08-18'),
(296, 'Obat 296', 'Tablet', 73, 16800, '2027-09-21'),
(297, 'Obat 297', 'Sirup', 80, 16850, '2028-10-24'),
(298, 'Obat 298', 'Injeksi', 87, 16900, '2029-11-27'),
(299, 'Obat 299', 'Kapsul', 94, 16950, '2030-12-02'),
(300, 'Obat 300', 'Salep', 101, 2000, '2026-01-05'),
(301, 'Obat 301', 'Tablet', 108, 2050, '2027-02-08'),
(302, 'Obat 302', 'Sirup', 115, 2100, '2028-03-11'),
(303, 'Obat 303', 'Injeksi', 122, 2150, '2029-04-14'),
(304, 'Obat 304', 'Kapsul', 129, 2200, '2030-05-17'),
(305, 'Obat 305', 'Salep', 136, 2250, '2026-06-20'),
(306, 'Obat 306', 'Tablet', 143, 2300, '2027-07-23'),
(307, 'Obat 307', 'Sirup', 150, 2350, '2028-08-26'),
(308, 'Obat 308', 'Injeksi', 157, 2400, '2029-09-01'),
(309, 'Obat 309', 'Kapsul', 164, 2450, '2030-10-04'),
(310, 'Obat 310', 'Salep', 171, 2500, '2026-11-07'),
(311, 'Obat 311', 'Tablet', 178, 2550, '2027-12-10'),
(312, 'Obat 312', 'Sirup', 185, 2600, '2028-01-13'),
(313, 'Obat 313', 'Injeksi', 192, 2650, '2029-02-16'),
(314, 'Obat 314', 'Kapsul', 198, 2700, '2030-03-19'),
(315, 'Obat 315', 'Salep', 6, 2750, '2026-04-22'),
(316, 'Obat 316', 'Tablet', 13, 2800, '2027-05-25'),
(317, 'Obat 317', 'Sirup', 20, 2850, '2028-06-28'),
(318, 'Obat 318', 'Injeksi', 27, 2900, '2029-07-03'),
(319, 'Obat 319', 'Kapsul', 34, 2950, '2030-08-06'),
(320, 'Obat 320', 'Salep', 41, 3000, '2026-09-09'),
(321, 'Obat 321', 'Tablet', 48, 3050, '2027-10-12'),
(322, 'Obat 322', 'Sirup', 55, 3100, '2028-11-15'),
(323, 'Obat 323', 'Injeksi', 62, 3150, '2029-12-18'),
(324, 'Obat 324', 'Kapsul', 69, 3200, '2030-01-21'),
(325, 'Obat 325', 'Salep', 76, 3250, '2026-02-24'),
(326, 'Obat 326', 'Tablet', 83, 3300, '2027-03-27'),
(327, 'Obat 327', 'Sirup', 90, 3350, '2028-04-02'),
(328, 'Obat 328', 'Injeksi', 97, 3400, '2029-05-05'),
(329, 'Obat 329', 'Kapsul', 104, 3450, '2030-06-08'),
(330, 'Obat 330', 'Salep', 111, 3500, '2026-07-11'),
(331, 'Obat 331', 'Tablet', 118, 3550, '2027-08-14'),
(332, 'Obat 332', 'Sirup', 125, 3600, '2028-09-17'),
(333, 'Obat 333', 'Injeksi', 132, 3650, '2029-10-20'),
(334, 'Obat 334', 'Kapsul', 139, 3700, '2030-11-23'),
(335, 'Obat 335', 'Salep', 146, 3750, '2026-12-26'),
(336, 'Obat 336', 'Tablet', 153, 3800, '2027-01-01'),
(337, 'Obat 337', 'Sirup', 160, 3850, '2028-02-04'),
(338, 'Obat 338', 'Injeksi', 167, 3900, '2029-03-07'),
(339, 'Obat 339', 'Kapsul', 174, 3950, '2030-04-10'),
(340, 'Obat 340', 'Salep', 181, 4000, '2026-05-13'),
(341, 'Obat 341', 'Tablet', 188, 4050, '2027-06-16'),
(342, 'Obat 342', 'Sirup', 195, 4100, '2028-07-19'),
(343, 'Obat 343', 'Injeksi', 2, 4150, '2029-08-22'),
(344, 'Obat 344', 'Kapsul', 9, 4200, '2030-09-25'),
(345, 'Obat 345', 'Salep', 16, 4250, '2026-10-28'),
(346, 'Obat 346', 'Tablet', 23, 4300, '2027-11-03'),
(347, 'Obat 347', 'Sirup', 30, 4350, '2028-12-06'),
(348, 'Obat 348', 'Injeksi', 37, 4400, '2029-01-09'),
(349, 'Obat 349', 'Kapsul', 44, 4450, '2030-02-12'),
(350, 'Obat 350', 'Salep', 51, 4500, '2026-03-15'),
(351, 'Obat 351', 'Tablet', 58, 4550, '2027-04-18'),
(352, 'Obat 352', 'Sirup', 65, 4600, '2028-05-21'),
(353, 'Obat 353', 'Injeksi', 72, 4650, '2029-06-24'),
(354, 'Obat 354', 'Kapsul', 77, 4700, '2030-07-27'),
(355, 'Obat 355', 'Salep', 86, 4750, '2026-08-02'),
(356, 'Obat 356', 'Tablet', 93, 4800, '2027-09-05'),
(357, 'Obat 357', 'Sirup', 100, 4850, '2028-10-08'),
(358, 'Obat 358', 'Injeksi', 107, 4900, '2029-11-11'),
(359, 'Obat 359', 'Kapsul', 114, 4950, '2030-12-14'),
(360, 'Obat 360', 'Salep', 121, 5000, '2026-01-17'),
(361, 'Obat 361', 'Tablet', 128, 5050, '2027-02-20'),
(362, 'Obat 362', 'Sirup', 135, 5100, '2028-03-23'),
(363, 'Obat 363', 'Injeksi', 142, 5150, '2029-04-26'),
(364, 'Obat 364', 'Kapsul', 149, 5200, '2030-05-01'),
(365, 'Obat 365', 'Salep', 156, 5250, '2026-06-04'),
(366, 'Obat 366', 'Tablet', 160, 5300, '2027-07-07'),
(367, 'Obat 367', 'Sirup', 170, 5350, '2028-08-10'),
(368, 'Obat 368', 'Injeksi', 177, 5400, '2029-09-13'),
(369, 'Obat 369', 'Kapsul', 184, 5450, '2030-10-16'),
(370, 'Obat 370', 'Salep', 191, 5500, '2026-11-19'),
(371, 'Obat 371', 'Tablet', 198, 5550, '2027-12-22'),
(372, 'Obat 372', 'Sirup', 5, 5600, '2028-01-25'),
(373, 'Obat 373', 'Injeksi', 12, 5650, '2029-02-28'),
(374, 'Obat 374', 'Kapsul', 19, 5700, '2030-03-03'),
(375, 'Obat 375', 'Salep', 26, 5750, '2026-04-06'),
(376, 'Obat 376', 'Tablet', 33, 5800, '2027-05-09'),
(377, 'Obat 377', 'Sirup', 40, 5850, '2028-06-12'),
(378, 'Obat 378', 'Injeksi', 47, 5900, '2029-07-15'),
(379, 'Obat 379', 'Kapsul', 54, 5950, '2030-08-18'),
(380, 'Obat 380', 'Salep', 61, 6000, '2026-09-21'),
(381, 'Obat 381', 'Tablet', 68, 6050, '2027-10-24'),
(382, 'Obat 382', 'Sirup', 75, 6100, '2028-11-27'),
(383, 'Obat 383', 'Injeksi', 82, 6150, '2029-12-02'),
(384, 'Obat 384', 'Kapsul', 89, 6200, '2030-01-05'),
(385, 'Obat 385', 'Salep', 96, 6250, '2026-02-08'),
(386, 'Obat 386', 'Tablet', 103, 6300, '2027-03-11'),
(387, 'Obat 387', 'Sirup', 110, 6350, '2028-04-14'),
(388, 'Obat 388', 'Injeksi', 117, 6400, '2029-05-17'),
(389, 'Obat 389', 'Kapsul', 122, 6450, '2030-06-20'),
(390, 'Obat 390', 'Salep', 131, 6500, '2026-07-23'),
(391, 'Obat 391', 'Tablet', 138, 6550, '2027-08-26'),
(392, 'Obat 392', 'Sirup', 145, 6600, '2028-09-01'),
(393, 'Obat 393', 'Injeksi', 152, 6650, '2029-10-04'),
(394, 'Obat 394', 'Kapsul', 159, 6700, '2030-11-07'),
(395, 'Obat 395', 'Salep', 166, 6750, '2026-12-10'),
(396, 'Obat 396', 'Tablet', 173, 6800, '2027-01-13'),
(397, 'Obat 397', 'Sirup', 180, 6850, '2028-02-16'),
(398, 'Obat 398', 'Injeksi', 187, 6900, '2029-03-19'),
(399, 'Obat 399', 'Kapsul', 194, 6950, '2030-04-22'),
(400, 'Obat 400', 'Salep', 1, 7000, '2026-05-25'),
(401, 'Obat 401', 'Tablet', 6, 7050, '2027-06-28'),
(402, 'Obat 402', 'Sirup', 15, 7100, '2028-07-03'),
(403, 'Obat 403', 'Injeksi', 22, 7150, '2029-08-06'),
(404, 'Obat 404', 'Kapsul', 29, 7200, '2030-09-09'),
(405, 'Obat 405', 'Salep', 36, 7250, '2026-10-12'),
(406, 'Obat 406', 'Tablet', 43, 7300, '2027-11-15'),
(407, 'Obat 407', 'Sirup', 50, 7350, '2028-12-18'),
(408, 'Obat 408', 'Injeksi', 56, 7400, '2029-01-21'),
(409, 'Obat 409', 'Kapsul', 64, 7450, '2030-02-24'),
(410, 'Obat 410', 'Salep', 71, 7500, '2026-03-27'),
(411, 'Obat 411', 'Tablet', 78, 7550, '2027-04-02'),
(412, 'Obat 412', 'Sirup', 85, 7600, '2028-05-05'),
(413, 'Obat 413', 'Injeksi', 92, 7650, '2029-06-08'),
(414, 'Obat 414', 'Kapsul', 99, 7700, '2030-07-11'),
(415, 'Obat 415', 'Salep', 106, 7750, '2026-08-14'),
(416, 'Obat 416', 'Tablet', 113, 7800, '2027-09-17'),
(417, 'Obat 417', 'Sirup', 120, 7850, '2028-10-20'),
(418, 'Obat 418', 'Injeksi', 127, 7900, '2029-11-23'),
(419, 'Obat 419', 'Kapsul', 134, 7950, '2030-12-26'),
(420, 'Obat 420', 'Salep', 141, 8000, '2026-01-01'),
(421, 'Obat 421', 'Tablet', 148, 8050, '2027-02-04'),
(422, 'Obat 422', 'Sirup', 155, 8100, '2028-03-07'),
(423, 'Obat 423', 'Injeksi', 162, 8150, '2029-04-10'),
(424, 'Obat 424', 'Kapsul', 169, 8200, '2030-05-13'),
(425, 'Obat 425', 'Salep', 176, 8250, '2026-06-16'),
(426, 'Obat 426', 'Tablet', 183, 8300, '2027-07-19'),
(427, 'Obat 427', 'Sirup', 190, 8350, '2028-08-22'),
(428, 'Obat 428', 'Injeksi', 197, 8400, '2029-09-25'),
(429, 'Obat 429', 'Kapsul', 4, 8450, '2030-10-28'),
(430, 'Obat 430', 'Salep', 11, 8500, '2026-11-03'),
(431, 'Obat 431', 'Tablet', 18, 8550, '2027-12-06'),
(432, 'Obat 432', 'Sirup', 25, 8600, '2028-01-09'),
(433, 'Obat 433', 'Injeksi', 32, 8650, '2029-02-12'),
(434, 'Obat 434', 'Kapsul', 39, 8700, '2030-03-15'),
(435, 'Obat 435', 'Salep', 46, 8750, '2026-04-18'),
(436, 'Obat 436', 'Tablet', 53, 8800, '2027-05-21'),
(437, 'Obat 437', 'Sirup', 60, 8850, '2028-06-24'),
(438, 'Obat 438', 'Injeksi', 67, 8900, '2029-07-27'),
(439, 'Obat 439', 'Kapsul', 74, 8950, '2030-08-02'),
(440, 'Obat 440', 'Salep', 81, 9000, '2026-09-05'),
(441, 'Obat 441', 'Tablet', 88, 9050, '2027-10-08'),
(442, 'Obat 442', 'Sirup', 95, 9100, '2028-11-11'),
(443, 'Obat 443', 'Injeksi', 102, 9150, '2029-12-14'),
(444, 'Obat 444', 'Kapsul', 109, 9200, '2030-01-17'),
(445, 'Obat 445', 'Salep', 116, 9250, '2026-02-20'),
(446, 'Obat 446', 'Tablet', 123, 9300, '2027-03-23'),
(447, 'Obat 447', 'Sirup', 130, 9350, '2028-04-26'),
(448, 'Obat 448', 'Injeksi', 137, 9400, '2029-05-01'),
(449, 'Obat 449', 'Kapsul', 144, 9450, '2030-06-04'),
(450, 'Obat 450', 'Salep', 151, 9500, '2026-07-07'),
(451, 'Obat 451', 'Tablet', 158, 9550, '2027-08-10'),
(452, 'Obat 452', 'Sirup', 165, 9600, '2028-09-13'),
(453, 'Obat 453', 'Injeksi', 172, 9650, '2029-10-16'),
(454, 'Obat 454', 'Kapsul', 179, 9700, '2030-11-19'),
(455, 'Obat 455', 'Salep', 186, 9750, '2026-12-22'),
(456, 'Obat 456', 'Tablet', 193, 9800, '2027-01-25'),
(457, 'Obat 457', 'Sirup', 200, 9850, '2028-02-28'),
(458, 'Obat 458', 'Injeksi', 7, 9900, '2029-03-03'),
(459, 'Obat 459', 'Kapsul', 14, 9950, '2030-04-06'),
(460, 'Obat 460', 'Salep', 21, 10000, '2026-05-09'),
(461, 'Obat 461', 'Tablet', 28, 10050, '2027-06-12'),
(462, 'Obat 462', 'Sirup', 35, 10100, '2028-07-15'),
(463, 'Obat 463', 'Injeksi', 42, 10150, '2029-08-18'),
(464, 'Obat 464', 'Kapsul', 49, 10200, '2030-09-21'),
(465, 'Obat 465', 'Salep', 56, 10250, '2026-10-24'),
(466, 'Obat 466', 'Tablet', 60, 10300, '2027-11-27'),
(467, 'Obat 467', 'Sirup', 70, 10350, '2028-12-02'),
(468, 'Obat 468', 'Injeksi', 77, 10400, '2029-01-05'),
(469, 'Obat 469', 'Kapsul', 84, 10450, '2030-02-08'),
(470, 'Obat 470', 'Salep', 91, 10500, '2026-03-11'),
(471, 'Obat 471', 'Tablet', 98, 10550, '2027-04-14'),
(472, 'Obat 472', 'Sirup', 105, 10600, '2028-05-17'),
(473, 'Obat 473', 'Injeksi', 112, 10650, '2029-06-20'),
(474, 'Obat 474', 'Kapsul', 119, 10700, '2030-07-23'),
(475, 'Obat 475', 'Salep', 126, 10750, '2026-08-26'),
(476, 'Obat 476', 'Tablet', 133, 10800, '2027-09-01'),
(477, 'Obat 477', 'Sirup', 140, 10850, '2028-10-04'),
(478, 'Obat 478', 'Injeksi', 147, 10900, '2029-11-07'),
(479, 'Obat 479', 'Kapsul', 154, 10950, '2030-12-10'),
(480, 'Obat 480', 'Salep', 158, 11000, '2026-01-13'),
(481, 'Obat 481', 'Tablet', 168, 11050, '2027-02-16'),
(482, 'Obat 482', 'Sirup', 175, 11100, '2028-03-19'),
(483, 'Obat 483', 'Injeksi', 182, 11150, '2029-04-22'),
(484, 'Obat 484', 'Kapsul', 189, 11200, '2030-05-25'),
(485, 'Obat 485', 'Salep', 196, 11250, '2026-06-28'),
(486, 'Obat 486', 'Tablet', 3, 11300, '2027-07-03'),
(487, 'Obat 487', 'Sirup', 10, 11350, '2028-08-06'),
(488, 'Obat 488', 'Injeksi', 17, 11400, '2029-09-09'),
(489, 'Obat 489', 'Kapsul', 24, 11450, '2030-10-12'),
(490, 'Obat 490', 'Salep', 31, 11500, '2026-11-15'),
(491, 'Obat 491', 'Tablet', 38, 11550, '2027-12-18'),
(492, 'Obat 492', 'Sirup', 45, 11600, '2028-01-21'),
(493, 'Obat 493', 'Injeksi', 52, 11650, '2029-02-24'),
(494, 'Obat 494', 'Kapsul', 59, 11700, '2030-03-27'),
(495, 'Obat 495', 'Salep', 66, 11750, '2026-04-02'),
(496, 'Obat 496', 'Tablet', 73, 11800, '2027-05-05'),
(497, 'Obat 497', 'Sirup', 80, 11850, '2028-06-08'),
(498, 'Obat 498', 'Injeksi', 87, 11900, '2029-07-11'),
(499, 'Obat 499', 'Kapsul', 92, 11950, '2030-08-14'),
(500, 'Obat 500', 'Salep', 101, 12000, '2026-09-17'),
(501, 'Obat 501', 'Tablet', 108, 12050, '2027-10-20'),
(502, 'Obat 502', 'Sirup', 115, 12100, '2028-11-23'),
(503, 'Obat 503', 'Injeksi', 122, 12150, '2029-12-26'),
(504, 'Obat 504', 'Kapsul', 129, 12200, '2030-01-01'),
(505, 'Obat 505', 'Salep', 136, 12250, '2026-02-04'),
(506, 'Obat 506', 'Tablet', 143, 12300, '2027-03-07'),
(507, 'Obat 507', 'Sirup', 150, 12350, '2028-04-10'),
(508, 'Obat 508', 'Injeksi', 157, 12400, '2029-05-13'),
(509, 'Obat 509', 'Kapsul', 164, 12450, '2030-06-16'),
(510, 'Obat 510', 'Salep', 171, 12500, '2026-07-19'),
(511, 'Obat 511', 'Tablet', 178, 12550, '2027-08-22'),
(512, 'Obat 512', 'Sirup', 185, 12600, '2028-09-25'),
(513, 'Obat 513', 'Injeksi', 192, 12650, '2029-10-28'),
(514, 'Obat 514', 'Kapsul', 199, 12700, '2030-11-03'),
(515, 'Obat 515', 'Salep', 6, 12750, '2026-12-06'),
(516, 'Obat 516', 'Tablet', 13, 12800, '2027-01-09'),
(517, 'Obat 517', 'Sirup', 20, 12850, '2028-02-12'),
(518, 'Obat 518', 'Injeksi', 27, 12900, '2029-03-15'),
(519, 'Obat 519', 'Kapsul', 34, 12950, '2030-04-18'),
(520, 'Obat 520', 'Salep', 41, 13000, '2026-05-21'),
(521, 'Obat 521', 'Tablet', 48, 13050, '2027-06-24'),
(522, 'Obat 522', 'Sirup', 55, 13100, '2028-07-27'),
(523, 'Obat 523', 'Injeksi', 62, 13150, '2029-08-02'),
(524, 'Obat 524', 'Kapsul', 69, 13200, '2030-09-05'),
(525, 'Obat 525', 'Salep', 76, 13250, '2026-10-08'),
(526, 'Obat 526', 'Tablet', 83, 13300, '2027-11-11'),
(527, 'Obat 527', 'Sirup', 88, 13350, '2028-12-14'),
(528, 'Obat 528', 'Injeksi', 97, 13400, '2029-01-17'),
(529, 'Obat 529', 'Kapsul', 104, 13450, '2030-02-20'),
(530, 'Obat 530', 'Salep', 111, 13500, '2026-03-23'),
(531, 'Obat 531', 'Tablet', 118, 13550, '2027-04-26'),
(532, 'Obat 532', 'Sirup', 125, 13600, '2028-05-01'),
(533, 'Obat 533', 'Injeksi', 132, 13650, '2029-06-04'),
(534, 'Obat 534', 'Kapsul', 139, 13700, '2030-07-07'),
(535, 'Obat 535', 'Salep', 146, 13750, '2026-08-10'),
(536, 'Obat 536', 'Tablet', 153, 13800, '2027-09-13'),
(537, 'Obat 537', 'Sirup', 160, 13850, '2028-10-16'),
(538, 'Obat 538', 'Injeksi', 167, 13900, '2029-11-19'),
(539, 'Obat 539', 'Kapsul', 174, 13950, '2030-12-22'),
(540, 'Obat 540', 'Salep', 181, 14000, '2026-01-25'),
(541, 'Obat 541', 'Tablet', 188, 14050, '2027-02-28'),
(542, 'Obat 542', 'Sirup', 195, 14100, '2028-03-03'),
(543, 'Obat 543', 'Injeksi', 2, 14150, '2029-04-06'),
(544, 'Obat 544', 'Kapsul', 9, 14200, '2030-05-09'),
(545, 'Obat 545', 'Salep', 16, 14250, '2026-06-12'),
(546, 'Obat 546', 'Tablet', 23, 14300, '2027-07-15'),
(547, 'Obat 547', 'Sirup', 30, 14350, '2028-08-18'),
(548, 'Obat 548', 'Injeksi', 37, 14400, '2029-09-21'),
(549, 'Obat 549', 'Kapsul', 44, 14450, '2030-10-24'),
(550, 'Obat 550', 'Salep', 51, 14500, '2026-11-27'),
(551, 'Obat 551', 'Tablet', 58, 14550, '2027-12-02'),
(552, 'Obat 552', 'Sirup', 65, 14600, '2028-01-05'),
(553, 'Obat 553', 'Injeksi', 72, 14650, '2029-02-08'),
(554, 'Obat 554', 'Kapsul', 79, 14700, '2030-03-11'),
(555, 'Obat 555', 'Salep', 86, 14750, '2026-04-14'),
(556, 'Obat 556', 'Tablet', 93, 14800, '2027-05-17'),
(557, 'Obat 557', 'Sirup', 100, 14850, '2028-06-20'),
(558, 'Obat 558', 'Injeksi', 107, 14900, '2029-07-23'),
(559, 'Obat 559', 'Kapsul', 114, 14950, '2030-08-26'),
(560, 'Obat 560', 'Salep', 121, 15000, '2026-09-01'),
(561, 'Obat 561', 'Tablet', 128, 15050, '2027-10-04'),
(562, 'Obat 562', 'Sirup', 135, 15100, '2028-11-07'),
(563, 'Obat 563', 'Injeksi', 142, 15150, '2029-12-10'),
(564, 'Obat 564', 'Kapsul', 149, 15200, '2030-01-13'),
(565, 'Obat 565', 'Salep', 156, 15250, '2026-02-16'),
(566, 'Obat 566', 'Tablet', 163, 15300, '2027-03-19'),
(567, 'Obat 567', 'Sirup', 170, 15350, '2028-04-22'),
(568, 'Obat 568', 'Injeksi', 177, 15400, '2029-05-25'),
(569, 'Obat 569', 'Kapsul', 184, 15450, '2030-06-28'),
(570, 'Obat 570', 'Salep', 191, 15500, '2026-07-03'),
(571, 'Obat 571', 'Tablet', 198, 15550, '2027-08-06'),
(572, 'Obat 572', 'Sirup', 5, 15600, '2028-09-09'),
(573, 'Obat 573', 'Injeksi', 11, 15650, '2029-10-12'),
(574, 'Obat 574', 'Kapsul', 19, 15700, '2030-11-15'),
(575, 'Obat 575', 'Salep', 26, 15750, '2026-12-18'),
(576, 'Obat 576', 'Tablet', 33, 15800, '2027-01-21'),
(577, 'Obat 577', 'Sirup', 40, 15850, '2028-02-24'),
(578, 'Obat 578', 'Injeksi', 47, 15900, '2029-03-27'),
(579, 'Obat 579', 'Kapsul', 54, 15950, '2030-04-02'),
(580, 'Obat 580', 'Salep', 61, 16000, '2026-05-05'),
(581, 'Obat 581', 'Tablet', 68, 16050, '2027-06-08'),
(582, 'Obat 582', 'Sirup', 75, 16100, '2028-07-11'),
(583, 'Obat 583', 'Injeksi', 82, 16150, '2029-08-14'),
(584, 'Obat 584', 'Kapsul', 89, 16200, '2030-09-17'),
(585, 'Obat 585', 'Salep', 96, 16250, '2026-10-20'),
(586, 'Obat 586', 'Tablet', 103, 16300, '2027-11-23'),
(587, 'Obat 587', 'Sirup', 109, 16350, '2028-12-26'),
(588, 'Obat 588', 'Injeksi', 117, 16400, '2029-01-01'),
(589, 'Obat 589', 'Kapsul', 124, 16450, '2030-02-04'),
(590, 'Obat 590', 'Salep', 131, 16500, '2026-03-07'),
(591, 'Obat 591', 'Tablet', 138, 16550, '2027-04-10'),
(592, 'Obat 592', 'Sirup', 145, 16600, '2028-05-13'),
(593, 'Obat 593', 'Injeksi', 152, 16650, '2029-06-16'),
(594, 'Obat 594', 'Kapsul', 159, 16700, '2030-07-19'),
(595, 'Obat 595', 'Salep', 166, 16750, '2026-08-22'),
(596, 'Obat 596', 'Tablet', 173, 16800, '2027-09-25'),
(597, 'Obat 597', 'Sirup', 180, 16850, '2028-10-28'),
(598, 'Obat 598', 'Injeksi', 187, 16900, '2029-11-03'),
(599, 'Obat 599', 'Kapsul', 194, 16950, '2030-12-06'),
(600, 'Obat 600', 'Salep', 1, 2000, '2026-01-09'),
(601, 'Obat 601', 'Tablet', 8, 2050, '2027-02-12'),
(602, 'Obat 602', 'Sirup', 15, 2100, '2028-03-15'),
(603, 'Obat 603', 'Injeksi', 22, 2150, '2029-04-18'),
(604, 'Obat 604', 'Kapsul', 29, 2200, '2030-05-21'),
(605, 'Obat 605', 'Salep', 36, 2250, '2026-06-24'),
(606, 'Obat 606', 'Tablet', 43, 2300, '2027-07-27'),
(607, 'Obat 607', 'Sirup', 50, 2350, '2028-08-02'),
(608, 'Obat 608', 'Injeksi', 57, 2400, '2029-09-05'),
(609, 'Obat 609', 'Kapsul', 64, 2450, '2030-10-08'),
(610, 'Obat 610', 'Salep', 71, 2500, '2026-11-11'),
(611, 'Obat 611', 'Tablet', 78, 2550, '2027-12-14'),
(612, 'Obat 612', 'Sirup', 85, 2600, '2028-01-17'),
(613, 'Obat 613', 'Injeksi', 92, 2650, '2029-02-20'),
(614, 'Obat 614', 'Kapsul', 99, 2700, '2030-03-23'),
(615, 'Obat 615', 'Salep', 106, 2750, '2026-04-26'),
(616, 'Obat 616', 'Tablet', 113, 2800, '2027-05-01'),
(617, 'Obat 617', 'Sirup', 120, 2850, '2028-06-04'),
(618, 'Obat 618', 'Injeksi', 127, 2900, '2029-07-07'),
(619, 'Obat 619', 'Kapsul', 134, 2950, '2030-08-10'),
(620, 'Obat 620', 'Salep', 141, 3000, '2026-09-13'),
(621, 'Obat 621', 'Tablet', 148, 3050, '2027-10-16'),
(622, 'Obat 622', 'Sirup', 155, 3100, '2028-11-19'),
(623, 'Obat 623', 'Injeksi', 162, 3150, '2029-12-22'),
(624, 'Obat 624', 'Kapsul', 169, 3200, '2030-01-25'),
(625, 'Obat 625', 'Salep', 176, 3250, '2026-02-28'),
(626, 'Obat 626', 'Tablet', 183, 3300, '2027-03-03'),
(627, 'Obat 627', 'Sirup', 190, 3350, '2028-04-06'),
(628, 'Obat 628', 'Injeksi', 197, 3400, '2029-05-09'),
(629, 'Obat 629', 'Kapsul', 4, 3450, '2030-06-12'),
(630, 'Obat 630', 'Salep', 11, 3500, '2026-07-15'),
(631, 'Obat 631', 'Tablet', 18, 3550, '2027-08-18'),
(632, 'Obat 632', 'Sirup', 25, 3600, '2028-09-21'),
(633, 'Obat 633', 'Injeksi', 29, 3650, '2029-10-24'),
(634, 'Obat 634', 'Kapsul', 39, 3700, '2030-11-27'),
(635, 'Obat 635', 'Salep', 46, 3750, '2026-12-02'),
(636, 'Obat 636', 'Tablet', 53, 3800, '2027-01-05'),
(637, 'Obat 637', 'Sirup', 60, 3850, '2028-02-08'),
(638, 'Obat 638', 'Injeksi', 67, 3900, '2029-03-11'),
(639, 'Obat 639', 'Kapsul', 74, 3950, '2030-04-14'),
(640, 'Obat 640', 'Salep', 78, 4000, '2026-05-17'),
(641, 'Obat 641', 'Tablet', 88, 4050, '2027-06-20'),
(642, 'Obat 642', 'Sirup', 95, 4100, '2028-07-23'),
(643, 'Obat 643', 'Injeksi', 102, 4150, '2029-08-26'),
(644, 'Obat 644', 'Kapsul', 109, 4200, '2030-09-01'),
(645, 'Obat 645', 'Salep', 116, 4250, '2026-10-04'),
(646, 'Obat 646', 'Tablet', 123, 4300, '2027-11-07'),
(647, 'Obat 647', 'Sirup', 130, 4350, '2028-12-10'),
(648, 'Obat 648', 'Injeksi', 137, 4400, '2029-01-13'),
(649, 'Obat 649', 'Kapsul', 144, 4450, '2030-02-16'),
(650, 'Obat 650', 'Salep', 151, 4500, '2026-03-19'),
(651, 'Obat 651', 'Tablet', 158, 4550, '2027-04-22'),
(652, 'Obat 652', 'Sirup', 165, 4600, '2028-05-25'),
(653, 'Obat 653', 'Injeksi', 172, 4650, '2029-06-28'),
(654, 'Obat 654', 'Kapsul', 179, 4700, '2030-07-03'),
(655, 'Obat 655', 'Salep', 186, 4750, '2026-08-06'),
(656, 'Obat 656', 'Tablet', 193, 4800, '2027-09-09'),
(657, 'Obat 657', 'Sirup', 200, 4850, '2028-10-12'),
(658, 'Obat 658', 'Injeksi', 7, 4900, '2029-11-15'),
(659, 'Obat 659', 'Kapsul', 14, 4950, '2030-12-18'),
(660, 'Obat 660', 'Salep', 21, 5000, '2026-01-21'),
(661, 'Obat 661', 'Tablet', 28, 5050, '2027-02-24'),
(662, 'Obat 662', 'Sirup', 35, 5100, '2028-03-27'),
(663, 'Obat 663', 'Injeksi', 42, 5150, '2029-04-02'),
(664, 'Obat 664', 'Kapsul', 49, 5200, '2030-05-05'),
(665, 'Obat 665', 'Salep', 55, 5250, '2026-06-08'),
(666, 'Obat 666', 'Tablet', 63, 5300, '2027-07-11'),
(667, 'Obat 667', 'Sirup', 70, 5350, '2028-08-14'),
(668, 'Obat 668', 'Injeksi', 77, 5400, '2029-09-17'),
(669, 'Obat 669', 'Kapsul', 84, 5450, '2030-10-20'),
(670, 'Obat 670', 'Salep', 91, 5500, '2026-11-23'),
(671, 'Obat 671', 'Tablet', 98, 5550, '2027-12-26'),
(672, 'Obat 672', 'Sirup', 105, 5600, '2028-01-01'),
(673, 'Obat 673', 'Injeksi', 112, 5650, '2029-02-04'),
(674, 'Obat 674', 'Kapsul', 118, 5700, '2030-03-07'),
(675, 'Obat 675', 'Salep', 126, 5750, '2026-04-10'),
(676, 'Obat 676', 'Tablet', 133, 5800, '2027-05-13'),
(677, 'Obat 677', 'Sirup', 140, 5850, '2028-06-16'),
(678, 'Obat 678', 'Injeksi', 147, 5900, '2029-07-19'),
(679, 'Obat 679', 'Kapsul', 154, 5950, '2030-08-22'),
(680, 'Obat 680', 'Salep', 161, 6000, '2026-09-25'),
(681, 'Obat 681', 'Tablet', 168, 6050, '2027-10-28'),
(682, 'Obat 682', 'Sirup', 175, 6100, '2028-11-03'),
(683, 'Obat 683', 'Injeksi', 182, 6150, '2029-12-06'),
(684, 'Obat 684', 'Kapsul', 189, 6200, '2030-01-09'),
(685, 'Obat 685', 'Salep', 196, 6250, '2026-02-12'),
(686, 'Obat 686', 'Tablet', 3, 6300, '2027-03-15'),
(687, 'Obat 687', 'Sirup', 10, 6350, '2028-04-18'),
(688, 'Obat 688', 'Injeksi', 17, 6400, '2029-05-21'),
(689, 'Obat 689', 'Kapsul', 24, 6450, '2030-06-24'),
(690, 'Obat 690', 'Salep', 30, 6500, '2026-07-27'),
(691, 'Obat 691', 'Tablet', 36, 6550, '2027-08-02'),
(692, 'Obat 692', 'Sirup', 45, 6600, '2028-09-05'),
(693, 'Obat 693', 'Injeksi', 52, 6650, '2029-10-08'),
(694, 'Obat 694', 'Kapsul', 59, 6700, '2030-11-11'),
(695, 'Obat 695', 'Salep', 66, 6750, '2026-12-14'),
(696, 'Obat 696', 'Tablet', 73, 6800, '2027-01-17'),
(697, 'Obat 697', 'Sirup', 80, 6850, '2028-02-20'),
(698, 'Obat 698', 'Injeksi', 87, 6900, '2029-03-23'),
(699, 'Obat 699', 'Kapsul', 94, 6950, '2030-04-26'),
(700, 'Obat 700', 'Salep', 101, 7000, '2026-05-01'),
(701, 'Obat 701', 'Tablet', 108, 7050, '2027-06-04'),
(702, 'Obat 702', 'Sirup', 115, 7100, '2028-07-07'),
(703, 'Obat 703', 'Injeksi', 122, 7150, '2029-08-10'),
(704, 'Obat 704', 'Kapsul', 129, 7200, '2030-09-13'),
(705, 'Obat 705', 'Salep', 136, 7250, '2026-10-16'),
(706, 'Obat 706', 'Tablet', 143, 7300, '2027-11-19'),
(707, 'Obat 707', 'Sirup', 150, 7350, '2028-12-22'),
(708, 'Obat 708', 'Injeksi', 157, 7400, '2029-01-25'),
(709, 'Obat 709', 'Kapsul', 164, 7450, '2030-02-28'),
(710, 'Obat 710', 'Salep', 171, 7500, '2026-03-03'),
(711, 'Obat 711', 'Tablet', 178, 7550, '2027-04-06'),
(712, 'Obat 712', 'Sirup', 185, 7600, '2028-05-09'),
(713, 'Obat 713', 'Injeksi', 192, 7650, '2029-06-12'),
(714, 'Obat 714', 'Kapsul', 199, 7700, '2030-07-15'),
(715, 'Obat 715', 'Salep', 6, 7750, '2026-08-18'),
(716, 'Obat 716', 'Tablet', 13, 7800, '2027-09-21'),
(717, 'Obat 717', 'Sirup', 20, 7850, '2028-10-24'),
(718, 'Obat 718', 'Injeksi', 27, 7900, '2029-11-27'),
(719, 'Obat 719', 'Kapsul', 34, 7950, '2030-12-02'),
(720, 'Obat 720', 'Salep', 41, 8000, '2026-01-05'),
(721, 'Obat 721', 'Tablet', 48, 8050, '2027-02-08'),
(722, 'Obat 722', 'Sirup', 55, 8100, '2028-03-11'),
(723, 'Obat 723', 'Injeksi', 62, 8150, '2029-04-14'),
(724, 'Obat 724', 'Kapsul', 69, 8200, '2030-05-17'),
(725, 'Obat 725', 'Salep', 76, 8250, '2026-06-20'),
(726, 'Obat 726', 'Tablet', 83, 8300, '2027-07-23'),
(727, 'Obat 727', 'Sirup', 90, 8350, '2028-08-26'),
(728, 'Obat 728', 'Injeksi', 97, 8400, '2029-09-01'),
(729, 'Obat 729', 'Kapsul', 104, 8450, '2030-10-04'),
(730, 'Obat 730', 'Salep', 111, 8500, '2026-11-07'),
(731, 'Obat 731', 'Tablet', 118, 8550, '2027-12-10'),
(732, 'Obat 732', 'Sirup', 125, 8600, '2028-01-13'),
(733, 'Obat 733', 'Injeksi', 132, 8650, '2029-02-16'),
(734, 'Obat 734', 'Kapsul', 139, 8700, '2030-03-19'),
(735, 'Obat 735', 'Salep', 146, 8750, '2026-04-22'),
(736, 'Obat 736', 'Tablet', 153, 8800, '2027-05-25'),
(737, 'Obat 737', 'Sirup', 160, 8850, '2028-06-28'),
(738, 'Obat 738', 'Injeksi', 167, 8900, '2029-07-03'),
(739, 'Obat 739', 'Kapsul', 174, 8950, '2030-08-06'),
(740, 'Obat 740', 'Salep', 181, 9000, '2026-09-09'),
(741, 'Obat 741', 'Tablet', 188, 9050, '2027-10-12'),
(742, 'Obat 742', 'Sirup', 195, 9100, '2028-11-15'),
(743, 'Obat 743', 'Injeksi', 2, 9150, '2029-12-18'),
(744, 'Obat 744', 'Kapsul', 9, 9200, '2030-01-21'),
(745, 'Obat 745', 'Salep', 16, 9250, '2026-02-24'),
(746, 'Obat 746', 'Tablet', 23, 9300, '2027-03-27'),
(747, 'Obat 747', 'Sirup', 30, 9350, '2028-04-02'),
(748, 'Obat 748', 'Injeksi', 37, 9400, '2029-05-05'),
(749, 'Obat 749', 'Kapsul', 44, 9450, '2030-06-08'),
(750, 'Obat 750', 'Salep', 51, 9500, '2026-07-11'),
(751, 'Obat 751', 'Tablet', 58, 9550, '2027-08-14'),
(752, 'Obat 752', 'Sirup', 65, 9600, '2028-09-17'),
(753, 'Obat 753', 'Injeksi', 72, 9650, '2029-10-20'),
(754, 'Obat 754', 'Kapsul', 79, 9700, '2030-11-23'),
(755, 'Obat 755', 'Salep', 86, 9750, '2026-12-26'),
(756, 'Obat 756', 'Tablet', 93, 9800, '2027-01-01'),
(757, 'Obat 757', 'Sirup', 100, 9850, '2028-02-04'),
(758, 'Obat 758', 'Injeksi', 107, 9900, '2029-03-07'),
(759, 'Obat 759', 'Kapsul', 114, 9950, '2030-04-10'),
(760, 'Obat 760', 'Salep', 121, 10000, '2026-05-13'),
(761, 'Obat 761', 'Tablet', 128, 10050, '2027-06-16'),
(762, 'Obat 762', 'Sirup', 135, 10100, '2028-07-19'),
(763, 'Obat 763', 'Injeksi', 142, 10150, '2029-08-22'),
(764, 'Obat 764', 'Kapsul', 149, 10200, '2030-09-25'),
(765, 'Obat 765', 'Salep', 156, 10250, '2026-10-28'),
(766, 'Obat 766', 'Tablet', 163, 10300, '2027-11-03'),
(767, 'Obat 767', 'Sirup', 170, 10350, '2028-12-06'),
(768, 'Obat 768', 'Injeksi', 177, 10400, '2029-01-09'),
(769, 'Obat 769', 'Kapsul', 184, 10450, '2030-02-12'),
(770, 'Obat 770', 'Salep', 191, 10500, '2026-03-15'),
(771, 'Obat 771', 'Tablet', 198, 10550, '2027-04-18'),
(772, 'Obat 772', 'Sirup', 5, 10600, '2028-05-21'),
(773, 'Obat 773', 'Injeksi', 12, 10650, '2029-06-24'),
(774, 'Obat 774', 'Kapsul', 18, 10700, '2030-07-27'),
(775, 'Obat 775', 'Salep', 26, 10750, '2026-08-02'),
(776, 'Obat 776', 'Tablet', 33, 10800, '2027-09-05'),
(777, 'Obat 777', 'Sirup', 40, 10850, '2028-10-08'),
(778, 'Obat 778', 'Injeksi', 47, 10900, '2029-11-11'),
(779, 'Obat 779', 'Kapsul', 54, 10950, '2030-12-14'),
(780, 'Obat 780', 'Salep', 61, 11000, '2026-01-17'),
(781, 'Obat 781', 'Tablet', 68, 11050, '2027-02-20'),
(782, 'Obat 782', 'Sirup', 75, 11100, '2028-03-23'),
(783, 'Obat 783', 'Injeksi', 82, 11150, '2029-04-26'),
(784, 'Obat 784', 'Kapsul', 89, 11200, '2030-05-01'),
(785, 'Obat 785', 'Salep', 96, 11250, '2026-06-04'),
(786, 'Obat 786', 'Tablet', 103, 11300, '2027-07-07'),
(787, 'Obat 787', 'Sirup', 110, 11350, '2028-08-10'),
(788, 'Obat 788', 'Injeksi', 117, 11400, '2029-09-13'),
(789, 'Obat 789', 'Kapsul', 124, 11450, '2030-10-16'),
(790, 'Obat 790', 'Salep', 131, 11500, '2026-11-19'),
(791, 'Obat 791', 'Tablet', 138, 11550, '2027-12-22'),
(792, 'Obat 792', 'Sirup', 145, 11600, '2028-01-25'),
(793, 'Obat 793', 'Injeksi', 152, 11650, '2029-02-28'),
(794, 'Obat 794', 'Kapsul', 159, 11700, '2030-03-03'),
(795, 'Obat 795', 'Salep', 166, 11750, '2026-04-06'),
(796, 'Obat 796', 'Tablet', 173, 11800, '2027-05-09'),
(797, 'Obat 797', 'Sirup', 180, 11850, '2028-06-12'),
(798, 'Obat 798', 'Injeksi', 187, 11900, '2029-07-15'),
(799, 'Obat 799', 'Kapsul', 194, 11950, '2030-08-18'),
(800, 'Obat 800', 'Salep', 1, 12000, '2026-09-21'),
(801, 'Obat 801', 'Tablet', 8, 12050, '2027-10-24'),
(802, 'Obat 802', 'Sirup', 15, 12100, '2028-11-27'),
(803, 'Obat 803', 'Injeksi', 22, 12150, '2029-12-02'),
(804, 'Obat 804', 'Kapsul', 29, 12200, '2030-01-05'),
(805, 'Obat 805', 'Salep', 36, 12250, '2026-02-08'),
(806, 'Obat 806', 'Tablet', 42, 12300, '2027-03-11'),
(807, 'Obat 807', 'Sirup', 50, 12350, '2028-04-14'),
(808, 'Obat 808', 'Injeksi', 57, 12400, '2029-05-17'),
(809, 'Obat 809', 'Kapsul', 64, 12450, '2030-06-20'),
(810, 'Obat 810', 'Salep', 71, 12500, '2026-07-23'),
(811, 'Obat 811', 'Tablet', 78, 12550, '2027-08-26'),
(812, 'Obat 812', 'Sirup', 85, 12600, '2028-09-01'),
(813, 'Obat 813', 'Injeksi', 92, 12650, '2029-10-04'),
(814, 'Obat 814', 'Kapsul', 99, 12700, '2030-11-07'),
(815, 'Obat 815', 'Salep', 106, 12750, '2026-12-10'),
(816, 'Obat 816', 'Tablet', 113, 12800, '2027-01-13'),
(817, 'Obat 817', 'Sirup', 120, 12850, '2028-02-16'),
(818, 'Obat 818', 'Injeksi', 127, 12900, '2029-03-19'),
(819, 'Obat 819', 'Kapsul', 134, 12950, '2030-04-22'),
(820, 'Obat 820', 'Salep', 141, 13000, '2026-05-25'),
(821, 'Obat 821', 'Tablet', 148, 13050, '2027-06-28'),
(822, 'Obat 822', 'Sirup', 155, 13100, '2028-07-03'),
(823, 'Obat 823', 'Injeksi', 162, 13150, '2029-08-06'),
(824, 'Obat 824', 'Kapsul', 169, 13200, '2030-09-09'),
(825, 'Obat 825', 'Salep', 176, 13250, '2026-10-12'),
(826, 'Obat 826', 'Tablet', 183, 13300, '2027-11-15'),
(827, 'Obat 827', 'Sirup', 190, 13350, '2028-12-18'),
(828, 'Obat 828', 'Injeksi', 197, 13400, '2029-01-21'),
(829, 'Obat 829', 'Kapsul', 4, 13450, '2030-02-24'),
(830, 'Obat 830', 'Salep', 11, 13500, '2026-03-27'),
(831, 'Obat 831', 'Tablet', 18, 13550, '2027-04-02'),
(832, 'Obat 832', 'Sirup', 25, 13600, '2028-05-05'),
(833, 'Obat 833', 'Injeksi', 32, 13650, '2029-06-08'),
(834, 'Obat 834', 'Kapsul', 39, 13700, '2030-07-11'),
(835, 'Obat 835', 'Salep', 46, 13750, '2026-08-14'),
(836, 'Obat 836', 'Tablet', 53, 13800, '2027-09-17'),
(837, 'Obat 837', 'Sirup', 60, 13850, '2028-10-20'),
(838, 'Obat 838', 'Injeksi', 67, 13900, '2029-11-23'),
(839, 'Obat 839', 'Kapsul', 74, 13950, '2030-12-26'),
(840, 'Obat 840', 'Salep', 81, 14000, '2026-01-01'),
(841, 'Obat 841', 'Tablet', 88, 14050, '2027-02-04'),
(842, 'Obat 842', 'Sirup', 95, 14100, '2028-03-07'),
(843, 'Obat 843', 'Injeksi', 102, 14150, '2029-04-10'),
(844, 'Obat 844', 'Kapsul', 109, 14200, '2030-05-13'),
(845, 'Obat 845', 'Salep', 116, 14250, '2026-06-16'),
(846, 'Obat 846', 'Tablet', 123, 14300, '2027-07-19'),
(847, 'Obat 847', 'Sirup', 130, 14350, '2028-08-22'),
(848, 'Obat 848', 'Injeksi', 137, 14400, '2029-09-25'),
(849, 'Obat 849', 'Kapsul', 144, 14450, '2030-10-28'),
(850, 'Obat 850', 'Salep', 151, 14500, '2026-11-03'),
(851, 'Obat 851', 'Tablet', 158, 14550, '2027-12-06'),
(852, 'Obat 852', 'Sirup', 165, 14600, '2028-01-09'),
(853, 'Obat 853', 'Injeksi', 172, 14650, '2029-02-12'),
(854, 'Obat 854', 'Kapsul', 179, 14700, '2030-03-15'),
(855, 'Obat 855', 'Salep', 186, 14750, '2026-04-18'),
(856, 'Obat 856', 'Tablet', 193, 14800, '2027-05-21'),
(857, 'Obat 857', 'Sirup', 200, 14850, '2028-06-24'),
(858, 'Obat 858', 'Injeksi', 7, 14900, '2029-07-27'),
(859, 'Obat 859', 'Kapsul', 14, 14950, '2030-08-02'),
(860, 'Obat 860', 'Salep', 21, 15000, '2026-09-05'),
(861, 'Obat 861', 'Tablet', 28, 15050, '2027-10-08'),
(862, 'Obat 862', 'Sirup', 35, 15100, '2028-11-11'),
(863, 'Obat 863', 'Injeksi', 42, 15150, '2029-12-14'),
(864, 'Obat 864', 'Kapsul', 49, 15200, '2030-01-17'),
(865, 'Obat 865', 'Salep', 56, 15250, '2026-02-20'),
(866, 'Obat 866', 'Tablet', 63, 15300, '2027-03-23'),
(867, 'Obat 867', 'Sirup', 70, 15350, '2028-04-26'),
(868, 'Obat 868', 'Injeksi', 77, 15400, '2029-05-01'),
(869, 'Obat 869', 'Kapsul', 84, 15450, '2030-06-04'),
(870, 'Obat 870', 'Salep', 91, 15500, '2026-07-07'),
(871, 'Obat 871', 'Tablet', 98, 15550, '2027-08-10'),
(872, 'Obat 872', 'Sirup', 105, 15600, '2028-09-13'),
(873, 'Obat 873', 'Injeksi', 112, 15650, '2029-10-16'),
(874, 'Obat 874', 'Kapsul', 119, 15700, '2030-11-19'),
(875, 'Obat 875', 'Salep', 126, 15750, '2026-12-22'),
(876, 'Obat 876', 'Tablet', 133, 15800, '2027-01-25'),
(877, 'Obat 877', 'Sirup', 140, 15850, '2028-02-28'),
(878, 'Obat 878', 'Injeksi', 147, 15900, '2029-03-03'),
(879, 'Obat 879', 'Kapsul', 154, 15950, '2030-04-06'),
(880, 'Obat 880', 'Salep', 161, 16000, '2026-05-09'),
(881, 'Obat 881', 'Tablet', 168, 16050, '2027-06-12'),
(882, 'Obat 882', 'Sirup', 175, 16100, '2028-07-15'),
(883, 'Obat 883', 'Injeksi', 182, 16150, '2029-08-18'),
(884, 'Obat 884', 'Kapsul', 189, 16200, '2030-09-21'),
(885, 'Obat 885', 'Salep', 196, 16250, '2026-10-24'),
(886, 'Obat 886', 'Tablet', 3, 16300, '2027-11-27'),
(887, 'Obat 887', 'Sirup', 10, 16350, '2028-12-02'),
(888, 'Obat 888', 'Injeksi', 17, 16400, '2029-01-05'),
(889, 'Obat 889', 'Kapsul', 24, 16450, '2030-02-08'),
(890, 'Obat 890', 'Salep', 31, 16500, '2026-03-11'),
(891, 'Obat 891', 'Tablet', 38, 16550, '2027-04-14'),
(892, 'Obat 892', 'Sirup', 45, 16600, '2028-05-17'),
(893, 'Obat 893', 'Injeksi', 52, 16650, '2029-06-20'),
(894, 'Obat 894', 'Kapsul', 59, 16700, '2030-07-23'),
(895, 'Obat 895', 'Salep', 66, 16750, '2026-08-26'),
(896, 'Obat 896', 'Tablet', 73, 16800, '2027-09-01'),
(897, 'Obat 897', 'Sirup', 80, 16850, '2028-10-04'),
(898, 'Obat 898', 'Injeksi', 87, 16900, '2029-11-07'),
(899, 'Obat 899', 'Kapsul', 94, 16950, '2030-12-10'),
(900, 'Obat 900', 'Salep', 101, 2000, '2026-01-13'),
(901, 'Obat 901', 'Tablet', 105, 2050, '2027-02-16'),
(902, 'Obat 902', 'Sirup', 113, 2100, '2028-03-19'),
(903, 'Obat 903', 'Injeksi', 122, 2150, '2029-04-22'),
(904, 'Obat 904', 'Kapsul', 129, 2200, '2030-05-25'),
(905, 'Obat 905', 'Salep', 136, 2250, '2026-06-28'),
(906, 'Obat 906', 'Tablet', 143, 2300, '2027-07-03'),
(907, 'Obat 907', 'Sirup', 150, 2350, '2028-08-06'),
(908, 'Obat 908', 'Injeksi', 157, 2400, '2029-09-09'),
(909, 'Obat 909', 'Kapsul', 164, 2450, '2030-10-12'),
(910, 'Obat 910', 'Salep', 169, 2500, '2026-11-15'),
(911, 'Obat 911', 'Tablet', 178, 2550, '2027-12-18'),
(912, 'Obat 912', 'Sirup', 185, 2600, '2028-01-21'),
(913, 'Obat 913', 'Injeksi', 192, 2650, '2029-02-24'),
(914, 'Obat 914', 'Kapsul', 199, 2700, '2030-03-27'),
(915, 'Obat 915', 'Salep', 6, 2750, '2026-04-02'),
(916, 'Obat 916', 'Tablet', 13, 2800, '2027-05-05'),
(917, 'Obat 917', 'Sirup', 20, 2850, '2028-06-08'),
(918, 'Obat 918', 'Injeksi', 27, 2900, '2029-07-11'),
(919, 'Obat 919', 'Kapsul', 34, 2950, '2030-08-14'),
(920, 'Obat 920', 'Salep', 41, 3000, '2026-09-17'),
(921, 'Obat 921', 'Tablet', 48, 3050, '2027-10-20'),
(922, 'Obat 922', 'Sirup', 55, 3100, '2028-11-23'),
(923, 'Obat 923', 'Injeksi', 62, 3150, '2029-12-26'),
(924, 'Obat 924', 'Kapsul', 69, 3200, '2030-01-01'),
(925, 'Obat 925', 'Salep', 76, 3250, '2026-02-04'),
(926, 'Obat 926', 'Tablet', 83, 3300, '2027-03-07'),
(927, 'Obat 927', 'Sirup', 90, 3350, '2028-04-10'),
(928, 'Obat 928', 'Injeksi', 97, 3400, '2029-05-13'),
(929, 'Obat 929', 'Kapsul', 104, 3450, '2030-06-16'),
(930, 'Obat 930', 'Salep', 111, 3500, '2026-07-19'),
(931, 'Obat 931', 'Tablet', 118, 3550, '2027-08-22'),
(932, 'Obat 932', 'Sirup', 125, 3600, '2028-09-25'),
(933, 'Obat 933', 'Injeksi', 132, 3650, '2029-10-28'),
(934, 'Obat 934', 'Kapsul', 139, 3700, '2030-11-03'),
(935, 'Obat 935', 'Salep', 146, 3750, '2026-12-06'),
(936, 'Obat 936', 'Tablet', 153, 3800, '2027-01-09'),
(937, 'Obat 937', 'Sirup', 160, 3850, '2028-02-12'),
(938, 'Obat 938', 'Injeksi', 167, 3900, '2029-03-15'),
(939, 'Obat 939', 'Kapsul', 174, 3950, '2030-04-18'),
(940, 'Obat 940', 'Salep', 181, 4000, '2026-05-21'),
(941, 'Obat 941', 'Tablet', 188, 4050, '2027-06-24'),
(942, 'Obat 942', 'Sirup', 195, 4100, '2028-07-27'),
(943, 'Obat 943', 'Injeksi', 2, 4150, '2029-08-02'),
(944, 'Obat 944', 'Kapsul', 9, 4200, '2030-09-05'),
(945, 'Obat 945', 'Salep', 16, 4250, '2026-10-08'),
(946, 'Obat 946', 'Tablet', 23, 4300, '2027-11-11'),
(947, 'Obat 947', 'Sirup', 30, 4350, '2028-12-14'),
(948, 'Obat 948', 'Injeksi', 37, 4400, '2029-01-17'),
(949, 'Obat 949', 'Kapsul', 44, 4450, '2030-02-20'),
(950, 'Obat 950', 'Salep', 51, 4500, '2026-03-23'),
(951, 'Obat 951', 'Tablet', 58, 4550, '2027-04-26'),
(952, 'Obat 952', 'Sirup', 65, 4600, '2028-05-01'),
(953, 'Obat 953', 'Injeksi', 72, 4650, '2029-06-04'),
(954, 'Obat 954', 'Kapsul', 79, 4700, '2030-07-07'),
(955, 'Obat 955', 'Salep', 86, 4750, '2026-08-10'),
(956, 'Obat 956', 'Tablet', 93, 4800, '2027-09-13'),
(957, 'Obat 957', 'Sirup', 100, 4850, '2028-10-16'),
(958, 'Obat 958', 'Injeksi', 107, 4900, '2029-11-19'),
(959, 'Obat 959', 'Kapsul', 114, 4950, '2030-12-22'),
(960, 'Obat 960', 'Salep', 121, 5000, '2026-01-25'),
(961, 'Obat 961', 'Tablet', 128, 5050, '2027-02-28'),
(962, 'Obat 962', 'Sirup', 135, 5100, '2028-03-03'),
(963, 'Obat 963', 'Injeksi', 142, 5150, '2029-04-06'),
(964, 'Obat 964', 'Kapsul', 149, 5200, '2030-05-09'),
(965, 'Obat 965', 'Salep', 156, 5250, '2026-06-12'),
(966, 'Obat 966', 'Tablet', 163, 5300, '2027-07-15'),
(967, 'Obat 967', 'Sirup', 170, 5350, '2028-08-18');
INSERT INTO `obat` (`id_obat`, `nama_obat`, `kategori`, `stok`, `harga`, `tanggal_exp`) VALUES
(968, 'Obat 968', 'Injeksi', 177, 5400, '2029-09-21'),
(969, 'Obat 969', 'Kapsul', 184, 5450, '2030-10-24'),
(970, 'Obat 970', 'Salep', 191, 5500, '2026-11-27'),
(971, 'Obat 971', 'Tablet', 198, 5550, '2027-12-02'),
(972, 'Obat 972', 'Sirup', 5, 5600, '2028-01-05'),
(973, 'Obat 973', 'Injeksi', 12, 5650, '2029-02-08'),
(974, 'Obat 974', 'Kapsul', 19, 5700, '2030-03-11'),
(975, 'Obat 975', 'Salep', 26, 5750, '2026-04-14'),
(976, 'Obat 976', 'Tablet', 33, 5800, '2027-05-17'),
(977, 'Obat 977', 'Sirup', 40, 5850, '2028-06-20'),
(978, 'Obat 978', 'Injeksi', 47, 5900, '2029-07-23'),
(979, 'Obat 979', 'Kapsul', 54, 5950, '2030-08-26'),
(980, 'Obat 980', 'Salep', 61, 6000, '2026-09-01'),
(981, 'Obat 981', 'Tablet', 68, 6050, '2027-10-04'),
(982, 'Obat 982', 'Sirup', 75, 6100, '2028-11-07'),
(983, 'Obat 983', 'Injeksi', 82, 6150, '2029-12-10'),
(984, 'Obat 984', 'Kapsul', 89, 6200, '2030-01-13'),
(985, 'Obat 985', 'Salep', 96, 6250, '2026-02-16'),
(986, 'Obat 986', 'Tablet', 103, 6300, '2027-03-19'),
(987, 'Obat 987', 'Sirup', 110, 6350, '2028-04-22'),
(988, 'Obat 988', 'Injeksi', 117, 6400, '2029-05-25'),
(989, 'Obat 989', 'Kapsul', 124, 6450, '2030-06-28'),
(990, 'Obat 990', 'Salep', 131, 6500, '2026-07-03'),
(991, 'Obat 991', 'Tablet', 135, 6550, '2027-08-06'),
(992, 'Obat 992', 'Sirup', 145, 6600, '2028-09-09'),
(993, 'Obat 993', 'Injeksi', 152, 6650, '2029-10-12'),
(994, 'Obat 994', 'Kapsul', 159, 6700, '2030-11-15'),
(995, 'Obat 995', 'Salep', 166, 6750, '2026-12-18'),
(996, 'Obat 996', 'Tablet', 173, 6800, '2027-01-21'),
(997, 'Obat 997', 'Sirup', 180, 6850, '2028-02-24'),
(998, 'Obat 998', 'Injeksi', 187, 6900, '2029-03-27'),
(999, 'Obat 999', 'Kapsul', 194, 6950, '2030-04-02'),
(1000, 'Obat 1000', 'Salep', 1, 7000, '2026-05-05'),
(1001, 'Obat 1001', 'Tablet', 8, 7050, '2027-06-08'),
(1002, 'Obat 1002', 'Sirup', 15, 7100, '2028-07-11'),
(1003, 'Obat 1003', 'Injeksi', 22, 7150, '2029-08-14'),
(1004, 'Obat 1004', 'Kapsul', 29, 7200, '2030-09-17'),
(1005, 'Obat 1005', 'Salep', 36, 7250, '2026-10-20'),
(1006, 'Obat 1006', 'Tablet', 43, 7300, '2027-11-23'),
(1007, 'Obat 1007', 'Sirup', 50, 7350, '2028-12-26'),
(1008, 'Obat 1008', 'Injeksi', 57, 7400, '2029-01-01'),
(1009, 'Obat 1009', 'Kapsul', 64, 7450, '2030-02-04'),
(1010, 'Obat 1010', 'Salep', 71, 7500, '2026-03-07'),
(1011, 'Obat 1011', 'Tablet', 78, 7550, '2027-04-10'),
(1012, 'Obat 1012', 'Sirup', 85, 7600, '2028-05-13'),
(1013, 'Obat 1013', 'Injeksi', 92, 7650, '2029-06-16'),
(1014, 'Obat 1014', 'Kapsul', 99, 7700, '2030-07-19'),
(1015, 'Obat 1015', 'Salep', 106, 7750, '2026-08-22'),
(1016, 'Obat 1016', 'Tablet', 113, 7800, '2027-09-25'),
(1017, 'Obat 1017', 'Sirup', 120, 7850, '2028-10-28'),
(1018, 'Obat 1018', 'Injeksi', 127, 7900, '2029-11-03'),
(1019, 'Obat 1019', 'Kapsul', 134, 7950, '2030-12-06'),
(1020, 'Obat 1020', 'Salep', 141, 8000, '2026-01-09'),
(1021, 'Obat 1021', 'Tablet', 148, 8050, '2027-02-12'),
(1022, 'Obat 1022', 'Sirup', 155, 8100, '2028-03-15'),
(1023, 'Obat 1023', 'Injeksi', 162, 8150, '2029-04-18'),
(1024, 'Obat 1024', 'Kapsul', 169, 8200, '2030-05-21'),
(1025, 'Obat 1025', 'Salep', 176, 8250, '2026-06-24'),
(1026, 'Obat 1026', 'Tablet', 183, 8300, '2027-07-27'),
(1027, 'Obat 1027', 'Sirup', 190, 8350, '2028-08-02'),
(1028, 'Obat 1028', 'Injeksi', 197, 8400, '2029-09-05'),
(1029, 'Obat 1029', 'Kapsul', 4, 8450, '2030-10-08'),
(1030, 'Obat 1030', 'Salep', 11, 8500, '2026-11-11'),
(1031, 'Obat 1031', 'Tablet', 18, 8550, '2027-12-14'),
(1032, 'Obat 1032', 'Sirup', 25, 8600, '2028-01-17'),
(1033, 'Obat 1033', 'Injeksi', 32, 8650, '2029-02-20'),
(1034, 'Obat 1034', 'Kapsul', 39, 8700, '2030-03-23'),
(1035, 'Obat 1035', 'Salep', 46, 8750, '2026-04-26'),
(1036, 'Obat 1036', 'Tablet', 53, 8800, '2027-05-01'),
(1037, 'Obat 1037', 'Sirup', 60, 8850, '2028-06-04'),
(1038, 'Obat 1038', 'Injeksi', 67, 8900, '2029-07-07'),
(1039, 'Obat 1039', 'Kapsul', 74, 8950, '2030-08-10'),
(1040, 'Obat 1040', 'Salep', 81, 9000, '2026-09-13'),
(1041, 'Obat 1041', 'Tablet', 88, 9050, '2027-10-16'),
(1042, 'Obat 1042', 'Sirup', 93, 9100, '2028-11-19'),
(1043, 'Obat 1043', 'Injeksi', 102, 9150, '2029-12-22'),
(1044, 'Obat 1044', 'Kapsul', 109, 9200, '2030-01-25'),
(1045, 'Obat 1045', 'Salep', 116, 9250, '2026-02-28'),
(1046, 'Obat 1046', 'Tablet', 123, 9300, '2027-03-03'),
(1047, 'Obat 1047', 'Sirup', 130, 9350, '2028-04-06'),
(1048, 'Obat 1048', 'Injeksi', 137, 9400, '2029-05-09'),
(1049, 'Obat 1049', 'Kapsul', 144, 9450, '2030-06-12'),
(1050, 'Obat 1050', 'Salep', 151, 9500, '2026-07-15'),
(1051, 'Obat 1051', 'Tablet', 158, 9550, '2027-08-18'),
(1052, 'Obat 1052', 'Sirup', 165, 9600, '2028-09-21'),
(1053, 'Obat 1053', 'Injeksi', 172, 9650, '2029-10-24'),
(1054, 'Obat 1054', 'Kapsul', 179, 9700, '2030-11-27'),
(1055, 'Obat 1055', 'Salep', 186, 9750, '2026-12-02'),
(1056, 'Obat 1056', 'Tablet', 193, 9800, '2027-01-05'),
(1057, 'Obat 1057', 'Sirup', 200, 9850, '2028-02-08'),
(1058, 'Obat 1058', 'Injeksi', 7, 9900, '2029-03-11'),
(1059, 'Obat 1059', 'Kapsul', 14, 9950, '2030-04-14'),
(1060, 'Obat 1060', 'Salep', 21, 10000, '2026-05-17'),
(1061, 'Obat 1061', 'Tablet', 28, 10050, '2027-06-20'),
(1062, 'Obat 1062', 'Sirup', 35, 10100, '2028-07-23'),
(1063, 'Obat 1063', 'Injeksi', 42, 10150, '2029-08-26'),
(1064, 'Obat 1064', 'Kapsul', 49, 10200, '2030-09-01'),
(1065, 'Obat 1065', 'Salep', 56, 10250, '2026-10-04'),
(1066, 'Obat 1066', 'Tablet', 63, 10300, '2027-11-07'),
(1067, 'Obat 1067', 'Sirup', 70, 10350, '2028-12-10'),
(1068, 'Obat 1068', 'Injeksi', 74, 10400, '2029-01-13'),
(1069, 'Obat 1069', 'Kapsul', 84, 10450, '2030-02-16'),
(1070, 'Obat 1070', 'Salep', 91, 10500, '2026-03-19'),
(1071, 'Obat 1071', 'Tablet', 98, 10550, '2027-04-22'),
(1072, 'Obat 1072', 'Sirup', 105, 10600, '2028-05-25'),
(1073, 'Obat 1073', 'Injeksi', 112, 10650, '2029-06-28'),
(1074, 'Obat 1074', 'Kapsul', 119, 10700, '2030-07-03'),
(1075, 'Obat 1075', 'Salep', 126, 10750, '2026-08-06'),
(1076, 'Obat 1076', 'Tablet', 133, 10800, '2027-09-09'),
(1077, 'Obat 1077', 'Sirup', 140, 10850, '2028-10-12'),
(1078, 'Obat 1078', 'Injeksi', 147, 10900, '2029-11-15'),
(1079, 'Obat 1079', 'Kapsul', 154, 10950, '2030-12-18'),
(1080, 'Obat 1080', 'Salep', 161, 11000, '2026-01-21'),
(1081, 'Obat 1081', 'Tablet', 168, 11050, '2027-02-24'),
(1082, 'Obat 1082', 'Sirup', 175, 11100, '2028-03-27'),
(1083, 'Obat 1083', 'Injeksi', 182, 11150, '2029-04-02'),
(1084, 'Obat 1084', 'Kapsul', 189, 11200, '2030-05-05'),
(1085, 'Obat 1085', 'Salep', 196, 11250, '2026-06-08'),
(1086, 'Obat 1086', 'Tablet', 3, 11300, '2027-07-11'),
(1087, 'Obat 1087', 'Sirup', 10, 11350, '2028-08-14'),
(1088, 'Obat 1088', 'Injeksi', 17, 11400, '2029-09-17'),
(1089, 'Obat 1089', 'Kapsul', 24, 11450, '2030-10-20'),
(1090, 'Obat 1090', 'Salep', 31, 11500, '2026-11-23'),
(1091, 'Obat 1091', 'Tablet', 38, 11550, '2027-12-26'),
(1092, 'Obat 1092', 'Sirup', 45, 11600, '2028-01-01'),
(1093, 'Obat 1093', 'Injeksi', 52, 11650, '2029-02-04'),
(1094, 'Obat 1094', 'Kapsul', 59, 11700, '2030-03-07'),
(1095, 'Obat 1095', 'Salep', 66, 11750, '2026-04-10'),
(1096, 'Obat 1096', 'Tablet', 73, 11800, '2027-05-13'),
(1097, 'Obat 1097', 'Sirup', 80, 11850, '2028-06-16'),
(1098, 'Obat 1098', 'Injeksi', 87, 11900, '2029-07-19'),
(1099, 'Obat 1099', 'Kapsul', 94, 11950, '2030-08-22'),
(1100, 'Obat 1100', 'Salep', 101, 12000, '2026-09-25'),
(1101, 'Obat 1101', 'Tablet', 108, 12050, '2027-10-28'),
(1102, 'Obat 1102', 'Sirup', 115, 12100, '2028-11-03'),
(1103, 'Obat 1103', 'Injeksi', 122, 12150, '2029-12-06'),
(1104, 'Obat 1104', 'Kapsul', 129, 12200, '2030-01-09'),
(1105, 'Obat 1105', 'Salep', 136, 12250, '2026-02-12'),
(1106, 'Obat 1106', 'Tablet', 143, 12300, '2027-03-15'),
(1107, 'Obat 1107', 'Sirup', 150, 12350, '2028-04-18'),
(1108, 'Obat 1108', 'Injeksi', 157, 12400, '2029-05-21'),
(1109, 'Obat 1109', 'Kapsul', 164, 12450, '2030-06-24'),
(1110, 'Obat 1110', 'Salep', 171, 12500, '2026-07-27'),
(1111, 'Obat 1111', 'Tablet', 176, 12550, '2027-08-02'),
(1112, 'Obat 1112', 'Sirup', 185, 12600, '2028-09-05'),
(1113, 'Obat 1113', 'Injeksi', 192, 12650, '2029-10-08'),
(1114, 'Obat 1114', 'Kapsul', 199, 12700, '2030-11-11'),
(1115, 'Obat 1115', 'Salep', 6, 12750, '2026-12-14'),
(1116, 'Obat 1116', 'Tablet', 13, 12800, '2027-01-17'),
(1117, 'Obat 1117', 'Sirup', 20, 12850, '2028-02-20'),
(1118, 'Obat 1118', 'Injeksi', 27, 12900, '2029-03-23'),
(1119, 'Obat 1119', 'Kapsul', 34, 12950, '2030-04-26'),
(1120, 'Obat 1120', 'Salep', 38, 13000, '2026-05-01'),
(1121, 'Obat 1121', 'Tablet', 48, 13050, '2027-06-04'),
(1122, 'Obat 1122', 'Sirup', 55, 13100, '2028-07-07'),
(1123, 'Obat 1123', 'Injeksi', 62, 13150, '2029-08-10'),
(1124, 'Obat 1124', 'Kapsul', 64, 13200, '2030-09-13'),
(1125, 'Obat 1125', 'Salep', 76, 13250, '2026-10-16'),
(1126, 'Obat 1126', 'Tablet', 83, 13300, '2027-11-19'),
(1127, 'Obat 1127', 'Sirup', 90, 13350, '2028-12-22'),
(1128, 'Obat 1128', 'Injeksi', 97, 13400, '2029-01-25'),
(1129, 'Obat 1129', 'Kapsul', 104, 13450, '2030-02-28'),
(1130, 'Obat 1130', 'Salep', 109, 13500, '2026-03-03'),
(1131, 'Obat 1131', 'Tablet', 118, 13550, '2027-04-06'),
(1132, 'Obat 1132', 'Sirup', 125, 13600, '2028-05-09'),
(1133, 'Obat 1133', 'Injeksi', 132, 13650, '2029-06-12'),
(1134, 'Obat 1134', 'Kapsul', 139, 13700, '2030-07-15'),
(1135, 'Obat 1135', 'Salep', 146, 13750, '2026-08-18'),
(1136, 'Obat 1136', 'Tablet', 153, 13800, '2027-09-21'),
(1137, 'Obat 1137', 'Sirup', 160, 13850, '2028-10-24'),
(1138, 'Obat 1138', 'Injeksi', 167, 13900, '2029-11-27'),
(1139, 'Obat 1139', 'Kapsul', 171, 13950, '2030-12-02'),
(1140, 'Obat 1140', 'Salep', 181, 14000, '2026-01-05'),
(1141, 'Obat 1141', 'Tablet', 188, 14050, '2027-02-08'),
(1142, 'Obat 1142', 'Sirup', 195, 14100, '2028-03-11'),
(1143, 'Obat 1143', 'Injeksi', 2, 14150, '2029-04-14'),
(1144, 'Obat 1144', 'Kapsul', 8, 14200, '2030-05-17'),
(1145, 'Obat 1145', 'Salep', 16, 14250, '2026-06-20'),
(1146, 'Obat 1146', 'Tablet', 23, 14300, '2027-07-23'),
(1147, 'Obat 1147', 'Sirup', 30, 14350, '2028-08-26'),
(1148, 'Obat 1148', 'Injeksi', 37, 14400, '2029-09-01'),
(1149, 'Obat 1149', 'Kapsul', 44, 14450, '2030-10-04'),
(1150, 'Obat 1150', 'Salep', 51, 14500, '2026-11-07'),
(1151, 'Obat 1151', 'Tablet', 58, 14550, '2027-12-10'),
(1152, 'Obat 1152', 'Sirup', 65, 14600, '2028-01-13'),
(1153, 'Obat 1153', 'Injeksi', 72, 14650, '2029-02-16'),
(1154, 'Obat 1154', 'Kapsul', 79, 14700, '2030-03-19'),
(1155, 'Obat 1155', 'Salep', 86, 14750, '2026-04-22'),
(1156, 'Obat 1156', 'Tablet', 93, 14800, '2027-05-25'),
(1157, 'Obat 1157', 'Sirup', 100, 14850, '2028-06-28'),
(1158, 'Obat 1158', 'Injeksi', 107, 14900, '2029-07-03'),
(1159, 'Obat 1159', 'Kapsul', 114, 14950, '2030-08-06'),
(1160, 'Obat 1160', 'Salep', 121, 15000, '2026-09-09'),
(1161, 'Obat 1161', 'Tablet', 128, 15050, '2027-10-12'),
(1162, 'Obat 1162', 'Sirup', 135, 15100, '2028-11-15'),
(1163, 'Obat 1163', 'Injeksi', 142, 15150, '2029-12-18'),
(1164, 'Obat 1164', 'Kapsul', 149, 15200, '2030-01-21'),
(1165, 'Obat 1165', 'Salep', 156, 15250, '2026-02-24'),
(1166, 'Obat 1166', 'Tablet', 163, 15300, '2027-03-27'),
(1167, 'Obat 1167', 'Sirup', 170, 15350, '2028-04-02'),
(1168, 'Obat 1168', 'Injeksi', 175, 15400, '2029-05-05'),
(1169, 'Obat 1169', 'Kapsul', 184, 15450, '2030-06-08'),
(1170, 'Obat 1170', 'Salep', 191, 15500, '2026-07-11'),
(1171, 'Obat 1171', 'Tablet', 198, 15550, '2027-08-14'),
(1172, 'Obat 1172', 'Sirup', 5, 15600, '2028-09-17'),
(1173, 'Obat 1173', 'Injeksi', 12, 15650, '2029-10-20'),
(1174, 'Obat 1174', 'Kapsul', 19, 15700, '2030-11-23'),
(1175, 'Obat 1175', 'Salep', 26, 15750, '2026-12-26'),
(1176, 'Obat 1176', 'Tablet', 33, 15800, '2027-01-01'),
(1177, 'Obat 1177', 'Sirup', 40, 15850, '2028-02-04'),
(1178, 'Obat 1178', 'Injeksi', 47, 15900, '2029-03-07'),
(1179, 'Obat 1179', 'Kapsul', 54, 15950, '2030-04-10'),
(1180, 'Obat 1180', 'Salep', 61, 16000, '2026-05-13'),
(1181, 'Obat 1181', 'Tablet', 68, 16050, '2027-06-16'),
(1182, 'Obat 1182', 'Sirup', 75, 16100, '2028-07-19'),
(1183, 'Obat 1183', 'Injeksi', 82, 16150, '2029-08-22'),
(1184, 'Obat 1184', 'Kapsul', 89, 16200, '2030-09-25'),
(1185, 'Obat 1185', 'Salep', 96, 16250, '2026-10-28'),
(1186, 'Obat 1186', 'Tablet', 101, 16300, '2027-11-03'),
(1187, 'Obat 1187', 'Sirup', 109, 16350, '2028-12-06'),
(1188, 'Obat 1188', 'Injeksi', 117, 16400, '2029-01-09'),
(1189, 'Obat 1189', 'Kapsul', 124, 16450, '2030-02-12'),
(1190, 'Obat 1190', 'Salep', 131, 16500, '2026-03-15'),
(1191, 'Obat 1191', 'Tablet', 135, 16550, '2027-04-18'),
(1192, 'Obat 1192', 'Sirup', 145, 16600, '2028-05-21'),
(1193, 'Obat 1193', 'Injeksi', 152, 16650, '2029-06-24'),
(1194, 'Obat 1194', 'Kapsul', 159, 16700, '2030-07-27'),
(1195, 'Obat 1195', 'Salep', 166, 16750, '2026-08-02'),
(1196, 'Obat 1196', 'Tablet', 173, 16800, '2027-09-05'),
(1197, 'Obat 1197', 'Sirup', 180, 16850, '2028-10-08'),
(1198, 'Obat 1198', 'Injeksi', 187, 16900, '2029-11-11'),
(1199, 'Obat 1199', 'Kapsul', 194, 16950, '2030-12-14'),
(1200, 'Obat 1200', 'Salep', 1, 2000, '2026-01-17'),
(1201, 'Obat 1201', 'Tablet', 8, 2050, '2027-02-20'),
(1202, 'Obat 1202', 'Sirup', 15, 2100, '2028-03-23'),
(1203, 'Obat 1203', 'Injeksi', 22, 2150, '2029-04-26'),
(1204, 'Obat 1204', 'Kapsul', 29, 2200, '2030-05-01'),
(1205, 'Obat 1205', 'Salep', 36, 2250, '2026-06-04'),
(1206, 'Obat 1206', 'Tablet', 43, 2300, '2027-07-07'),
(1207, 'Obat 1207', 'Sirup', 50, 2350, '2028-08-10'),
(1208, 'Obat 1208', 'Injeksi', 57, 2400, '2029-09-13'),
(1209, 'Obat 1209', 'Kapsul', 64, 2450, '2030-10-16'),
(1210, 'Obat 1210', 'Salep', 71, 2500, '2026-11-19'),
(1211, 'Obat 1211', 'Tablet', 78, 2550, '2027-12-22'),
(1212, 'Obat 1212', 'Sirup', 85, 2600, '2028-01-25'),
(1213, 'Obat 1213', 'Injeksi', 92, 2650, '2029-02-28'),
(1214, 'Obat 1214', 'Kapsul', 99, 2700, '2030-03-03'),
(1215, 'Obat 1215', 'Salep', 106, 2750, '2026-04-06'),
(1216, 'Obat 1216', 'Tablet', 113, 2800, '2027-05-09'),
(1217, 'Obat 1217', 'Sirup', 120, 2850, '2028-06-12'),
(1218, 'Obat 1218', 'Injeksi', 127, 2900, '2029-07-15'),
(1219, 'Obat 1219', 'Kapsul', 134, 2950, '2030-08-18'),
(1220, 'Obat 1220', 'Salep', 141, 3000, '2026-09-21'),
(1221, 'Obat 1221', 'Tablet', 148, 3050, '2027-10-24'),
(1222, 'Obat 1222', 'Sirup', 155, 3100, '2028-11-27'),
(1223, 'Obat 1223', 'Injeksi', 162, 3150, '2029-12-02'),
(1224, 'Obat 1224', 'Kapsul', 166, 3200, '2030-01-05'),
(1225, 'Obat 1225', 'Salep', 176, 3250, '2026-02-08'),
(1226, 'Obat 1226', 'Tablet', 183, 3300, '2027-03-11'),
(1227, 'Obat 1227', 'Sirup', 190, 3350, '2028-04-14'),
(1228, 'Obat 1228', 'Injeksi', 197, 3400, '2029-05-17'),
(1229, 'Obat 1229', 'Kapsul', 4, 3450, '2030-06-20'),
(1230, 'Obat 1230', 'Salep', 11, 3500, '2026-07-23'),
(1231, 'Obat 1231', 'Tablet', 18, 3550, '2027-08-26'),
(1232, 'Obat 1232', 'Sirup', 25, 3600, '2028-09-01'),
(1233, 'Obat 1233', 'Injeksi', 32, 3650, '2029-10-04'),
(1234, 'Obat 1234', 'Kapsul', 39, 3700, '2030-11-07'),
(1235, 'Obat 1235', 'Salep', 46, 3750, '2026-12-10'),
(1236, 'Obat 1236', 'Tablet', 53, 3800, '2027-01-13'),
(1237, 'Obat 1237', 'Sirup', 60, 3850, '2028-02-16'),
(1238, 'Obat 1238', 'Injeksi', 67, 3900, '2029-03-19'),
(1239, 'Obat 1239', 'Kapsul', 74, 3950, '2030-04-22'),
(1240, 'Obat 1240', 'Salep', 81, 4000, '2026-05-25'),
(1241, 'Obat 1241', 'Tablet', 88, 4050, '2027-06-28'),
(1242, 'Obat 1242', 'Sirup', 95, 4100, '2028-07-03'),
(1243, 'Obat 1243', 'Injeksi', 102, 4150, '2029-08-06'),
(1244, 'Obat 1244', 'Kapsul', 108, 4200, '2030-09-09'),
(1245, 'Obat 1245', 'Salep', 116, 4250, '2026-10-12'),
(1246, 'Obat 1246', 'Tablet', 123, 4300, '2027-11-15'),
(1247, 'Obat 1247', 'Sirup', 130, 4350, '2028-12-18'),
(1248, 'Obat 1248', 'Injeksi', 137, 4400, '2029-01-21'),
(1249, 'Obat 1249', 'Kapsul', 144, 4450, '2030-02-24'),
(1250, 'Obat 1250', 'Salep', 151, 4500, '2026-03-27'),
(1251, 'Obat 1251', 'Tablet', 158, 4550, '2027-04-02'),
(1252, 'Obat 1252', 'Sirup', 165, 4600, '2028-05-05'),
(1253, 'Obat 1253', 'Injeksi', 172, 4650, '2029-06-08'),
(1254, 'Obat 1254', 'Kapsul', 179, 4700, '2030-07-11'),
(1255, 'Obat 1255', 'Salep', 186, 4750, '2026-08-14'),
(1256, 'Obat 1256', 'Tablet', 193, 4800, '2027-09-17'),
(1257, 'Obat 1257', 'Sirup', 198, 4850, '2028-10-20'),
(1258, 'Obat 1258', 'Injeksi', 7, 4900, '2029-11-23'),
(1259, 'Obat 1259', 'Kapsul', 14, 4950, '2030-12-26'),
(1260, 'Obat 1260', 'Salep', 21, 5000, '2026-01-01'),
(1261, 'Obat 1261', 'Tablet', 28, 5050, '2027-02-04'),
(1262, 'Obat 1262', 'Sirup', 35, 5100, '2028-03-07'),
(1263, 'Obat 1263', 'Injeksi', 42, 5150, '2029-04-10'),
(1264, 'Obat 1264', 'Kapsul', 49, 5200, '2030-05-13'),
(1265, 'Obat 1265', 'Salep', 56, 5250, '2026-06-16'),
(1266, 'Obat 1266', 'Tablet', 63, 5300, '2027-07-19'),
(1267, 'Obat 1267', 'Sirup', 70, 5350, '2028-08-22'),
(1268, 'Obat 1268', 'Injeksi', 77, 5400, '2029-09-25'),
(1269, 'Obat 1269', 'Kapsul', 84, 5450, '2030-10-28'),
(1270, 'Obat 1270', 'Salep', 91, 5500, '2026-11-03'),
(1271, 'Obat 1271', 'Tablet', 98, 5550, '2027-12-06'),
(1272, 'Obat 1272', 'Sirup', 105, 5600, '2028-01-09'),
(1273, 'Obat 1273', 'Injeksi', 112, 5650, '2029-02-12'),
(1274, 'Obat 1274', 'Kapsul', 119, 5700, '2030-03-15'),
(1275, 'Obat 1275', 'Salep', 126, 5750, '2026-04-18'),
(1276, 'Obat 1276', 'Tablet', 133, 5800, '2027-05-21'),
(1277, 'Obat 1277', 'Sirup', 140, 5850, '2028-06-24'),
(1278, 'Obat 1278', 'Injeksi', 147, 5900, '2029-07-27'),
(1279, 'Obat 1279', 'Kapsul', 154, 5950, '2030-08-02'),
(1280, 'Obat 1280', 'Salep', 161, 6000, '2026-09-05'),
(1281, 'Obat 1281', 'Tablet', 168, 6050, '2027-10-08'),
(1282, 'Obat 1282', 'Sirup', 175, 6100, '2028-11-11'),
(1283, 'Obat 1283', 'Injeksi', 182, 6150, '2029-12-14'),
(1284, 'Obat 1284', 'Kapsul', 189, 6200, '2030-01-17'),
(1285, 'Obat 1285', 'Salep', 196, 6250, '2026-02-20'),
(1286, 'Obat 1286', 'Tablet', 3, 6300, '2027-03-23'),
(1287, 'Obat 1287', 'Sirup', 10, 6350, '2028-04-26'),
(1288, 'Obat 1288', 'Injeksi', 16, 6400, '2029-05-01'),
(1289, 'Obat 1289', 'Kapsul', 24, 6450, '2030-06-04'),
(1290, 'Obat 1290', 'Salep', 31, 6500, '2026-07-07'),
(1291, 'Obat 1291', 'Tablet', 38, 6550, '2027-08-10'),
(1292, 'Obat 1292', 'Sirup', 45, 6600, '2028-09-13'),
(1293, 'Obat 1293', 'Injeksi', 52, 6650, '2029-10-16'),
(1294, 'Obat 1294', 'Kapsul', 56, 6700, '2030-11-19'),
(1295, 'Obat 1295', 'Salep', 66, 6750, '2026-12-22'),
(1296, 'Obat 1296', 'Tablet', 73, 6800, '2027-01-25'),
(1297, 'Obat 1297', 'Sirup', 80, 6850, '2028-02-28'),
(1298, 'Obat 1298', 'Injeksi', 87, 6900, '2029-03-03'),
(1299, 'Obat 1299', 'Kapsul', 94, 6950, '2030-04-06'),
(1300, 'Obat 1300', 'Salep', 101, 7000, '2026-05-09'),
(1301, 'Obat 1301', 'Tablet', 108, 7050, '2027-06-12'),
(1302, 'Obat 1302', 'Sirup', 115, 7100, '2028-07-15'),
(1303, 'Obat 1303', 'Injeksi', 122, 7150, '2029-08-18'),
(1304, 'Obat 1304', 'Kapsul', 129, 7200, '2030-09-21'),
(1305, 'Obat 1305', 'Salep', 136, 7250, '2026-10-24'),
(1306, 'Obat 1306', 'Tablet', 143, 7300, '2027-11-27'),
(1307, 'Obat 1307', 'Sirup', 150, 7350, '2028-12-02'),
(1308, 'Obat 1308', 'Injeksi', 157, 7400, '2029-01-05'),
(1309, 'Obat 1309', 'Kapsul', 164, 7450, '2030-02-08'),
(1310, 'Obat 1310', 'Salep', 171, 7500, '2026-03-11'),
(1311, 'Obat 1311', 'Tablet', 178, 7550, '2027-04-14'),
(1312, 'Obat 1312', 'Sirup', 185, 7600, '2028-05-17'),
(1313, 'Obat 1313', 'Injeksi', 192, 7650, '2029-06-20'),
(1314, 'Obat 1314', 'Kapsul', 199, 7700, '2030-07-23'),
(1315, 'Obat 1315', 'Salep', 6, 7750, '2026-08-26'),
(1316, 'Obat 1316', 'Tablet', 13, 7800, '2027-09-01'),
(1317, 'Obat 1317', 'Sirup', 20, 7850, '2028-10-04'),
(1318, 'Obat 1318', 'Injeksi', 24, 7900, '2029-11-07'),
(1319, 'Obat 1319', 'Kapsul', 34, 7950, '2030-12-10'),
(1320, 'Obat 1320', 'Salep', 41, 8000, '2026-01-13'),
(1321, 'Obat 1321', 'Tablet', 48, 8050, '2027-02-16'),
(1322, 'Obat 1322', 'Sirup', 55, 8100, '2028-03-19'),
(1323, 'Obat 1323', 'Injeksi', 62, 8150, '2029-04-22'),
(1324, 'Obat 1324', 'Kapsul', 69, 8200, '2030-05-25'),
(1325, 'Obat 1325', 'Salep', 76, 8250, '2026-06-28'),
(1326, 'Obat 1326', 'Tablet', 83, 8300, '2027-07-03'),
(1327, 'Obat 1327', 'Sirup', 88, 8350, '2028-08-06'),
(1328, 'Obat 1328', 'Injeksi', 97, 8400, '2029-09-09'),
(1329, 'Obat 1329', 'Kapsul', 104, 8450, '2030-10-12'),
(1330, 'Obat 1330', 'Salep', 111, 8500, '2026-11-15'),
(1331, 'Obat 1331', 'Tablet', 118, 8550, '2027-12-18'),
(1332, 'Obat 1332', 'Sirup', 125, 8600, '2028-01-21'),
(1333, 'Obat 1333', 'Injeksi', 130, 8650, '2029-02-24'),
(1334, 'Obat 1334', 'Kapsul', 139, 8700, '2030-03-27'),
(1335, 'Obat 1335', 'Salep', 146, 8750, '2026-04-02'),
(1336, 'Obat 1336', 'Tablet', 153, 8800, '2027-05-05'),
(1337, 'Obat 1337', 'Sirup', 160, 8850, '2028-06-08'),
(1338, 'Obat 1338', 'Injeksi', 167, 8900, '2029-07-11'),
(1339, 'Obat 1339', 'Kapsul', 174, 8950, '2030-08-14'),
(1340, 'Obat 1340', 'Salep', 181, 9000, '2026-09-17'),
(1341, 'Obat 1341', 'Tablet', 188, 9050, '2027-10-20'),
(1342, 'Obat 1342', 'Sirup', 195, 9100, '2028-11-23'),
(1343, 'Obat 1343', 'Injeksi', 2, 9150, '2029-12-26'),
(1344, 'Obat 1344', 'Kapsul', 9, 9200, '2030-01-01'),
(1345, 'Obat 1345', 'Salep', 16, 9250, '2026-02-04'),
(1346, 'Obat 1346', 'Tablet', 23, 9300, '2027-03-07'),
(1347, 'Obat 1347', 'Sirup', 30, 9350, '2028-04-10'),
(1348, 'Obat 1348', 'Injeksi', 37, 9400, '2029-05-13'),
(1349, 'Obat 1349', 'Kapsul', 44, 9450, '2030-06-16'),
(1350, 'Obat 1350', 'Salep', 51, 9500, '2026-07-19'),
(1351, 'Obat 1351', 'Tablet', 58, 9550, '2027-08-22'),
(1352, 'Obat 1352', 'Sirup', 65, 9600, '2028-09-25'),
(1353, 'Obat 1353', 'Injeksi', 72, 9650, '2029-10-28'),
(1354, 'Obat 1354', 'Kapsul', 79, 9700, '2030-11-03'),
(1355, 'Obat 1355', 'Salep', 86, 9750, '2026-12-06'),
(1356, 'Obat 1356', 'Tablet', 93, 9800, '2027-01-09'),
(1357, 'Obat 1357', 'Sirup', 100, 9850, '2028-02-12'),
(1358, 'Obat 1358', 'Injeksi', 107, 9900, '2029-03-15'),
(1359, 'Obat 1359', 'Kapsul', 114, 9950, '2030-04-18'),
(1360, 'Obat 1360', 'Salep', 121, 10000, '2026-05-21'),
(1361, 'Obat 1361', 'Tablet', 128, 10050, '2027-06-24'),
(1362, 'Obat 1362', 'Sirup', 135, 10100, '2028-07-27'),
(1363, 'Obat 1363', 'Injeksi', 142, 10150, '2029-08-02'),
(1364, 'Obat 1364', 'Kapsul', 149, 10200, '2030-09-05'),
(1365, 'Obat 1365', 'Salep', 156, 10250, '2026-10-08'),
(1366, 'Obat 1366', 'Tablet', 163, 10300, '2027-11-11'),
(1367, 'Obat 1367', 'Sirup', 170, 10350, '2028-12-14'),
(1368, 'Obat 1368', 'Injeksi', 177, 10400, '2029-01-17'),
(1369, 'Obat 1369', 'Kapsul', 184, 10450, '2030-02-20'),
(1370, 'Obat 1370', 'Salep', 191, 10500, '2026-03-23'),
(1371, 'Obat 1371', 'Tablet', 198, 10550, '2027-04-26'),
(1372, 'Obat 1372', 'Sirup', 5, 10600, '2028-05-01'),
(1373, 'Obat 1373', 'Injeksi', 12, 10650, '2029-06-04'),
(1374, 'Obat 1374', 'Kapsul', 19, 10700, '2030-07-07'),
(1375, 'Obat 1375', 'Salep', 26, 10750, '2026-08-10'),
(1376, 'Obat 1376', 'Tablet', 33, 10800, '2027-09-13'),
(1377, 'Obat 1377', 'Sirup', 40, 10850, '2028-10-16'),
(1378, 'Obat 1378', 'Injeksi', 47, 10900, '2029-11-19'),
(1379, 'Obat 1379', 'Kapsul', 54, 10950, '2030-12-22'),
(1380, 'Obat 1380', 'Salep', 61, 11000, '2026-01-25'),
(1381, 'Obat 1381', 'Tablet', 68, 11050, '2027-02-28'),
(1382, 'Obat 1382', 'Sirup', 75, 11100, '2028-03-03'),
(1383, 'Obat 1383', 'Injeksi', 82, 11150, '2029-04-06'),
(1384, 'Obat 1384', 'Kapsul', 89, 11200, '2030-05-09'),
(1385, 'Obat 1385', 'Salep', 96, 11250, '2026-06-12'),
(1386, 'Obat 1386', 'Tablet', 103, 11300, '2027-07-15'),
(1387, 'Obat 1387', 'Sirup', 110, 11350, '2028-08-18'),
(1388, 'Obat 1388', 'Injeksi', 117, 11400, '2029-09-21'),
(1389, 'Obat 1389', 'Kapsul', 124, 11450, '2030-10-24'),
(1390, 'Obat 1390', 'Salep', 131, 11500, '2026-11-27'),
(1391, 'Obat 1391', 'Tablet', 138, 11550, '2027-12-02'),
(1392, 'Obat 1392', 'Sirup', 145, 11600, '2028-01-05'),
(1393, 'Obat 1393', 'Injeksi', 152, 11650, '2029-02-08'),
(1394, 'Obat 1394', 'Kapsul', 159, 11700, '2030-03-11'),
(1395, 'Obat 1395', 'Salep', 166, 11750, '2026-04-14'),
(1396, 'Obat 1396', 'Tablet', 173, 11800, '2027-05-17'),
(1397, 'Obat 1397', 'Sirup', 180, 11850, '2028-06-20'),
(1398, 'Obat 1398', 'Injeksi', 187, 11900, '2029-07-23'),
(1399, 'Obat 1399', 'Kapsul', 194, 11950, '2030-08-26'),
(1400, 'Obat 1400', 'Salep', 1, 12000, '2026-09-01'),
(1401, 'Obat 1401', 'Tablet', 8, 12050, '2027-10-04'),
(1402, 'Obat 1402', 'Sirup', 15, 12100, '2028-11-07'),
(1403, 'Obat 1403', 'Injeksi', 22, 12150, '2029-12-10'),
(1404, 'Obat 1404', 'Kapsul', 29, 12200, '2030-01-13'),
(1405, 'Obat 1405', 'Salep', 36, 12250, '2026-02-16'),
(1406, 'Obat 1406', 'Tablet', 43, 12300, '2027-03-19'),
(1407, 'Obat 1407', 'Sirup', 50, 12350, '2028-04-22'),
(1408, 'Obat 1408', 'Injeksi', 54, 12400, '2029-05-25'),
(1409, 'Obat 1409', 'Kapsul', 64, 12450, '2030-06-28'),
(1410, 'Obat 1410', 'Salep', 71, 12500, '2026-07-03'),
(1411, 'Obat 1411', 'Tablet', 78, 12550, '2027-08-06'),
(1412, 'Obat 1412', 'Sirup', 85, 12600, '2028-09-09'),
(1413, 'Obat 1413', 'Injeksi', 92, 12650, '2029-10-12'),
(1414, 'Obat 1414', 'Kapsul', 99, 12700, '2030-11-15'),
(1415, 'Obat 1415', 'Salep', 105, 12750, '2026-12-18'),
(1416, 'Obat 1416', 'Tablet', 113, 12800, '2027-01-21'),
(1417, 'Obat 1417', 'Sirup', 120, 12850, '2028-02-24'),
(1418, 'Obat 1418', 'Injeksi', 127, 12900, '2029-03-27'),
(1419, 'Obat 1419', 'Kapsul', 134, 12950, '2030-04-02'),
(1420, 'Obat 1420', 'Salep', 141, 13000, '2026-05-05'),
(1421, 'Obat 1421', 'Tablet', 148, 13050, '2027-06-08'),
(1422, 'Obat 1422', 'Sirup', 155, 13100, '2028-07-11'),
(1423, 'Obat 1423', 'Injeksi', 162, 13150, '2029-08-14'),
(1424, 'Obat 1424', 'Kapsul', 169, 13200, '2030-09-17'),
(1425, 'Obat 1425', 'Salep', 176, 13250, '2026-10-20'),
(1426, 'Obat 1426', 'Tablet', 183, 13300, '2027-11-23'),
(1427, 'Obat 1427', 'Sirup', 190, 13350, '2028-12-26'),
(1428, 'Obat 1428', 'Injeksi', 197, 13400, '2029-01-01'),
(1429, 'Obat 1429', 'Kapsul', 4, 13450, '2030-02-04'),
(1430, 'Obat 1430', 'Salep', 11, 13500, '2026-03-07'),
(1431, 'Obat 1431', 'Tablet', 18, 13550, '2027-04-10'),
(1432, 'Obat 1432', 'Sirup', 25, 13600, '2028-05-13'),
(1433, 'Obat 1433', 'Injeksi', 32, 13650, '2029-06-16'),
(1434, 'Obat 1434', 'Kapsul', 39, 13700, '2030-07-19'),
(1435, 'Obat 1435', 'Salep', 46, 13750, '2026-08-22'),
(1436, 'Obat 1436', 'Tablet', 53, 13800, '2027-09-25'),
(1437, 'Obat 1437', 'Sirup', 60, 13850, '2028-10-28'),
(1438, 'Obat 1438', 'Injeksi', 67, 13900, '2029-11-03'),
(1439, 'Obat 1439', 'Kapsul', 74, 13950, '2030-12-06'),
(1440, 'Obat 1440', 'Salep', 81, 14000, '2026-01-09'),
(1441, 'Obat 1441', 'Tablet', 88, 14050, '2027-02-12'),
(1442, 'Obat 1442', 'Sirup', 95, 14100, '2028-03-15'),
(1443, 'Obat 1443', 'Injeksi', 102, 14150, '2029-04-18'),
(1444, 'Obat 1444', 'Kapsul', 109, 14200, '2030-05-21'),
(1445, 'Obat 1445', 'Salep', 116, 14250, '2026-06-24'),
(1446, 'Obat 1446', 'Tablet', 123, 14300, '2027-07-27'),
(1447, 'Obat 1447', 'Sirup', 130, 14350, '2028-08-02'),
(1448, 'Obat 1448', 'Injeksi', 137, 14400, '2029-09-05'),
(1449, 'Obat 1449', 'Kapsul', 144, 14450, '2030-10-08'),
(1450, 'Obat 1450', 'Salep', 149, 14500, '2026-11-11'),
(1451, 'Obat 1451', 'Tablet', 158, 14550, '2027-12-14'),
(1452, 'Obat 1452', 'Sirup', 165, 14600, '2028-01-17'),
(1453, 'Obat 1453', 'Injeksi', 172, 14650, '2029-02-20'),
(1454, 'Obat 1454', 'Kapsul', 179, 14700, '2030-03-23'),
(1455, 'Obat 1455', 'Salep', 186, 14750, '2026-04-26'),
(1456, 'Obat 1456', 'Tablet', 193, 14800, '2027-05-01'),
(1457, 'Obat 1457', 'Sirup', 200, 14850, '2028-06-04'),
(1458, 'Obat 1458', 'Injeksi', 7, 14900, '2029-07-07'),
(1459, 'Obat 1459', 'Kapsul', 14, 14950, '2030-08-10'),
(1460, 'Obat 1460', 'Salep', 21, 15000, '2026-09-13'),
(1461, 'Obat 1461', 'Tablet', 28, 15050, '2027-10-16'),
(1462, 'Obat 1462', 'Sirup', 35, 15100, '2028-11-19'),
(1463, 'Obat 1463', 'Injeksi', 42, 15150, '2029-12-22'),
(1464, 'Obat 1464', 'Kapsul', 49, 15200, '2030-01-25'),
(1465, 'Obat 1465', 'Salep', 56, 15250, '2026-02-28'),
(1466, 'Obat 1466', 'Tablet', 60, 15300, '2027-03-03'),
(1467, 'Obat 1467', 'Sirup', 70, 15350, '2028-04-06'),
(1468, 'Obat 1468', 'Injeksi', 77, 15400, '2029-05-09'),
(1469, 'Obat 1469', 'Kapsul', 84, 15450, '2030-06-12'),
(1470, 'Obat 1470', 'Salep', 91, 15500, '2026-07-15'),
(1471, 'Obat 1471', 'Tablet', 98, 15550, '2027-08-18'),
(1472, 'Obat 1472', 'Sirup', 105, 15600, '2028-09-21'),
(1473, 'Obat 1473', 'Injeksi', 112, 15650, '2029-10-24'),
(1474, 'Obat 1474', 'Kapsul', 119, 15700, '2030-11-27'),
(1475, 'Obat 1475', 'Salep', 126, 15750, '2026-12-02'),
(1476, 'Obat 1476', 'Tablet', 133, 15800, '2027-01-05'),
(1477, 'Obat 1477', 'Sirup', 140, 15850, '2028-02-08'),
(1478, 'Obat 1478', 'Injeksi', 147, 15900, '2029-03-11'),
(1479, 'Obat 1479', 'Kapsul', 154, 15950, '2030-04-14'),
(1480, 'Obat 1480', 'Salep', 161, 16000, '2026-05-17'),
(1481, 'Obat 1481', 'Tablet', 168, 16050, '2027-06-20'),
(1482, 'Obat 1482', 'Sirup', 175, 16100, '2028-07-23'),
(1483, 'Obat 1483', 'Injeksi', 182, 16150, '2029-08-26'),
(1484, 'Obat 1484', 'Kapsul', 189, 16200, '2030-09-01'),
(1485, 'Obat 1485', 'Salep', 196, 16250, '2026-10-04'),
(1486, 'Obat 1486', 'Tablet', 3, 16300, '2027-11-07'),
(1487, 'Obat 1487', 'Sirup', 10, 16350, '2028-12-10'),
(1488, 'Obat 1488', 'Injeksi', 17, 16400, '2029-01-13'),
(1489, 'Obat 1489', 'Kapsul', 24, 16450, '2030-02-16'),
(1490, 'Obat 1490', 'Salep', 30, 16500, '2026-03-19'),
(1491, 'Obat 1491', 'Tablet', 38, 16550, '2027-04-22'),
(1492, 'Obat 1492', 'Sirup', 45, 16600, '2028-05-25'),
(1493, 'Obat 1493', 'Injeksi', 52, 16650, '2029-06-28'),
(1494, 'Obat 1494', 'Kapsul', 59, 16700, '2030-07-03'),
(1495, 'Obat 1495', 'Salep', 66, 16750, '2026-08-06'),
(1496, 'Obat 1496', 'Tablet', 73, 16800, '2027-09-09'),
(1497, 'Obat 1497', 'Sirup', 80, 16850, '2028-10-12'),
(1498, 'Obat 1498', 'Injeksi', 87, 16900, '2029-11-15'),
(1499, 'Obat 1499', 'Kapsul', 94, 16950, '2030-12-18'),
(1500, 'Obat 1500', 'Salep', 101, 2000, '2026-01-21'),
(1501, 'Obat 1501', 'Tablet', 108, 2050, '2027-02-24'),
(1502, 'Obat 1502', 'Sirup', 115, 2100, '2028-03-27'),
(1503, 'Obat 1503', 'Injeksi', 122, 2150, '2029-04-02'),
(1504, 'Obat 1504', 'Kapsul', 129, 2200, '2030-05-05'),
(1505, 'Obat 1505', 'Salep', 136, 2250, '2026-06-08'),
(1506, 'Obat 1506', 'Tablet', 143, 2300, '2027-07-11'),
(1507, 'Obat 1507', 'Sirup', 150, 2350, '2028-08-14'),
(1508, 'Obat 1508', 'Injeksi', 157, 2400, '2029-09-17'),
(1509, 'Obat 1509', 'Kapsul', 164, 2450, '2030-10-20'),
(1510, 'Obat 1510', 'Salep', 171, 2500, '2026-11-23'),
(1511, 'Obat 1511', 'Tablet', 178, 2550, '2027-12-26'),
(1512, 'Obat 1512', 'Sirup', 185, 2600, '2028-01-01'),
(1513, 'Obat 1513', 'Injeksi', 192, 2650, '2029-02-04'),
(1514, 'Obat 1514', 'Kapsul', 199, 2700, '2030-03-07'),
(1515, 'Obat 1515', 'Salep', 6, 2750, '2026-04-10'),
(1516, 'Obat 1516', 'Tablet', 13, 2800, '2027-05-13'),
(1517, 'Obat 1517', 'Sirup', 20, 2850, '2028-06-16'),
(1518, 'Obat 1518', 'Injeksi', 27, 2900, '2029-07-19'),
(1519, 'Obat 1519', 'Kapsul', 34, 2950, '2030-08-22'),
(1520, 'Obat 1520', 'Salep', 41, 3000, '2026-09-25'),
(1521, 'Obat 1521', 'Tablet', 48, 3050, '2027-10-28'),
(1522, 'Obat 1522', 'Sirup', 55, 3100, '2028-11-03'),
(1523, 'Obat 1523', 'Injeksi', 62, 3150, '2029-12-06'),
(1524, 'Obat 1524', 'Kapsul', 69, 3200, '2030-01-09'),
(1525, 'Obat 1525', 'Salep', 76, 3250, '2026-02-12'),
(1526, 'Obat 1526', 'Tablet', 83, 3300, '2027-03-15'),
(1527, 'Obat 1527', 'Sirup', 90, 3350, '2028-04-18'),
(1528, 'Obat 1528', 'Injeksi', 97, 3400, '2029-05-21'),
(1529, 'Obat 1529', 'Kapsul', 104, 3450, '2030-06-24'),
(1530, 'Obat 1530', 'Salep', 111, 3500, '2026-07-27'),
(1531, 'Obat 1531', 'Tablet', 118, 3550, '2027-08-02'),
(1532, 'Obat 1532', 'Sirup', 125, 3600, '2028-09-05'),
(1533, 'Obat 1533', 'Injeksi', 132, 3650, '2029-10-08'),
(1534, 'Obat 1534', 'Kapsul', 139, 3700, '2030-11-11'),
(1535, 'Obat 1535', 'Salep', 146, 3750, '2026-12-14'),
(1536, 'Obat 1536', 'Tablet', 153, 3800, '2027-01-17'),
(1537, 'Obat 1537', 'Sirup', 160, 3850, '2028-02-20'),
(1538, 'Obat 1538', 'Injeksi', 167, 3900, '2029-03-23'),
(1539, 'Obat 1539', 'Kapsul', 174, 3950, '2030-04-26'),
(1540, 'Obat 1540', 'Salep', 181, 4000, '2026-05-01'),
(1541, 'Obat 1541', 'Tablet', 188, 4050, '2027-06-04'),
(1542, 'Obat 1542', 'Sirup', 195, 4100, '2028-07-07'),
(1543, 'Obat 1543', 'Injeksi', 2, 4150, '2029-08-10'),
(1544, 'Obat 1544', 'Kapsul', 9, 4200, '2030-09-13'),
(1545, 'Obat 1545', 'Salep', 16, 4250, '2026-10-16'),
(1546, 'Obat 1546', 'Tablet', 23, 4300, '2027-11-19'),
(1547, 'Obat 1547', 'Sirup', 30, 4350, '2028-12-22'),
(1548, 'Obat 1548', 'Injeksi', 37, 4400, '2029-01-25'),
(1549, 'Obat 1549', 'Kapsul', 44, 4450, '2030-02-28'),
(1550, 'Obat 1550', 'Salep', 51, 4500, '2026-03-03'),
(1551, 'Obat 1551', 'Tablet', 58, 4550, '2027-04-06'),
(1552, 'Obat 1552', 'Sirup', 65, 4600, '2028-05-09'),
(1553, 'Obat 1553', 'Injeksi', 72, 4650, '2029-06-12'),
(1554, 'Obat 1554', 'Kapsul', 76, 4700, '2030-07-15'),
(1555, 'Obat 1555', 'Salep', 86, 4750, '2026-08-18'),
(1556, 'Obat 1556', 'Tablet', 93, 4800, '2027-09-21'),
(1557, 'Obat 1557', 'Sirup', 100, 4850, '2028-10-24'),
(1558, 'Obat 1558', 'Injeksi', 107, 4900, '2029-11-27'),
(1559, 'Obat 1559', 'Kapsul', 114, 4950, '2030-12-02'),
(1560, 'Obat 1560', 'Salep', 121, 5000, '2026-01-05'),
(1561, 'Obat 1561', 'Tablet', 128, 5050, '2027-02-08'),
(1562, 'Obat 1562', 'Sirup', 135, 5100, '2028-03-11'),
(1563, 'Obat 1563', 'Injeksi', 142, 5150, '2029-04-14'),
(1564, 'Obat 1564', 'Kapsul', 149, 5200, '2030-05-17'),
(1565, 'Obat 1565', 'Salep', 156, 5250, '2026-06-20'),
(1566, 'Obat 1566', 'Tablet', 161, 5300, '2027-07-23'),
(1567, 'Obat 1567', 'Sirup', 170, 5350, '2028-08-26'),
(1568, 'Obat 1568', 'Injeksi', 177, 5400, '2029-09-01'),
(1569, 'Obat 1569', 'Kapsul', 184, 5450, '2030-10-04'),
(1570, 'Obat 1570', 'Salep', 191, 5500, '2026-11-07'),
(1571, 'Obat 1571', 'Tablet', 198, 5550, '2027-12-10'),
(1572, 'Obat 1572', 'Sirup', 5, 5600, '2028-01-13'),
(1573, 'Obat 1573', 'Injeksi', 12, 5650, '2029-02-16'),
(1574, 'Obat 1574', 'Kapsul', 19, 5700, '2030-03-19'),
(1575, 'Obat 1575', 'Salep', 26, 5750, '2026-04-22'),
(1576, 'Obat 1576', 'Tablet', 33, 5800, '2027-05-25'),
(1577, 'Obat 1577', 'Sirup', 40, 5850, '2028-06-28'),
(1578, 'Obat 1578', 'Injeksi', 47, 5900, '2029-07-03'),
(1579, 'Obat 1579', 'Kapsul', 54, 5950, '2030-08-06'),
(1580, 'Obat 1580', 'Salep', 61, 6000, '2026-09-09'),
(1581, 'Obat 1581', 'Tablet', 68, 6050, '2027-10-12'),
(1582, 'Obat 1582', 'Sirup', 75, 6100, '2028-11-15'),
(1583, 'Obat 1583', 'Injeksi', 82, 6150, '2029-12-18'),
(1584, 'Obat 1584', 'Kapsul', 89, 6200, '2030-01-21'),
(1585, 'Obat 1585', 'Salep', 96, 6250, '2026-02-24'),
(1586, 'Obat 1586', 'Tablet', 103, 6300, '2027-03-27'),
(1587, 'Obat 1587', 'Sirup', 110, 6350, '2028-04-02'),
(1588, 'Obat 1588', 'Injeksi', 117, 6400, '2029-05-05'),
(1589, 'Obat 1589', 'Kapsul', 124, 6450, '2030-06-08'),
(1590, 'Obat 1590', 'Salep', 131, 6500, '2026-07-11'),
(1591, 'Obat 1591', 'Tablet', 138, 6550, '2027-08-14'),
(1592, 'Obat 1592', 'Sirup', 145, 6600, '2028-09-17'),
(1593, 'Obat 1593', 'Injeksi', 152, 6650, '2029-10-20'),
(1594, 'Obat 1594', 'Kapsul', 159, 6700, '2030-11-23'),
(1595, 'Obat 1595', 'Salep', 166, 6750, '2026-12-26'),
(1596, 'Obat 1596', 'Tablet', 173, 6800, '2027-01-01'),
(1597, 'Obat 1597', 'Sirup', 180, 6850, '2028-02-04'),
(1598, 'Obat 1598', 'Injeksi', 185, 6900, '2029-03-07'),
(1599, 'Obat 1599', 'Kapsul', 194, 6950, '2030-04-10'),
(1600, 'Obat 1600', 'Salep', 1, 7000, '2026-05-13'),
(1601, 'Obat 1601', 'Tablet', 8, 7050, '2027-06-16'),
(1602, 'Obat 1602', 'Sirup', 15, 7100, '2028-07-19'),
(1603, 'Obat 1603', 'Injeksi', 22, 7150, '2029-08-22'),
(1604, 'Obat 1604', 'Kapsul', 29, 7200, '2030-09-25'),
(1605, 'Obat 1605', 'Salep', 36, 7250, '2026-10-28'),
(1606, 'Obat 1606', 'Tablet', 43, 7300, '2027-11-03'),
(1607, 'Obat 1607', 'Sirup', 50, 7350, '2028-12-06'),
(1608, 'Obat 1608', 'Injeksi', 57, 7400, '2029-01-09'),
(1609, 'Obat 1609', 'Kapsul', 64, 7450, '2030-02-12'),
(1610, 'Obat 1610', 'Salep', 71, 7500, '2026-03-15'),
(1611, 'Obat 1611', 'Tablet', 78, 7550, '2027-04-18'),
(1612, 'Obat 1612', 'Sirup', 85, 7600, '2028-05-21'),
(1613, 'Obat 1613', 'Injeksi', 92, 7650, '2029-06-24'),
(1614, 'Obat 1614', 'Kapsul', 99, 7700, '2030-07-27'),
(1615, 'Obat 1615', 'Salep', 106, 7750, '2026-08-02'),
(1616, 'Obat 1616', 'Tablet', 113, 7800, '2027-09-05'),
(1617, 'Obat 1617', 'Sirup', 120, 7850, '2028-10-08'),
(1618, 'Obat 1618', 'Injeksi', 127, 7900, '2029-11-11'),
(1619, 'Obat 1619', 'Kapsul', 134, 7950, '2030-12-14'),
(1620, 'Obat 1620', 'Salep', 141, 8000, '2026-01-17'),
(1621, 'Obat 1621', 'Tablet', 148, 8050, '2027-02-20'),
(1622, 'Obat 1622', 'Sirup', 154, 8100, '2028-03-23'),
(1623, 'Obat 1623', 'Injeksi', 162, 8150, '2029-04-26'),
(1624, 'Obat 1624', 'Kapsul', 169, 8200, '2030-05-01'),
(1625, 'Obat 1625', 'Salep', 176, 8250, '2026-06-04'),
(1626, 'Obat 1626', 'Tablet', 183, 8300, '2027-07-07'),
(1627, 'Obat 1627', 'Sirup', 190, 8350, '2028-08-10'),
(1628, 'Obat 1628', 'Injeksi', 197, 8400, '2029-09-13'),
(1629, 'Obat 1629', 'Kapsul', 4, 8450, '2030-10-16'),
(1630, 'Obat 1630', 'Salep', 11, 8500, '2026-11-19'),
(1631, 'Obat 1631', 'Tablet', 18, 8550, '2027-12-22'),
(1632, 'Obat 1632', 'Sirup', 25, 8600, '2028-01-25'),
(1633, 'Obat 1633', 'Injeksi', 32, 8650, '2029-02-28'),
(1634, 'Obat 1634', 'Kapsul', 39, 8700, '2030-03-03'),
(1635, 'Obat 1635', 'Salep', 46, 8750, '2026-04-06'),
(1636, 'Obat 1636', 'Tablet', 53, 8800, '2027-05-09'),
(1637, 'Obat 1637', 'Sirup', 58, 8850, '2028-06-12'),
(1638, 'Obat 1638', 'Injeksi', 67, 8900, '2029-07-15'),
(1639, 'Obat 1639', 'Kapsul', 74, 8950, '2030-08-18'),
(1640, 'Obat 1640', 'Salep', 81, 9000, '2026-09-21'),
(1641, 'Obat 1641', 'Tablet', 88, 9050, '2027-10-24'),
(1642, 'Obat 1642', 'Sirup', 95, 9100, '2028-11-27'),
(1643, 'Obat 1643', 'Injeksi', 102, 9150, '2029-12-02'),
(1644, 'Obat 1644', 'Kapsul', 109, 9200, '2030-01-05'),
(1645, 'Obat 1645', 'Salep', 116, 9250, '2026-02-08'),
(1646, 'Obat 1646', 'Tablet', 123, 9300, '2027-03-11'),
(1647, 'Obat 1647', 'Sirup', 130, 9350, '2028-04-14'),
(1648, 'Obat 1648', 'Injeksi', 137, 9400, '2029-05-17'),
(1649, 'Obat 1649', 'Kapsul', 144, 9450, '2030-06-20'),
(1650, 'Obat 1650', 'Salep', 151, 9500, '2026-07-23'),
(1651, 'Obat 1651', 'Tablet', 158, 9550, '2027-08-26'),
(1652, 'Obat 1652', 'Sirup', 165, 9600, '2028-09-01'),
(1653, 'Obat 1653', 'Injeksi', 172, 9650, '2029-10-04'),
(1654, 'Obat 1654', 'Kapsul', 179, 9700, '2030-11-07'),
(1655, 'Obat 1655', 'Salep', 184, 9750, '2026-12-10'),
(1656, 'Obat 1656', 'Tablet', 193, 9800, '2027-01-13'),
(1657, 'Obat 1657', 'Sirup', 200, 9850, '2028-02-16'),
(1658, 'Obat 1658', 'Injeksi', 5, 9900, '2029-03-19'),
(1659, 'Obat 1659', 'Kapsul', 14, 9950, '2030-04-22'),
(1660, 'Obat 1660', 'Salep', 21, 10000, '2026-05-25'),
(1661, 'Obat 1661', 'Tablet', 28, 10050, '2027-06-28'),
(1662, 'Obat 1662', 'Sirup', 35, 10100, '2028-07-03'),
(1663, 'Obat 1663', 'Injeksi', 42, 10150, '2029-08-06'),
(1664, 'Obat 1664', 'Kapsul', 49, 10200, '2030-09-09'),
(1665, 'Obat 1665', 'Salep', 56, 10250, '2026-10-12'),
(1666, 'Obat 1666', 'Tablet', 63, 10300, '2027-11-15'),
(1667, 'Obat 1667', 'Sirup', 70, 10350, '2028-12-18'),
(1668, 'Obat 1668', 'Injeksi', 77, 10400, '2029-01-21'),
(1669, 'Obat 1669', 'Kapsul', 84, 10450, '2030-02-24'),
(1670, 'Obat 1670', 'Salep', 91, 10500, '2026-03-27'),
(1671, 'Obat 1671', 'Tablet', 98, 10550, '2027-04-02'),
(1672, 'Obat 1672', 'Sirup', 105, 10600, '2028-05-05'),
(1673, 'Obat 1673', 'Injeksi', 112, 10650, '2029-06-08'),
(1674, 'Obat 1674', 'Kapsul', 119, 10700, '2030-07-11'),
(1675, 'Obat 1675', 'Salep', 126, 10750, '2026-08-14'),
(1676, 'Obat 1676', 'Tablet', 133, 10800, '2027-09-17'),
(1677, 'Obat 1677', 'Sirup', 140, 10850, '2028-10-20'),
(1678, 'Obat 1678', 'Injeksi', 147, 10900, '2029-11-23'),
(1679, 'Obat 1679', 'Kapsul', 154, 10950, '2030-12-26'),
(1680, 'Obat 1680', 'Salep', 161, 11000, '2026-01-01'),
(1681, 'Obat 1681', 'Tablet', 168, 11050, '2027-02-04'),
(1682, 'Obat 1682', 'Sirup', 175, 11100, '2028-03-07'),
(1683, 'Obat 1683', 'Injeksi', 182, 11150, '2029-04-10'),
(1684, 'Obat 1684', 'Kapsul', 189, 11200, '2030-05-13'),
(1685, 'Obat 1685', 'Salep', 196, 11250, '2026-06-16'),
(1686, 'Obat 1686', 'Tablet', 3, 11300, '2027-07-19'),
(1687, 'Obat 1687', 'Sirup', 10, 11350, '2028-08-22'),
(1688, 'Obat 1688', 'Injeksi', 17, 11400, '2029-09-25'),
(1689, 'Obat 1689', 'Kapsul', 24, 11450, '2030-10-28'),
(1690, 'Obat 1690', 'Salep', 31, 11500, '2026-11-03'),
(1691, 'Obat 1691', 'Tablet', 38, 11550, '2027-12-06'),
(1692, 'Obat 1692', 'Sirup', 45, 11600, '2028-01-09'),
(1693, 'Obat 1693', 'Injeksi', 52, 11650, '2029-02-12'),
(1694, 'Obat 1694', 'Kapsul', 59, 11700, '2030-03-15'),
(1695, 'Obat 1695', 'Salep', 66, 11750, '2026-04-18'),
(1696, 'Obat 1696', 'Tablet', 73, 11800, '2027-05-21'),
(1697, 'Obat 1697', 'Sirup', 80, 11850, '2028-06-24'),
(1698, 'Obat 1698', 'Injeksi', 87, 11900, '2029-07-27'),
(1699, 'Obat 1699', 'Kapsul', 94, 11950, '2030-08-02'),
(1700, 'Obat 1700', 'Salep', 101, 12000, '2026-09-05'),
(1701, 'Obat 1701', 'Tablet', 108, 12050, '2027-10-08'),
(1702, 'Obat 1702', 'Sirup', 115, 12100, '2028-11-11'),
(1703, 'Obat 1703', 'Injeksi', 122, 12150, '2029-12-14'),
(1704, 'Obat 1704', 'Kapsul', 129, 12200, '2030-01-17'),
(1705, 'Obat 1705', 'Salep', 136, 12250, '2026-02-20'),
(1706, 'Obat 1706', 'Tablet', 143, 12300, '2027-03-23'),
(1707, 'Obat 1707', 'Sirup', 150, 12350, '2028-04-26'),
(1708, 'Obat 1708', 'Injeksi', 157, 12400, '2029-05-01'),
(1709, 'Obat 1709', 'Kapsul', 164, 12450, '2030-06-04'),
(1710, 'Obat 1710', 'Salep', 171, 12500, '2026-07-07'),
(1711, 'Obat 1711', 'Tablet', 178, 12550, '2027-08-10'),
(1712, 'Obat 1712', 'Sirup', 184, 12600, '2028-09-13'),
(1713, 'Obat 1713', 'Injeksi', 192, 12650, '2029-10-16'),
(1714, 'Obat 1714', 'Kapsul', 199, 12700, '2030-11-19'),
(1715, 'Obat 1715', 'Salep', 6, 12750, '2026-12-22'),
(1716, 'Obat 1716', 'Tablet', 13, 12800, '2027-01-25'),
(1717, 'Obat 1717', 'Sirup', 20, 12850, '2028-02-28'),
(1718, 'Obat 1718', 'Injeksi', 27, 12900, '2029-03-03'),
(1719, 'Obat 1719', 'Kapsul', 31, 12950, '2030-04-06'),
(1720, 'Obat 1720', 'Salep', 41, 13000, '2026-05-09'),
(1721, 'Obat 1721', 'Tablet', 48, 13050, '2027-06-12'),
(1722, 'Obat 1722', 'Sirup', 55, 13100, '2028-07-15'),
(1723, 'Obat 1723', 'Injeksi', 62, 13150, '2029-08-18'),
(1724, 'Obat 1724', 'Kapsul', 69, 13200, '2030-09-21'),
(1725, 'Obat 1725', 'Salep', 76, 13250, '2026-10-24'),
(1726, 'Obat 1726', 'Tablet', 83, 13300, '2027-11-27'),
(1727, 'Obat 1727', 'Sirup', 90, 13350, '2028-12-02'),
(1728, 'Obat 1728', 'Injeksi', 97, 13400, '2029-01-05'),
(1729, 'Obat 1729', 'Kapsul', 104, 13450, '2030-02-08'),
(1730, 'Obat 1730', 'Salep', 111, 13500, '2026-03-11'),
(1731, 'Obat 1731', 'Tablet', 118, 13550, '2027-04-14'),
(1732, 'Obat 1732', 'Sirup', 125, 13600, '2028-05-17'),
(1733, 'Obat 1733', 'Injeksi', 132, 13650, '2029-06-20'),
(1734, 'Obat 1734', 'Kapsul', 139, 13700, '2030-07-23'),
(1735, 'Obat 1735', 'Salep', 146, 13750, '2026-08-26'),
(1736, 'Obat 1736', 'Tablet', 153, 13800, '2027-09-01'),
(1737, 'Obat 1737', 'Sirup', 160, 13850, '2028-10-04'),
(1738, 'Obat 1738', 'Injeksi', 167, 13900, '2029-11-07'),
(1739, 'Obat 1739', 'Kapsul', 174, 13950, '2030-12-10'),
(1740, 'Obat 1740', 'Salep', 181, 14000, '2026-01-13'),
(1741, 'Obat 1741', 'Tablet', 186, 14050, '2027-02-16'),
(1742, 'Obat 1742', 'Sirup', 195, 14100, '2028-03-19'),
(1743, 'Obat 1743', 'Injeksi', 2, 14150, '2029-04-22'),
(1744, 'Obat 1744', 'Kapsul', 8, 14200, '2030-05-25'),
(1745, 'Obat 1745', 'Salep', 16, 14250, '2026-06-28'),
(1746, 'Obat 1746', 'Tablet', 23, 14300, '2027-07-03'),
(1747, 'Obat 1747', 'Sirup', 30, 14350, '2028-08-06'),
(1748, 'Obat 1748', 'Injeksi', 37, 14400, '2029-09-09'),
(1749, 'Obat 1749', 'Kapsul', 44, 14450, '2030-10-12'),
(1750, 'Obat 1750', 'Salep', 51, 14500, '2026-11-15'),
(1751, 'Obat 1751', 'Tablet', 58, 14550, '2027-12-18'),
(1752, 'Obat 1752', 'Sirup', 65, 14600, '2028-01-21'),
(1753, 'Obat 1753', 'Injeksi', 72, 14650, '2029-02-24'),
(1754, 'Obat 1754', 'Kapsul', 79, 14700, '2030-03-27'),
(1755, 'Obat 1755', 'Salep', 86, 14750, '2026-04-02'),
(1756, 'Obat 1756', 'Tablet', 93, 14800, '2027-05-05'),
(1757, 'Obat 1757', 'Sirup', 100, 14850, '2028-06-08'),
(1758, 'Obat 1758', 'Injeksi', 107, 14900, '2029-07-11'),
(1759, 'Obat 1759', 'Kapsul', 114, 14950, '2030-08-14'),
(1760, 'Obat 1760', 'Salep', 121, 15000, '2026-09-17'),
(1761, 'Obat 1761', 'Tablet', 128, 15050, '2027-10-20'),
(1762, 'Obat 1762', 'Sirup', 135, 15100, '2028-11-23'),
(1763, 'Obat 1763', 'Injeksi', 142, 15150, '2029-12-26'),
(1764, 'Obat 1764', 'Kapsul', 149, 15200, '2030-01-01'),
(1765, 'Obat 1765', 'Salep', 156, 15250, '2026-02-04'),
(1766, 'Obat 1766', 'Tablet', 163, 15300, '2027-03-07'),
(1767, 'Obat 1767', 'Sirup', 170, 15350, '2028-04-10'),
(1768, 'Obat 1768', 'Injeksi', 177, 15400, '2029-05-13'),
(1769, 'Obat 1769', 'Kapsul', 184, 15450, '2030-06-16'),
(1770, 'Obat 1770', 'Salep', 191, 15500, '2026-07-19'),
(1771, 'Obat 1771', 'Tablet', 196, 15550, '2027-08-22'),
(1772, 'Obat 1772', 'Sirup', 5, 15600, '2028-09-25'),
(1773, 'Obat 1773', 'Injeksi', 12, 15650, '2029-10-28'),
(1774, 'Obat 1774', 'Kapsul', 19, 15700, '2030-11-03'),
(1775, 'Obat 1775', 'Salep', 26, 15750, '2026-12-06'),
(1776, 'Obat 1776', 'Tablet', 33, 15800, '2027-01-09'),
(1777, 'Obat 1777', 'Sirup', 40, 15850, '2028-02-12'),
(1778, 'Obat 1778', 'Injeksi', 47, 15900, '2029-03-15'),
(1779, 'Obat 1779', 'Kapsul', 54, 15950, '2030-04-18'),
(1780, 'Obat 1780', 'Salep', 61, 16000, '2026-05-21'),
(1781, 'Obat 1781', 'Tablet', 68, 16050, '2027-06-24'),
(1782, 'Obat 1782', 'Sirup', 75, 16100, '2028-07-27'),
(1783, 'Obat 1783', 'Injeksi', 82, 16150, '2029-08-02'),
(1784, 'Obat 1784', 'Kapsul', 89, 16200, '2030-09-05'),
(1785, 'Obat 1785', 'Salep', 96, 16250, '2026-10-08'),
(1786, 'Obat 1786', 'Tablet', 103, 16300, '2027-11-11'),
(1787, 'Obat 1787', 'Sirup', 110, 16350, '2028-12-14'),
(1788, 'Obat 1788', 'Injeksi', 117, 16400, '2029-01-17'),
(1789, 'Obat 1789', 'Kapsul', 124, 16450, '2030-02-20'),
(1790, 'Obat 1790', 'Salep', 131, 16500, '2026-03-23'),
(1791, 'Obat 1791', 'Tablet', 138, 16550, '2027-04-26'),
(1792, 'Obat 1792', 'Sirup', 145, 16600, '2028-05-01'),
(1793, 'Obat 1793', 'Injeksi', 152, 16650, '2029-06-04'),
(1794, 'Obat 1794', 'Kapsul', 159, 16700, '2030-07-07'),
(1795, 'Obat 1795', 'Salep', 166, 16750, '2026-08-10'),
(1796, 'Obat 1796', 'Tablet', 173, 16800, '2027-09-13'),
(1797, 'Obat 1797', 'Sirup', 180, 16850, '2028-10-16'),
(1798, 'Obat 1798', 'Injeksi', 187, 16900, '2029-11-19'),
(1799, 'Obat 1799', 'Kapsul', 194, 16950, '2030-12-22'),
(1800, 'Obat 1800', 'Salep', 1, 2000, '2026-01-25'),
(1801, 'Obat 1801', 'Tablet', 8, 2050, '2027-02-28'),
(1802, 'Obat 1802', 'Sirup', 11, 2100, '2028-03-03'),
(1803, 'Obat 1803', 'Injeksi', 22, 2150, '2029-04-06'),
(1804, 'Obat 1804', 'Kapsul', 29, 2200, '2030-05-09'),
(1805, 'Obat 1805', 'Salep', 36, 2250, '2026-06-12'),
(1806, 'Obat 1806', 'Tablet', 43, 2300, '2027-07-15'),
(1807, 'Obat 1807', 'Sirup', 50, 2350, '2028-08-18'),
(1808, 'Obat 1808', 'Injeksi', 57, 2400, '2029-09-21'),
(1809, 'Obat 1809', 'Kapsul', 64, 2450, '2030-10-24'),
(1810, 'Obat 1810', 'Salep', 71, 2500, '2026-11-27'),
(1811, 'Obat 1811', 'Tablet', 78, 2550, '2027-12-02'),
(1812, 'Obat 1812', 'Sirup', 85, 2600, '2028-01-05'),
(1813, 'Obat 1813', 'Injeksi', 90, 2650, '2029-02-08'),
(1814, 'Obat 1814', 'Kapsul', 98, 2700, '2030-03-11'),
(1815, 'Obat 1815', 'Salep', 106, 2750, '2026-04-14'),
(1816, 'Obat 1816', 'Tablet', 113, 2800, '2027-05-17'),
(1817, 'Obat 1817', 'Sirup', 120, 2850, '2028-06-20'),
(1818, 'Obat 1818', 'Injeksi', 126, 2900, '2029-07-23'),
(1819, 'Obat 1819', 'Kapsul', 134, 2950, '2030-08-26'),
(1820, 'Obat 1820', 'Salep', 141, 3000, '2026-09-01'),
(1821, 'Obat 1821', 'Tablet', 148, 3050, '2027-10-04'),
(1822, 'Obat 1822', 'Sirup', 155, 3100, '2028-11-07'),
(1823, 'Obat 1823', 'Injeksi', 162, 3150, '2029-12-10'),
(1824, 'Obat 1824', 'Kapsul', 169, 3200, '2030-01-13'),
(1825, 'Obat 1825', 'Salep', 176, 3250, '2026-02-16'),
(1826, 'Obat 1826', 'Tablet', 183, 3300, '2027-03-19'),
(1827, 'Obat 1827', 'Sirup', 190, 3350, '2028-04-22'),
(1828, 'Obat 1828', 'Injeksi', 197, 3400, '2029-05-25'),
(1829, 'Obat 1829', 'Kapsul', 4, 3450, '2030-06-28'),
(1830, 'Obat 1830', 'Salep', 8, 3500, '2026-07-03'),
(1831, 'Obat 1831', 'Tablet', 18, 3550, '2027-08-06'),
(1832, 'Obat 1832', 'Sirup', 25, 3600, '2028-09-09'),
(1833, 'Obat 1833', 'Injeksi', 32, 3650, '2029-10-12'),
(1834, 'Obat 1834', 'Kapsul', 39, 3700, '2030-11-15'),
(1835, 'Obat 1835', 'Salep', 45, 3750, '2026-12-18'),
(1836, 'Obat 1836', 'Tablet', 53, 3800, '2027-01-21'),
(1837, 'Obat 1837', 'Sirup', 60, 3850, '2028-02-24'),
(1838, 'Obat 1838', 'Injeksi', 67, 3900, '2029-03-27'),
(1839, 'Obat 1839', 'Kapsul', 74, 3950, '2030-04-02'),
(1840, 'Obat 1840', 'Salep', 81, 4000, '2026-05-05'),
(1841, 'Obat 1841', 'Tablet', 88, 4050, '2027-06-08'),
(1842, 'Obat 1842', 'Sirup', 95, 4100, '2028-07-11'),
(1843, 'Obat 1843', 'Injeksi', 102, 4150, '2029-08-14'),
(1844, 'Obat 1844', 'Kapsul', 109, 4200, '2030-09-17'),
(1845, 'Obat 1845', 'Salep', 116, 4250, '2026-10-20'),
(1846, 'Obat 1846', 'Tablet', 123, 4300, '2027-11-23'),
(1847, 'Obat 1847', 'Sirup', 130, 4350, '2028-12-26'),
(1848, 'Obat 1848', 'Injeksi', 137, 4400, '2029-01-01'),
(1849, 'Obat 1849', 'Kapsul', 144, 4450, '2030-02-04'),
(1850, 'Obat 1850', 'Salep', 151, 4500, '2026-03-07'),
(1851, 'Obat 1851', 'Tablet', 158, 4550, '2027-04-10'),
(1852, 'Obat 1852', 'Sirup', 165, 4600, '2028-05-13'),
(1853, 'Obat 1853', 'Injeksi', 172, 4650, '2029-06-16'),
(1854, 'Obat 1854', 'Kapsul', 179, 4700, '2030-07-19'),
(1855, 'Obat 1855', 'Salep', 186, 4750, '2026-08-22'),
(1856, 'Obat 1856', 'Tablet', 193, 4800, '2027-09-25'),
(1857, 'Obat 1857', 'Sirup', 200, 4850, '2028-10-28'),
(1858, 'Obat 1858', 'Injeksi', 7, 4900, '2029-11-03'),
(1859, 'Obat 1859', 'Kapsul', 14, 4950, '2030-12-06'),
(1860, 'Obat 1860', 'Salep', 21, 5000, '2026-01-09'),
(1861, 'Obat 1861', 'Tablet', 28, 5050, '2027-02-12'),
(1862, 'Obat 1862', 'Sirup', 35, 5100, '2028-03-15'),
(1863, 'Obat 1863', 'Injeksi', 42, 5150, '2029-04-18'),
(1864, 'Obat 1864', 'Kapsul', 49, 5200, '2030-05-21'),
(1865, 'Obat 1865', 'Salep', 56, 5250, '2026-06-24'),
(1866, 'Obat 1866', 'Tablet', 62, 5300, '2027-07-27'),
(1867, 'Obat 1867', 'Sirup', 70, 5350, '2028-08-02'),
(1868, 'Obat 1868', 'Injeksi', 77, 5400, '2029-09-05'),
(1869, 'Obat 1869', 'Kapsul', 84, 5450, '2030-10-08'),
(1870, 'Obat 1870', 'Salep', 91, 5500, '2026-11-11'),
(1871, 'Obat 1871', 'Tablet', 98, 5550, '2027-12-14'),
(1872, 'Obat 1872', 'Sirup', 105, 5600, '2028-01-17'),
(1873, 'Obat 1873', 'Injeksi', 112, 5650, '2029-02-20'),
(1874, 'Obat 1874', 'Kapsul', 119, 5700, '2030-03-23'),
(1875, 'Obat 1875', 'Salep', 126, 5750, '2026-04-26'),
(1876, 'Obat 1876', 'Tablet', 133, 5800, '2027-05-01'),
(1877, 'Obat 1877', 'Sirup', 140, 5850, '2028-06-04'),
(1878, 'Obat 1878', 'Injeksi', 147, 5900, '2029-07-07'),
(1879, 'Obat 1879', 'Kapsul', 154, 5950, '2030-08-10'),
(1880, 'Obat 1880', 'Salep', 161, 6000, '2026-09-13'),
(1881, 'Obat 1881', 'Tablet', 168, 6050, '2027-10-16'),
(1882, 'Obat 1882', 'Sirup', 174, 6100, '2028-11-19'),
(1883, 'Obat 1883', 'Injeksi', 182, 6150, '2029-12-22'),
(1884, 'Obat 1884', 'Kapsul', 189, 6200, '2030-01-25'),
(1885, 'Obat 1885', 'Salep', 196, 6250, '2026-02-28'),
(1886, 'Obat 1886', 'Tablet', 3, 6300, '2027-03-03'),
(1887, 'Obat 1887', 'Sirup', 10, 6350, '2028-04-06'),
(1888, 'Obat 1888', 'Injeksi', 15, 6400, '2029-05-09'),
(1889, 'Obat 1889', 'Kapsul', 24, 6450, '2030-06-12'),
(1890, 'Obat 1890', 'Salep', 31, 6500, '2026-07-15'),
(1891, 'Obat 1891', 'Tablet', 38, 6550, '2027-08-18'),
(1892, 'Obat 1892', 'Sirup', 45, 6600, '2028-09-21'),
(1893, 'Obat 1893', 'Injeksi', 52, 6650, '2029-10-24'),
(1894, 'Obat 1894', 'Kapsul', 59, 6700, '2030-11-27'),
(1895, 'Obat 1895', 'Salep', 66, 6750, '2026-12-02'),
(1896, 'Obat 1896', 'Tablet', 73, 6800, '2027-01-05'),
(1897, 'Obat 1897', 'Sirup', 80, 6850, '2028-02-08');
INSERT INTO `obat` (`id_obat`, `nama_obat`, `kategori`, `stok`, `harga`, `tanggal_exp`) VALUES
(1898, 'Obat 1898', 'Injeksi', 87, 6900, '2029-03-11'),
(1899, 'Obat 1899', 'Kapsul', 94, 6950, '2030-04-14'),
(1900, 'Obat 1900', 'Salep', 101, 7000, '2026-05-17'),
(1901, 'Obat 1901', 'Tablet', 108, 7050, '2027-06-20'),
(1902, 'Obat 1902', 'Sirup', 115, 7100, '2028-07-23'),
(1903, 'Obat 1903', 'Injeksi', 122, 7150, '2029-08-26'),
(1904, 'Obat 1904', 'Kapsul', 129, 7200, '2030-09-01'),
(1905, 'Obat 1905', 'Salep', 136, 7250, '2026-10-04'),
(1906, 'Obat 1906', 'Tablet', 143, 7300, '2027-11-07'),
(1907, 'Obat 1907', 'Sirup', 150, 7350, '2028-12-10'),
(1908, 'Obat 1908', 'Injeksi', 157, 7400, '2029-01-13'),
(1909, 'Obat 1909', 'Kapsul', 164, 7450, '2030-02-16'),
(1910, 'Obat 1910', 'Salep', 171, 7500, '2026-03-19'),
(1911, 'Obat 1911', 'Tablet', 178, 7550, '2027-04-22'),
(1912, 'Obat 1912', 'Sirup', 185, 7600, '2028-05-25'),
(1913, 'Obat 1913', 'Injeksi', 192, 7650, '2029-06-28'),
(1914, 'Obat 1914', 'Kapsul', 199, 7700, '2030-07-03'),
(1915, 'Obat 1915', 'Salep', 6, 7750, '2026-08-06'),
(1916, 'Obat 1916', 'Tablet', 13, 7800, '2027-09-09'),
(1917, 'Obat 1917', 'Sirup', 20, 7850, '2028-10-12'),
(1918, 'Obat 1918', 'Injeksi', 27, 7900, '2029-11-15'),
(1919, 'Obat 1919', 'Kapsul', 34, 7950, '2030-12-18'),
(1920, 'Obat 1920', 'Salep', 41, 8000, '2026-01-21'),
(1921, 'Obat 1921', 'Tablet', 48, 8050, '2027-02-24'),
(1922, 'Obat 1922', 'Sirup', 55, 8100, '2028-03-27'),
(1923, 'Obat 1923', 'Injeksi', 62, 8150, '2029-04-02'),
(1924, 'Obat 1924', 'Kapsul', 69, 8200, '2030-05-05'),
(1925, 'Obat 1925', 'Salep', 76, 8250, '2026-06-08'),
(1926, 'Obat 1926', 'Tablet', 83, 8300, '2027-07-11'),
(1927, 'Obat 1927', 'Sirup', 90, 8350, '2028-08-14'),
(1928, 'Obat 1928', 'Injeksi', 97, 8400, '2029-09-17'),
(1929, 'Obat 1929', 'Kapsul', 104, 8450, '2030-10-20'),
(1930, 'Obat 1930', 'Salep', 111, 8500, '2026-11-23'),
(1931, 'Obat 1931', 'Tablet', 118, 8550, '2027-12-26'),
(1932, 'Obat 1932', 'Sirup', 125, 8600, '2028-01-01'),
(1933, 'Obat 1933', 'Injeksi', 132, 8650, '2029-02-04'),
(1934, 'Obat 1934', 'Kapsul', 139, 8700, '2030-03-07'),
(1935, 'Obat 1935', 'Salep', 146, 8750, '2026-04-10'),
(1936, 'Obat 1936', 'Tablet', 153, 8800, '2027-05-13'),
(1937, 'Obat 1937', 'Sirup', 160, 8850, '2028-06-16'),
(1938, 'Obat 1938', 'Injeksi', 167, 8900, '2029-07-19'),
(1939, 'Obat 1939', 'Kapsul', 174, 8950, '2030-08-22'),
(1940, 'Obat 1940', 'Salep', 181, 9000, '2026-09-25'),
(1941, 'Obat 1941', 'Tablet', 188, 9050, '2027-10-28'),
(1942, 'Obat 1942', 'Sirup', 195, 9100, '2028-11-03'),
(1943, 'Obat 1943', 'Injeksi', 2, 9150, '2029-12-06'),
(1944, 'Obat 1944', 'Kapsul', 9, 9200, '2030-01-09'),
(1945, 'Obat 1945', 'Salep', 16, 9250, '2026-02-12'),
(1946, 'Obat 1946', 'Tablet', 23, 9300, '2027-03-15'),
(1947, 'Obat 1947', 'Sirup', 30, 9350, '2028-04-18'),
(1948, 'Obat 1948', 'Injeksi', 37, 9400, '2029-05-21'),
(1949, 'Obat 1949', 'Kapsul', 44, 9450, '2030-06-24'),
(1950, 'Obat 1950', 'Salep', 51, 9500, '2026-07-27'),
(1951, 'Obat 1951', 'Tablet', 58, 9550, '2027-08-02'),
(1952, 'Obat 1952', 'Sirup', 65, 9600, '2028-09-05'),
(1953, 'Obat 1953', 'Injeksi', 72, 9650, '2029-10-08'),
(1954, 'Obat 1954', 'Kapsul', 79, 9700, '2030-11-11'),
(1955, 'Obat 1955', 'Salep', 86, 9750, '2026-12-14'),
(1956, 'Obat 1956', 'Tablet', 93, 9800, '2027-01-17'),
(1957, 'Obat 1957', 'Sirup', 100, 9850, '2028-02-20'),
(1958, 'Obat 1958', 'Injeksi', 107, 9900, '2029-03-23'),
(1959, 'Obat 1959', 'Kapsul', 114, 9950, '2030-04-26'),
(1960, 'Obat 1960', 'Salep', 119, 10000, '2026-05-01'),
(1961, 'Obat 1961', 'Tablet', 128, 10050, '2027-06-04'),
(1962, 'Obat 1962', 'Sirup', 135, 10100, '2028-07-07'),
(1963, 'Obat 1963', 'Injeksi', 142, 10150, '2029-08-10'),
(1964, 'Obat 1964', 'Kapsul', 149, 10200, '2030-09-13'),
(1965, 'Obat 1965', 'Salep', 156, 10250, '2026-10-16'),
(1966, 'Obat 1966', 'Tablet', 163, 10300, '2027-11-19'),
(1967, 'Obat 1967', 'Sirup', 170, 10350, '2028-12-22'),
(1968, 'Obat 1968', 'Injeksi', 177, 10400, '2029-01-25'),
(1969, 'Obat 1969', 'Kapsul', 184, 10450, '2030-02-28'),
(1970, 'Obat 1970', 'Salep', 191, 10500, '2026-03-03'),
(1971, 'Obat 1971', 'Tablet', 198, 10550, '2027-04-06'),
(1972, 'Obat 1972', 'Sirup', 5, 10600, '2028-05-09'),
(1973, 'Obat 1973', 'Injeksi', 12, 10650, '2029-06-12'),
(1974, 'Obat 1974', 'Kapsul', 19, 10700, '2030-07-15'),
(1975, 'Obat 1975', 'Salep', 26, 10750, '2026-08-18'),
(1976, 'Obat 1976', 'Tablet', 33, 10800, '2027-09-21'),
(1977, 'Obat 1977', 'Sirup', 40, 10850, '2028-10-24'),
(1978, 'Obat 1978', 'Injeksi', 47, 10900, '2029-11-27'),
(1979, 'Obat 1979', 'Kapsul', 54, 10950, '2030-12-02'),
(1980, 'Obat 1980', 'Salep', 61, 11000, '2026-01-05'),
(1981, 'Obat 1981', 'Tablet', 68, 11050, '2027-02-08'),
(1982, 'Obat 1982', 'Sirup', 75, 11100, '2028-03-11'),
(1983, 'Obat 1983', 'Injeksi', 82, 11150, '2029-04-14'),
(1984, 'Obat 1984', 'Kapsul', 89, 11200, '2030-05-17'),
(1985, 'Obat 1985', 'Salep', 96, 11250, '2026-06-20'),
(1986, 'Obat 1986', 'Tablet', 103, 11300, '2027-07-23'),
(1987, 'Obat 1987', 'Sirup', 110, 11350, '2028-08-26'),
(1988, 'Obat 1988', 'Injeksi', 116, 11400, '2029-09-01'),
(1989, 'Obat 1989', 'Kapsul', 124, 11450, '2030-10-04'),
(1990, 'Obat 1990', 'Salep', 131, 11500, '2026-11-07'),
(1991, 'Obat 1991', 'Tablet', 138, 11550, '2027-12-10'),
(1992, 'Obat 1992', 'Sirup', 145, 11600, '2028-01-13'),
(1993, 'Obat 1993', 'Injeksi', 152, 11650, '2029-02-16'),
(1994, 'Obat 1994', 'Kapsul', 159, 11700, '2030-03-19'),
(1995, 'Obat 1995', 'Salep', 166, 11750, '2026-04-22'),
(1996, 'Obat 1996', 'Tablet', 173, 11800, '2027-05-25'),
(1997, 'Obat 1997', 'Sirup', 180, 11850, '2028-06-28'),
(1998, 'Obat 1998', 'Injeksi', 187, 11900, '2029-07-03'),
(1999, 'Obat 1999', 'Kapsul', 194, 11950, '2030-08-06'),
(2000, 'Obat 2000', 'Salep', 1, 12000, '2026-09-09'),
(2001, 'Obat 2001', 'Tablet', 8, 12050, '2027-10-12'),
(2002, 'Obat 2002', 'Sirup', 15, 12100, '2028-11-15'),
(2003, 'Obat 2003', 'Injeksi', 22, 12150, '2029-12-18'),
(2004, 'Obat 2004', 'Kapsul', 29, 12200, '2030-01-21'),
(2005, 'Obat 2005', 'Salep', 36, 12250, '2026-02-24'),
(2006, 'Obat 2006', 'Tablet', 43, 12300, '2027-03-27'),
(2007, 'Obat 2007', 'Sirup', 50, 12350, '2028-04-02'),
(2008, 'Obat 2008', 'Injeksi', 57, 12400, '2029-05-05'),
(2009, 'Obat 2009', 'Kapsul', 64, 12450, '2030-06-08'),
(2010, 'Obat 2010', 'Salep', 71, 12500, '2026-07-11'),
(2011, 'Obat 2011', 'Tablet', 78, 12550, '2027-08-14'),
(2012, 'Obat 2012', 'Sirup', 85, 12600, '2028-09-17'),
(2013, 'Obat 2013', 'Injeksi', 92, 12650, '2029-10-20'),
(2014, 'Obat 2014', 'Kapsul', 99, 12700, '2030-11-23'),
(2015, 'Obat 2015', 'Salep', 106, 12750, '2026-12-26'),
(2016, 'Obat 2016', 'Tablet', 113, 12800, '2027-01-01'),
(2017, 'Obat 2017', 'Sirup', 119, 12850, '2028-02-04'),
(2018, 'Obat 2018', 'Injeksi', 127, 12900, '2029-03-07'),
(2019, 'Obat 2019', 'Kapsul', 134, 12950, '2030-04-10'),
(2020, 'Obat 2020', 'Salep', 139, 13000, '2026-05-13'),
(2021, 'Obat 2021', 'Tablet', 147, 13050, '2027-06-16'),
(2022, 'Obat 2022', 'Sirup', 155, 13100, '2028-07-19'),
(2023, 'Obat 2023', 'Injeksi', 162, 13150, '2029-08-22'),
(2024, 'Obat 2024', 'Kapsul', 169, 13200, '2030-09-25'),
(2025, 'Obat 2025', 'Salep', 176, 13250, '2026-10-28'),
(2026, 'Obat 2026', 'Tablet', 183, 13300, '2027-11-03'),
(2027, 'Obat 2027', 'Sirup', 190, 13350, '2028-12-06'),
(2028, 'Obat 2028', 'Injeksi', 197, 13400, '2029-01-09'),
(2029, 'Obat 2029', 'Kapsul', 4, 13450, '2030-02-12'),
(2030, 'Obat 2030', 'Salep', 11, 13500, '2026-03-15'),
(2031, 'Obat 2031', 'Tablet', 18, 13550, '2027-04-18'),
(2032, 'Obat 2032', 'Sirup', 25, 13600, '2028-05-21'),
(2033, 'Obat 2033', 'Injeksi', 32, 13650, '2029-06-24'),
(2034, 'Obat 2034', 'Kapsul', 39, 13700, '2030-07-27'),
(2035, 'Obat 2035', 'Salep', 46, 13750, '2026-08-02'),
(2036, 'Obat 2036', 'Tablet', 53, 13800, '2027-09-05'),
(2037, 'Obat 2037', 'Sirup', 60, 13850, '2028-10-08'),
(2038, 'Obat 2038', 'Injeksi', 67, 13900, '2029-11-11'),
(2039, 'Obat 2039', 'Kapsul', 74, 13950, '2030-12-14'),
(2040, 'Obat 2040', 'Salep', 81, 14000, '2026-01-17'),
(2041, 'Obat 2041', 'Tablet', 88, 14050, '2027-02-20'),
(2042, 'Obat 2042', 'Sirup', 95, 14100, '2028-03-23'),
(2043, 'Obat 2043', 'Injeksi', 102, 14150, '2029-04-26'),
(2044, 'Obat 2044', 'Kapsul', 109, 14200, '2030-05-01'),
(2045, 'Obat 2045', 'Salep', 115, 14250, '2026-06-04'),
(2046, 'Obat 2046', 'Tablet', 123, 14300, '2027-07-07'),
(2047, 'Obat 2047', 'Sirup', 130, 14350, '2028-08-10'),
(2048, 'Obat 2048', 'Injeksi', 137, 14400, '2029-09-13'),
(2049, 'Obat 2049', 'Kapsul', 144, 14450, '2030-10-16'),
(2050, 'Obat 2050', 'Salep', 149, 14500, '2026-11-19'),
(2051, 'Obat 2051', 'Tablet', 158, 14550, '2027-12-22'),
(2052, 'Obat 2052', 'Sirup', 165, 14600, '2028-01-25'),
(2053, 'Obat 2053', 'Injeksi', 171, 14650, '2029-02-28'),
(2054, 'Obat 2054', 'Kapsul', 179, 14700, '2030-03-03'),
(2055, 'Obat 2055', 'Salep', 186, 14750, '2026-04-06'),
(2056, 'Obat 2056', 'Tablet', 193, 14800, '2027-05-09'),
(2057, 'Obat 2057', 'Sirup', 200, 14850, '2028-06-12'),
(2058, 'Obat 2058', 'Injeksi', 7, 14900, '2029-07-15'),
(2059, 'Obat 2059', 'Kapsul', 11, 14950, '2030-08-18'),
(2060, 'Obat 2060', 'Salep', 21, 15000, '2026-09-21'),
(2061, 'Obat 2061', 'Tablet', 28, 15050, '2027-10-24'),
(2062, 'Obat 2062', 'Sirup', 35, 15100, '2028-11-27'),
(2063, 'Obat 2063', 'Injeksi', 42, 15150, '2029-12-02'),
(2064, 'Obat 2064', 'Kapsul', 49, 15200, '2030-01-05'),
(2065, 'Obat 2065', 'Salep', 56, 15250, '2026-02-08'),
(2066, 'Obat 2066', 'Tablet', 63, 15300, '2027-03-11'),
(2067, 'Obat 2067', 'Sirup', 70, 15350, '2028-04-14'),
(2068, 'Obat 2068', 'Injeksi', 77, 15400, '2029-05-17'),
(2069, 'Obat 2069', 'Kapsul', 84, 15450, '2030-06-20'),
(2070, 'Obat 2070', 'Salep', 90, 15500, '2026-07-23'),
(2071, 'Obat 2071', 'Tablet', 98, 15550, '2027-08-26'),
(2072, 'Obat 2072', 'Sirup', 105, 15600, '2028-09-01'),
(2073, 'Obat 2073', 'Injeksi', 111, 15650, '2029-10-04'),
(2074, 'Obat 2074', 'Kapsul', 118, 15700, '2030-11-07'),
(2075, 'Obat 2075', 'Salep', 126, 15750, '2026-12-10'),
(2076, 'Obat 2076', 'Tablet', 133, 15800, '2027-01-13'),
(2077, 'Obat 2077', 'Sirup', 137, 15850, '2028-02-16'),
(2078, 'Obat 2078', 'Injeksi', 147, 15900, '2029-03-19'),
(2079, 'Obat 2079', 'Kapsul', 154, 15950, '2030-04-22'),
(2080, 'Obat 2080', 'Salep', 161, 16000, '2026-05-25'),
(2081, 'Obat 2081', 'Tablet', 168, 16050, '2027-06-28'),
(2082, 'Obat 2082', 'Sirup', 175, 16100, '2028-07-03'),
(2083, 'Obat 2083', 'Injeksi', 182, 16150, '2029-08-06'),
(2084, 'Obat 2084', 'Kapsul', 189, 16200, '2030-09-09'),
(2085, 'Obat 2085', 'Salep', 196, 16250, '2026-10-12'),
(2086, 'Obat 2086', 'Tablet', 3, 16300, '2027-11-15'),
(2087, 'Obat 2087', 'Sirup', 10, 16350, '2028-12-18'),
(2088, 'Obat 2088', 'Injeksi', 15, 16400, '2029-01-21'),
(2089, 'Obat 2089', 'Kapsul', 24, 16450, '2030-02-24'),
(2090, 'Obat 2090', 'Salep', 31, 16500, '2026-03-27'),
(2091, 'Obat 2091', 'Tablet', 38, 16550, '2027-04-02'),
(2092, 'Obat 2092', 'Sirup', 45, 16600, '2028-05-05'),
(2093, 'Obat 2093', 'Injeksi', 52, 16650, '2029-06-08'),
(2094, 'Obat 2094', 'Kapsul', 59, 16700, '2030-07-11'),
(2095, 'Obat 2095', 'Salep', 66, 16750, '2026-08-14'),
(2096, 'Obat 2096', 'Tablet', 73, 16800, '2027-09-17'),
(2097, 'Obat 2097', 'Sirup', 80, 16850, '2028-10-20'),
(2098, 'Obat 2098', 'Injeksi', 87, 16900, '2029-11-23'),
(2099, 'Obat 2099', 'Kapsul', 94, 16950, '2030-12-26'),
(2100, 'Obat 2100', 'Salep', 101, 2000, '2026-01-01'),
(2101, 'Obat 2101', 'Tablet', 108, 2050, '2027-02-04'),
(2102, 'Obat 2102', 'Sirup', 115, 2100, '2028-03-07'),
(2103, 'Obat 2103', 'Injeksi', 122, 2150, '2029-04-10'),
(2104, 'Obat 2104', 'Kapsul', 129, 2200, '2030-05-13'),
(2105, 'Obat 2105', 'Salep', 136, 2250, '2026-06-16'),
(2106, 'Obat 2106', 'Tablet', 143, 2300, '2027-07-19'),
(2107, 'Obat 2107', 'Sirup', 150, 2350, '2028-08-22'),
(2108, 'Obat 2108', 'Injeksi', 157, 2400, '2029-09-25'),
(2109, 'Obat 2109', 'Kapsul', 164, 2450, '2030-10-28'),
(2110, 'Obat 2110', 'Salep', 171, 2500, '2026-11-03'),
(2111, 'Obat 2111', 'Tablet', 178, 2550, '2027-12-06'),
(2112, 'Obat 2112', 'Sirup', 185, 2600, '2028-01-09'),
(2113, 'Obat 2113', 'Injeksi', 192, 2650, '2029-02-12'),
(2114, 'Obat 2114', 'Kapsul', 199, 2700, '2030-03-15'),
(2115, 'Obat 2115', 'Salep', 6, 2750, '2026-04-18'),
(2116, 'Obat 2116', 'Tablet', 13, 2800, '2027-05-21'),
(2117, 'Obat 2117', 'Sirup', 17, 2850, '2028-06-24'),
(2118, 'Obat 2118', 'Injeksi', 27, 2900, '2029-07-27'),
(2119, 'Obat 2119', 'Kapsul', 34, 2950, '2030-08-02'),
(2120, 'Obat 2120', 'Salep', 39, 3000, '2026-09-05'),
(2121, 'Obat 2121', 'Tablet', 48, 3050, '2027-10-08'),
(2122, 'Obat 2122', 'Sirup', 55, 3100, '2028-11-11'),
(2123, 'Obat 2123', 'Injeksi', 62, 3150, '2029-12-14'),
(2124, 'Obat 2124', 'Kapsul', 69, 3200, '2030-01-17'),
(2125, 'Obat 2125', 'Salep', 76, 3250, '2026-02-20'),
(2126, 'Obat 2126', 'Tablet', 83, 3300, '2027-03-23'),
(2127, 'Obat 2127', 'Sirup', 90, 3350, '2028-04-26'),
(2128, 'Obat 2128', 'Injeksi', 97, 3400, '2029-05-01'),
(2129, 'Obat 2129', 'Kapsul', 104, 3450, '2030-06-04'),
(2130, 'Obat 2130', 'Salep', 111, 3500, '2026-07-07'),
(2131, 'Obat 2131', 'Tablet', 118, 3550, '2027-08-10'),
(2132, 'Obat 2132', 'Sirup', 125, 3600, '2028-09-13'),
(2133, 'Obat 2133', 'Injeksi', 132, 3650, '2029-10-16'),
(2134, 'Obat 2134', 'Kapsul', 136, 3700, '2030-11-19'),
(2135, 'Obat 2135', 'Salep', 146, 3750, '2026-12-22'),
(2136, 'Obat 2136', 'Tablet', 153, 3800, '2027-01-25'),
(2137, 'Obat 2137', 'Sirup', 160, 3850, '2028-02-28'),
(2138, 'Obat 2138', 'Injeksi', 167, 3900, '2029-03-03'),
(2139, 'Obat 2139', 'Kapsul', 174, 3950, '2030-04-06'),
(2140, 'Obat 2140', 'Salep', 180, 4000, '2026-05-09'),
(2141, 'Obat 2141', 'Tablet', 188, 4050, '2027-06-12'),
(2142, 'Obat 2142', 'Sirup', 193, 4100, '2028-07-15'),
(2143, 'Obat 2143', 'Injeksi', 2, 4150, '2029-08-18'),
(2144, 'Obat 2144', 'Kapsul', 9, 4200, '2030-09-21'),
(2145, 'Obat 2145', 'Salep', 15, 4250, '2026-10-24'),
(2146, 'Obat 2146', 'Tablet', 23, 4300, '2027-11-27'),
(2147, 'Obat 2147', 'Sirup', 30, 4350, '2028-12-02'),
(2148, 'Obat 2148', 'Injeksi', 37, 4400, '2029-01-05'),
(2149, 'Obat 2149', 'Kapsul', 44, 4450, '2030-02-08'),
(2150, 'Obat 2150', 'Salep', 51, 4500, '2026-03-11'),
(2151, 'Obat 2151', 'Tablet', 58, 4550, '2027-04-14'),
(2152, 'Obat 2152', 'Sirup', 65, 4600, '2028-05-17'),
(2153, 'Obat 2153', 'Injeksi', 72, 4650, '2029-06-20'),
(2154, 'Obat 2154', 'Kapsul', 79, 4700, '2030-07-23'),
(2155, 'Obat 2155', 'Salep', 86, 4750, '2026-08-26'),
(2156, 'Obat 2156', 'Tablet', 93, 4800, '2027-09-01'),
(2157, 'Obat 2157', 'Sirup', 100, 4850, '2028-10-04'),
(2158, 'Obat 2158', 'Injeksi', 107, 4900, '2029-11-07'),
(2159, 'Obat 2159', 'Kapsul', 114, 4950, '2030-12-10'),
(2160, 'Obat 2160', 'Salep', 121, 5000, '2026-01-13'),
(2161, 'Obat 2161', 'Tablet', 128, 5050, '2027-02-16'),
(2162, 'Obat 2162', 'Sirup', 135, 5100, '2028-03-19'),
(2163, 'Obat 2163', 'Injeksi', 142, 5150, '2029-04-22'),
(2164, 'Obat 2164', 'Kapsul', 149, 5200, '2030-05-25'),
(2165, 'Obat 2165', 'Salep', 155, 5250, '2026-06-28'),
(2166, 'Obat 2166', 'Tablet', 163, 5300, '2027-07-03'),
(2167, 'Obat 2167', 'Sirup', 170, 5350, '2028-08-06'),
(2168, 'Obat 2168', 'Injeksi', 177, 5400, '2029-09-09'),
(2169, 'Obat 2169', 'Kapsul', 184, 5450, '2030-10-12'),
(2170, 'Obat 2170', 'Salep', 191, 5500, '2026-11-15'),
(2171, 'Obat 2171', 'Tablet', 198, 5550, '2027-12-18'),
(2172, 'Obat 2172', 'Sirup', 5, 5600, '2028-01-21'),
(2173, 'Obat 2173', 'Injeksi', 9, 5650, '2029-02-24'),
(2174, 'Obat 2174', 'Kapsul', 19, 5700, '2030-03-27'),
(2175, 'Obat 2175', 'Salep', 26, 5750, '2026-04-02'),
(2176, 'Obat 2176', 'Tablet', 30, 5800, '2027-05-05'),
(2177, 'Obat 2177', 'Sirup', 40, 5850, '2028-06-08'),
(2178, 'Obat 2178', 'Injeksi', 47, 5900, '2029-07-11'),
(2179, 'Obat 2179', 'Kapsul', 54, 5950, '2030-08-14'),
(2180, 'Obat 2180', 'Salep', 61, 6000, '2026-09-17'),
(2181, 'Obat 2181', 'Tablet', 68, 6050, '2027-10-20'),
(2182, 'Obat 2182', 'Sirup', 75, 6100, '2028-11-23'),
(2183, 'Obat 2183', 'Injeksi', 82, 6150, '2029-12-26'),
(2184, 'Obat 2184', 'Kapsul', 89, 6200, '2030-01-01'),
(2185, 'Obat 2185', 'Salep', 96, 6250, '2026-02-04'),
(2186, 'Obat 2186', 'Tablet', 103, 6300, '2027-03-07'),
(2187, 'Obat 2187', 'Sirup', 110, 6350, '2028-04-10'),
(2188, 'Obat 2188', 'Injeksi', 117, 6400, '2029-05-13'),
(2189, 'Obat 2189', 'Kapsul', 124, 6450, '2030-06-16'),
(2190, 'Obat 2190', 'Salep', 131, 6500, '2026-07-19'),
(2191, 'Obat 2191', 'Tablet', 138, 6550, '2027-08-22'),
(2192, 'Obat 2192', 'Sirup', 145, 6600, '2028-09-25'),
(2193, 'Obat 2193', 'Injeksi', 152, 6650, '2029-10-28'),
(2194, 'Obat 2194', 'Kapsul', 159, 6700, '2030-11-03'),
(2195, 'Obat 2195', 'Salep', 166, 6750, '2026-12-06'),
(2196, 'Obat 2196', 'Tablet', 173, 6800, '2027-01-09'),
(2197, 'Obat 2197', 'Sirup', 180, 6850, '2028-02-12'),
(2198, 'Obat 2198', 'Injeksi', 187, 6900, '2029-03-15'),
(2199, 'Obat 2199', 'Kapsul', 194, 6950, '2030-04-18'),
(2200, 'Obat 2200', 'Salep', 1, 7000, '2026-05-21'),
(2201, 'Obat 2201', 'Tablet', 8, 7050, '2027-06-24'),
(2202, 'Obat 2202', 'Sirup', 15, 7100, '2028-07-27'),
(2203, 'Obat 2203', 'Injeksi', 22, 7150, '2029-08-02'),
(2204, 'Obat 2204', 'Kapsul', 29, 7200, '2030-09-05'),
(2205, 'Obat 2205', 'Salep', 36, 7250, '2026-10-08'),
(2206, 'Obat 2206', 'Tablet', 43, 7300, '2027-11-11'),
(2207, 'Obat 2207', 'Sirup', 50, 7350, '2028-12-14'),
(2208, 'Obat 2208', 'Injeksi', 57, 7400, '2029-01-17'),
(2209, 'Obat 2209', 'Kapsul', 64, 7450, '2030-02-20'),
(2210, 'Obat 2210', 'Salep', 71, 7500, '2026-03-23'),
(2211, 'Obat 2211', 'Tablet', 78, 7550, '2027-04-26'),
(2212, 'Obat 2212', 'Sirup', 85, 7600, '2028-05-01'),
(2213, 'Obat 2213', 'Injeksi', 92, 7650, '2029-06-04'),
(2214, 'Obat 2214', 'Kapsul', 99, 7700, '2030-07-07'),
(2215, 'Obat 2215', 'Salep', 106, 7750, '2026-08-10'),
(2216, 'Obat 2216', 'Tablet', 113, 7800, '2027-09-13'),
(2217, 'Obat 2217', 'Sirup', 120, 7850, '2028-10-16'),
(2218, 'Obat 2218', 'Injeksi', 127, 7900, '2029-11-19'),
(2219, 'Obat 2219', 'Kapsul', 134, 7950, '2030-12-22'),
(2220, 'Obat 2220', 'Salep', 141, 8000, '2026-01-25'),
(2221, 'Obat 2221', 'Tablet', 148, 8050, '2027-02-28'),
(2222, 'Obat 2222', 'Sirup', 152, 8100, '2028-03-03'),
(2223, 'Obat 2223', 'Injeksi', 162, 8150, '2029-04-06'),
(2224, 'Obat 2224', 'Kapsul', 169, 8200, '2030-05-09'),
(2225, 'Obat 2225', 'Salep', 176, 8250, '2026-06-12'),
(2226, 'Obat 2226', 'Tablet', 183, 8300, '2027-07-15'),
(2227, 'Obat 2227', 'Sirup', 190, 8350, '2028-08-18'),
(2228, 'Obat 2228', 'Injeksi', 197, 8400, '2029-09-21'),
(2229, 'Obat 2229', 'Kapsul', 4, 8450, '2030-10-24'),
(2230, 'Obat 2230', 'Salep', 11, 8500, '2026-11-27'),
(2231, 'Obat 2231', 'Tablet', 18, 8550, '2027-12-02'),
(2232, 'Obat 2232', 'Sirup', 25, 8600, '2028-01-05'),
(2233, 'Obat 2233', 'Injeksi', 32, 8650, '2029-02-08'),
(2234, 'Obat 2234', 'Kapsul', 38, 8700, '2030-03-11'),
(2235, 'Obat 2235', 'Salep', 46, 8750, '2026-04-14'),
(2236, 'Obat 2236', 'Tablet', 53, 8800, '2027-05-17'),
(2237, 'Obat 2237', 'Sirup', 60, 8850, '2028-06-20'),
(2238, 'Obat 2238', 'Injeksi', 67, 8900, '2029-07-23'),
(2239, 'Obat 2239', 'Kapsul', 74, 8950, '2030-08-26'),
(2240, 'Obat 2240', 'Salep', 81, 9000, '2026-09-01'),
(2241, 'Obat 2241', 'Tablet', 88, 9050, '2027-10-04'),
(2242, 'Obat 2242', 'Sirup', 95, 9100, '2028-11-07'),
(2243, 'Obat 2243', 'Injeksi', 101, 9150, '2029-12-10'),
(2244, 'Obat 2244', 'Kapsul', 109, 9200, '2030-01-13'),
(2245, 'Obat 2245', 'Salep', 116, 9250, '2026-02-16'),
(2246, 'Obat 2246', 'Tablet', 120, 9300, '2027-03-19'),
(2247, 'Obat 2247', 'Sirup', 130, 9350, '2028-04-22'),
(2248, 'Obat 2248', 'Injeksi', 137, 9400, '2029-05-25'),
(2249, 'Obat 2249', 'Kapsul', 144, 9450, '2030-06-28'),
(2250, 'Obat 2250', 'Salep', 151, 9500, '2026-07-03'),
(2251, 'Obat 2251', 'Tablet', 158, 9550, '2027-08-06'),
(2252, 'Obat 2252', 'Sirup', 165, 9600, '2028-09-09'),
(2253, 'Obat 2253', 'Injeksi', 172, 9650, '2029-10-12'),
(2254, 'Obat 2254', 'Kapsul', 179, 9700, '2030-11-15'),
(2255, 'Obat 2255', 'Salep', 186, 9750, '2026-12-18'),
(2256, 'Obat 2256', 'Tablet', 193, 9800, '2027-01-21'),
(2257, 'Obat 2257', 'Sirup', 200, 9850, '2028-02-24'),
(2258, 'Obat 2258', 'Injeksi', 7, 9900, '2029-03-27'),
(2259, 'Obat 2259', 'Kapsul', 14, 9950, '2030-04-02'),
(2260, 'Obat 2260', 'Salep', 20, 10000, '2026-05-05'),
(2261, 'Obat 2261', 'Tablet', 28, 10050, '2027-06-08'),
(2262, 'Obat 2262', 'Sirup', 35, 10100, '2028-07-11'),
(2263, 'Obat 2263', 'Injeksi', 42, 10150, '2029-08-14'),
(2264, 'Obat 2264', 'Kapsul', 49, 10200, '2030-09-17'),
(2265, 'Obat 2265', 'Salep', 56, 10250, '2026-10-20'),
(2266, 'Obat 2266', 'Tablet', 63, 10300, '2027-11-23'),
(2267, 'Obat 2267', 'Sirup', 70, 10350, '2028-12-26'),
(2268, 'Obat 2268', 'Injeksi', 77, 10400, '2029-01-01'),
(2269, 'Obat 2269', 'Kapsul', 84, 10450, '2030-02-04'),
(2270, 'Obat 2270', 'Salep', 91, 10500, '2026-03-07'),
(2271, 'Obat 2271', 'Tablet', 98, 10550, '2027-04-10'),
(2272, 'Obat 2272', 'Sirup', 105, 10600, '2028-05-13'),
(2273, 'Obat 2273', 'Injeksi', 112, 10650, '2029-06-16'),
(2274, 'Obat 2274', 'Kapsul', 119, 10700, '2030-07-19'),
(2275, 'Obat 2275', 'Salep', 126, 10750, '2026-08-22'),
(2276, 'Obat 2276', 'Tablet', 133, 10800, '2027-09-25'),
(2277, 'Obat 2277', 'Sirup', 140, 10850, '2028-10-28'),
(2278, 'Obat 2278', 'Injeksi', 147, 10900, '2029-11-03'),
(2279, 'Obat 2279', 'Kapsul', 154, 10950, '2030-12-06'),
(2280, 'Obat 2280', 'Salep', 159, 11000, '2026-01-09'),
(2281, 'Obat 2281', 'Tablet', 168, 11050, '2027-02-12'),
(2282, 'Obat 2282', 'Sirup', 174, 11100, '2028-03-15'),
(2283, 'Obat 2283', 'Injeksi', 182, 11150, '2029-04-18'),
(2284, 'Obat 2284', 'Kapsul', 189, 11200, '2030-05-21'),
(2285, 'Obat 2285', 'Salep', 196, 11250, '2026-06-24'),
(2286, 'Obat 2286', 'Tablet', 3, 11300, '2027-07-27'),
(2287, 'Obat 2287', 'Sirup', 7, 11350, '2028-08-02'),
(2288, 'Obat 2288', 'Injeksi', 17, 11400, '2029-09-05'),
(2289, 'Obat 2289', 'Kapsul', 24, 11450, '2030-10-08'),
(2290, 'Obat 2290', 'Salep', 31, 11500, '2026-11-11'),
(2291, 'Obat 2291', 'Tablet', 38, 11550, '2027-12-14'),
(2292, 'Obat 2292', 'Sirup', 45, 11600, '2028-01-17'),
(2293, 'Obat 2293', 'Injeksi', 52, 11650, '2029-02-20'),
(2294, 'Obat 2294', 'Kapsul', 59, 11700, '2030-03-23'),
(2295, 'Obat 2295', 'Salep', 66, 11750, '2026-04-26'),
(2296, 'Obat 2296', 'Tablet', 73, 11800, '2027-05-01'),
(2297, 'Obat 2297', 'Sirup', 80, 11850, '2028-06-04'),
(2298, 'Obat 2298', 'Injeksi', 87, 11900, '2029-07-07'),
(2299, 'Obat 2299', 'Kapsul', 94, 11950, '2030-08-10'),
(2300, 'Obat 2300', 'Salep', 101, 12000, '2026-09-13'),
(2301, 'Obat 2301', 'Tablet', 108, 12050, '2027-10-16'),
(2302, 'Obat 2302', 'Sirup', 115, 12100, '2028-11-19'),
(2303, 'Obat 2303', 'Injeksi', 122, 12150, '2029-12-22'),
(2304, 'Obat 2304', 'Kapsul', 129, 12200, '2030-01-25'),
(2305, 'Obat 2305', 'Salep', 136, 12250, '2026-02-28'),
(2306, 'Obat 2306', 'Tablet', 143, 12300, '2027-03-03'),
(2307, 'Obat 2307', 'Sirup', 150, 12350, '2028-04-06'),
(2308, 'Obat 2308', 'Injeksi', 156, 12400, '2029-05-09'),
(2309, 'Obat 2309', 'Kapsul', 164, 12450, '2030-06-12'),
(2310, 'Obat 2310', 'Salep', 171, 12500, '2026-07-15'),
(2311, 'Obat 2311', 'Tablet', 178, 12550, '2027-08-18'),
(2312, 'Obat 2312', 'Sirup', 185, 12600, '2028-09-21'),
(2313, 'Obat 2313', 'Injeksi', 192, 12650, '2029-10-24'),
(2314, 'Obat 2314', 'Kapsul', 199, 12700, '2030-11-27'),
(2315, 'Obat 2315', 'Salep', 6, 12750, '2026-12-02'),
(2316, 'Obat 2316', 'Tablet', 13, 12800, '2027-01-05'),
(2317, 'Obat 2317', 'Sirup', 20, 12850, '2028-02-08'),
(2318, 'Obat 2318', 'Injeksi', 27, 12900, '2029-03-11'),
(2319, 'Obat 2319', 'Kapsul', 34, 12950, '2030-04-14'),
(2320, 'Obat 2320', 'Salep', 41, 13000, '2026-05-17'),
(2321, 'Obat 2321', 'Tablet', 47, 13050, '2027-06-20'),
(2322, 'Obat 2322', 'Sirup', 55, 13100, '2028-07-23'),
(2323, 'Obat 2323', 'Injeksi', 62, 13150, '2029-08-26'),
(2324, 'Obat 2324', 'Kapsul', 69, 13200, '2030-09-01'),
(2325, 'Obat 2325', 'Salep', 76, 13250, '2026-10-04'),
(2326, 'Obat 2326', 'Tablet', 83, 13300, '2027-11-07'),
(2327, 'Obat 2327', 'Sirup', 90, 13350, '2028-12-10'),
(2328, 'Obat 2328', 'Injeksi', 97, 13400, '2029-01-13'),
(2329, 'Obat 2329', 'Kapsul', 104, 13450, '2030-02-16'),
(2330, 'Obat 2330', 'Salep', 111, 13500, '2026-03-19'),
(2331, 'Obat 2331', 'Tablet', 118, 13550, '2027-04-22'),
(2332, 'Obat 2332', 'Sirup', 125, 13600, '2028-05-25'),
(2333, 'Obat 2333', 'Injeksi', 132, 13650, '2029-06-28'),
(2334, 'Obat 2334', 'Kapsul', 139, 13700, '2030-07-03'),
(2335, 'Obat 2335', 'Salep', 146, 13750, '2026-08-06'),
(2336, 'Obat 2336', 'Tablet', 153, 13800, '2027-09-09'),
(2337, 'Obat 2337', 'Sirup', 160, 13850, '2028-10-12'),
(2338, 'Obat 2338', 'Injeksi', 167, 13900, '2029-11-15'),
(2339, 'Obat 2339', 'Kapsul', 174, 13950, '2030-12-18'),
(2340, 'Obat 2340', 'Salep', 181, 14000, '2026-01-21'),
(2341, 'Obat 2341', 'Tablet', 188, 14050, '2027-02-24'),
(2342, 'Obat 2342', 'Sirup', 195, 14100, '2028-03-27'),
(2343, 'Obat 2343', 'Injeksi', 2, 14150, '2029-04-02'),
(2344, 'Obat 2344', 'Kapsul', 9, 14200, '2030-05-05'),
(2345, 'Obat 2345', 'Salep', 16, 14250, '2026-06-08'),
(2346, 'Obat 2346', 'Tablet', 23, 14300, '2027-07-11'),
(2347, 'Obat 2347', 'Sirup', 30, 14350, '2028-08-14'),
(2348, 'Obat 2348', 'Injeksi', 37, 14400, '2029-09-17'),
(2349, 'Obat 2349', 'Kapsul', 44, 14450, '2030-10-20'),
(2350, 'Obat 2350', 'Salep', 51, 14500, '2026-11-23'),
(2351, 'Obat 2351', 'Tablet', 58, 14550, '2027-12-26'),
(2352, 'Obat 2352', 'Sirup', 65, 14600, '2028-01-01'),
(2353, 'Obat 2353', 'Injeksi', 72, 14650, '2029-02-04'),
(2354, 'Obat 2354', 'Kapsul', 79, 14700, '2030-03-07'),
(2355, 'Obat 2355', 'Salep', 86, 14750, '2026-04-10'),
(2356, 'Obat 2356', 'Tablet', 93, 14800, '2027-05-13'),
(2357, 'Obat 2357', 'Sirup', 100, 14850, '2028-06-16'),
(2358, 'Obat 2358', 'Injeksi', 107, 14900, '2029-07-19'),
(2359, 'Obat 2359', 'Kapsul', 114, 14950, '2030-08-22'),
(2360, 'Obat 2360', 'Salep', 121, 15000, '2026-09-25'),
(2361, 'Obat 2361', 'Tablet', 125, 15050, '2027-10-28'),
(2362, 'Obat 2362', 'Sirup', 135, 15100, '2028-11-03'),
(2363, 'Obat 2363', 'Injeksi', 142, 15150, '2029-12-06'),
(2364, 'Obat 2364', 'Kapsul', 149, 15200, '2030-01-09'),
(2365, 'Obat 2365', 'Salep', 156, 15250, '2026-02-12'),
(2366, 'Obat 2366', 'Tablet', 163, 15300, '2027-03-15'),
(2367, 'Obat 2367', 'Sirup', 170, 15350, '2028-04-18'),
(2368, 'Obat 2368', 'Injeksi', 177, 15400, '2029-05-21'),
(2369, 'Obat 2369', 'Kapsul', 184, 15450, '2030-06-24'),
(2370, 'Obat 2370', 'Salep', 191, 15500, '2026-07-27'),
(2371, 'Obat 2371', 'Tablet', 198, 15550, '2027-08-02'),
(2372, 'Obat 2372', 'Sirup', 5, 15600, '2028-09-05'),
(2373, 'Obat 2373', 'Injeksi', 12, 15650, '2029-10-08'),
(2374, 'Obat 2374', 'Kapsul', 19, 15700, '2030-11-11'),
(2375, 'Obat 2375', 'Salep', 26, 15750, '2026-12-14'),
(2376, 'Obat 2376', 'Tablet', 33, 15800, '2027-01-17'),
(2377, 'Obat 2377', 'Sirup', 40, 15850, '2028-02-20'),
(2378, 'Obat 2378', 'Injeksi', 47, 15900, '2029-03-23'),
(2379, 'Obat 2379', 'Kapsul', 54, 15950, '2030-04-26'),
(2380, 'Obat 2380', 'Salep', 61, 16000, '2026-05-01'),
(2381, 'Obat 2381', 'Tablet', 68, 16050, '2027-06-04'),
(2382, 'Obat 2382', 'Sirup', 75, 16100, '2028-07-07'),
(2383, 'Obat 2383', 'Injeksi', 82, 16150, '2029-08-10'),
(2384, 'Obat 2384', 'Kapsul', 89, 16200, '2030-09-13'),
(2385, 'Obat 2385', 'Salep', 96, 16250, '2026-10-16'),
(2386, 'Obat 2386', 'Tablet', 103, 16300, '2027-11-19'),
(2387, 'Obat 2387', 'Sirup', 110, 16350, '2028-12-22'),
(2388, 'Obat 2388', 'Injeksi', 117, 16400, '2029-01-25'),
(2389, 'Obat 2389', 'Kapsul', 124, 16450, '2030-02-28'),
(2390, 'Obat 2390', 'Salep', 131, 16500, '2026-03-03'),
(2391, 'Obat 2391', 'Tablet', 138, 16550, '2027-04-06'),
(2392, 'Obat 2392', 'Sirup', 145, 16600, '2028-05-09'),
(2393, 'Obat 2393', 'Injeksi', 152, 16650, '2029-06-12'),
(2394, 'Obat 2394', 'Kapsul', 156, 16700, '2030-07-15'),
(2395, 'Obat 2395', 'Salep', 166, 16750, '2026-08-18'),
(2396, 'Obat 2396', 'Tablet', 173, 16800, '2027-09-21'),
(2397, 'Obat 2397', 'Sirup', 180, 16850, '2028-10-24'),
(2398, 'Obat 2398', 'Injeksi', 187, 16900, '2029-11-27'),
(2399, 'Obat 2399', 'Kapsul', 194, 16950, '2030-12-02'),
(2400, 'Obat 2400', 'Salep', 1, 2000, '2026-01-05'),
(2401, 'Obat 2401', 'Tablet', 8, 2050, '2027-02-08'),
(2402, 'Obat 2402', 'Sirup', 15, 2100, '2028-03-11'),
(2403, 'Obat 2403', 'Injeksi', 22, 2150, '2029-04-14'),
(2404, 'Obat 2404', 'Kapsul', 29, 2200, '2030-05-17'),
(2405, 'Obat 2405', 'Salep', 36, 2250, '2026-06-20'),
(2406, 'Obat 2406', 'Tablet', 43, 2300, '2027-07-23'),
(2407, 'Obat 2407', 'Sirup', 50, 2350, '2028-08-26'),
(2408, 'Obat 2408', 'Injeksi', 57, 2400, '2029-09-01'),
(2409, 'Obat 2409', 'Kapsul', 64, 2450, '2030-10-04'),
(2410, 'Obat 2410', 'Salep', 71, 2500, '2026-11-07'),
(2411, 'Obat 2411', 'Tablet', 78, 2550, '2027-12-10'),
(2412, 'Obat 2412', 'Sirup', 85, 2600, '2028-01-13'),
(2413, 'Obat 2413', 'Injeksi', 92, 2650, '2029-02-16'),
(2414, 'Obat 2414', 'Kapsul', 99, 2700, '2030-03-19'),
(2415, 'Obat 2415', 'Salep', 106, 2750, '2026-04-22'),
(2416, 'Obat 2416', 'Tablet', 113, 2800, '2027-05-25'),
(2417, 'Obat 2417', 'Sirup', 120, 2850, '2028-06-28'),
(2418, 'Obat 2418', 'Injeksi', 127, 2900, '2029-07-03'),
(2419, 'Obat 2419', 'Kapsul', 134, 2950, '2030-08-06'),
(2420, 'Obat 2420', 'Salep', 141, 3000, '2026-09-09'),
(2421, 'Obat 2421', 'Tablet', 148, 3050, '2027-10-12'),
(2422, 'Obat 2422', 'Sirup', 155, 3100, '2028-11-15'),
(2423, 'Obat 2423', 'Injeksi', 162, 3150, '2029-12-18'),
(2424, 'Obat 2424', 'Kapsul', 169, 3200, '2030-01-21'),
(2425, 'Obat 2425', 'Salep', 176, 3250, '2026-02-24'),
(2426, 'Obat 2426', 'Tablet', 183, 3300, '2027-03-27'),
(2427, 'Obat 2427', 'Sirup', 190, 3350, '2028-04-02'),
(2428, 'Obat 2428', 'Injeksi', 197, 3400, '2029-05-05'),
(2429, 'Obat 2429', 'Kapsul', 4, 3450, '2030-06-08'),
(2430, 'Obat 2430', 'Salep', 11, 3500, '2026-07-11'),
(2431, 'Obat 2431', 'Tablet', 18, 3550, '2027-08-14'),
(2432, 'Obat 2432', 'Sirup', 25, 3600, '2028-09-17'),
(2433, 'Obat 2433', 'Injeksi', 32, 3650, '2029-10-20'),
(2434, 'Obat 2434', 'Kapsul', 39, 3700, '2030-11-23'),
(2435, 'Obat 2435', 'Salep', 46, 3750, '2026-12-26'),
(2436, 'Obat 2436', 'Tablet', 53, 3800, '2027-01-01'),
(2437, 'Obat 2437', 'Sirup', 60, 3850, '2028-02-04'),
(2438, 'Obat 2438', 'Injeksi', 67, 3900, '2029-03-07'),
(2439, 'Obat 2439', 'Kapsul', 74, 3950, '2030-04-10'),
(2440, 'Obat 2440', 'Salep', 81, 4000, '2026-05-13'),
(2441, 'Obat 2441', 'Tablet', 88, 4050, '2027-06-16'),
(2442, 'Obat 2442', 'Sirup', 95, 4100, '2028-07-19'),
(2443, 'Obat 2443', 'Injeksi', 102, 4150, '2029-08-22'),
(2444, 'Obat 2444', 'Kapsul', 109, 4200, '2030-09-25'),
(2445, 'Obat 2445', 'Salep', 116, 4250, '2026-10-28'),
(2446, 'Obat 2446', 'Tablet', 123, 4300, '2027-11-03'),
(2447, 'Obat 2447', 'Sirup', 130, 4350, '2028-12-06'),
(2448, 'Obat 2448', 'Injeksi', 137, 4400, '2029-01-09'),
(2449, 'Obat 2449', 'Kapsul', 144, 4450, '2030-02-12'),
(2450, 'Obat 2450', 'Salep', 148, 4500, '2026-03-15'),
(2451, 'Obat 2451', 'Tablet', 158, 4550, '2027-04-18'),
(2452, 'Obat 2452', 'Sirup', 165, 4600, '2028-05-21'),
(2453, 'Obat 2453', 'Injeksi', 172, 4650, '2029-06-24'),
(2454, 'Obat 2454', 'Kapsul', 179, 4700, '2030-07-27'),
(2455, 'Obat 2455', 'Salep', 184, 4750, '2026-08-02'),
(2456, 'Obat 2456', 'Tablet', 193, 4800, '2027-09-05'),
(2457, 'Obat 2457', 'Sirup', 200, 4850, '2028-10-08'),
(2458, 'Obat 2458', 'Injeksi', 7, 4900, '2029-11-11'),
(2459, 'Obat 2459', 'Kapsul', 14, 4950, '2030-12-14'),
(2460, 'Obat 2460', 'Salep', 21, 5000, '2026-01-17'),
(2461, 'Obat 2461', 'Tablet', 28, 5050, '2027-02-20'),
(2462, 'Obat 2462', 'Sirup', 35, 5100, '2028-03-23'),
(2463, 'Obat 2463', 'Injeksi', 42, 5150, '2029-04-26'),
(2464, 'Obat 2464', 'Kapsul', 49, 5200, '2030-05-01'),
(2465, 'Obat 2465', 'Salep', 56, 5250, '2026-06-04'),
(2466, 'Obat 2466', 'Tablet', 63, 5300, '2027-07-07'),
(2467, 'Obat 2467', 'Sirup', 70, 5350, '2028-08-10'),
(2468, 'Obat 2468', 'Injeksi', 77, 5400, '2029-09-13'),
(2469, 'Obat 2469', 'Kapsul', 84, 5450, '2030-10-16'),
(2470, 'Obat 2470', 'Salep', 91, 5500, '2026-11-19'),
(2471, 'Obat 2471', 'Tablet', 98, 5550, '2027-12-22'),
(2472, 'Obat 2472', 'Sirup', 105, 5600, '2028-01-25'),
(2473, 'Obat 2473', 'Injeksi', 112, 5650, '2029-02-28'),
(2474, 'Obat 2474', 'Kapsul', 119, 5700, '2030-03-03'),
(2475, 'Obat 2475', 'Salep', 126, 5750, '2026-04-06'),
(2476, 'Obat 2476', 'Tablet', 133, 5800, '2027-05-09'),
(2477, 'Obat 2477', 'Sirup', 140, 5850, '2028-06-12'),
(2478, 'Obat 2478', 'Injeksi', 147, 5900, '2029-07-15'),
(2479, 'Obat 2479', 'Kapsul', 154, 5950, '2030-08-18'),
(2480, 'Obat 2480', 'Salep', 161, 6000, '2026-09-21'),
(2481, 'Obat 2481', 'Tablet', 168, 6050, '2027-10-24'),
(2482, 'Obat 2482', 'Sirup', 175, 6100, '2028-11-27'),
(2483, 'Obat 2483', 'Injeksi', 182, 6150, '2029-12-02'),
(2484, 'Obat 2484', 'Kapsul', 189, 6200, '2030-01-05'),
(2485, 'Obat 2485', 'Salep', 196, 6250, '2026-02-08'),
(2486, 'Obat 2486', 'Tablet', 3, 6300, '2027-03-11'),
(2487, 'Obat 2487', 'Sirup', 10, 6350, '2028-04-14'),
(2488, 'Obat 2488', 'Injeksi', 17, 6400, '2029-05-17'),
(2489, 'Obat 2489', 'Kapsul', 22, 6450, '2030-06-20'),
(2490, 'Obat 2490', 'Salep', 31, 6500, '2026-07-23'),
(2491, 'Obat 2491', 'Tablet', 38, 6550, '2027-08-26'),
(2492, 'Obat 2492', 'Sirup', 45, 6600, '2028-09-01'),
(2493, 'Obat 2493', 'Injeksi', 52, 6650, '2029-10-04'),
(2494, 'Obat 2494', 'Kapsul', 59, 6700, '2030-11-07'),
(2495, 'Obat 2495', 'Salep', 66, 6750, '2026-12-10'),
(2496, 'Obat 2496', 'Tablet', 73, 6800, '2027-01-13'),
(2497, 'Obat 2497', 'Sirup', 78, 6850, '2028-02-16'),
(2498, 'Obat 2498', 'Injeksi', 87, 6900, '2029-03-19'),
(2499, 'Obat 2499', 'Kapsul', 94, 6950, '2030-04-22'),
(2500, 'Obat 2500', 'Salep', 101, 7000, '2026-05-25'),
(2501, 'Obat 2501', 'Tablet', 108, 7050, '2027-06-28'),
(2502, 'Obat 2502', 'Sirup', 115, 7100, '2028-07-03'),
(2503, 'Obat 2503', 'Injeksi', 122, 7150, '2029-08-06'),
(2504, 'Obat 2504', 'Kapsul', 128, 7200, '2030-09-09'),
(2505, 'Obat 2505', 'Salep', 136, 7250, '2026-10-12'),
(2506, 'Obat 2506', 'Tablet', 143, 7300, '2027-11-15'),
(2507, 'Obat 2507', 'Sirup', 150, 7350, '2028-12-18'),
(2508, 'Obat 2508', 'Injeksi', 157, 7400, '2029-01-21'),
(2509, 'Obat 2509', 'Kapsul', 164, 7450, '2030-02-24'),
(2510, 'Obat 2510', 'Salep', 171, 7500, '2026-03-27'),
(2511, 'Obat 2511', 'Tablet', 178, 7550, '2027-04-02'),
(2512, 'Obat 2512', 'Sirup', 185, 7600, '2028-05-05'),
(2513, 'Obat 2513', 'Injeksi', 192, 7650, '2029-06-08'),
(2514, 'Obat 2514', 'Kapsul', 199, 7700, '2030-07-11'),
(2515, 'Obat 2515', 'Salep', 6, 7750, '2026-08-14'),
(2516, 'Obat 2516', 'Tablet', 13, 7800, '2027-09-17'),
(2517, 'Obat 2517', 'Sirup', 20, 7850, '2028-10-20'),
(2518, 'Obat 2518', 'Injeksi', 27, 7900, '2029-11-23'),
(2519, 'Obat 2519', 'Kapsul', 34, 7950, '2030-12-26'),
(2520, 'Obat 2520', 'Salep', 41, 8000, '2026-01-01'),
(2521, 'Obat 2521', 'Tablet', 48, 8050, '2027-02-04'),
(2522, 'Obat 2522', 'Sirup', 55, 8100, '2028-03-07'),
(2523, 'Obat 2523', 'Injeksi', 62, 8150, '2029-04-10'),
(2524, 'Obat 2524', 'Kapsul', 69, 8200, '2030-05-13'),
(2525, 'Obat 2525', 'Salep', 76, 8250, '2026-06-16'),
(2526, 'Obat 2526', 'Tablet', 83, 8300, '2027-07-19'),
(2527, 'Obat 2527', 'Sirup', 90, 8350, '2028-08-22'),
(2528, 'Obat 2528', 'Injeksi', 97, 8400, '2029-09-25'),
(2529, 'Obat 2529', 'Kapsul', 104, 8450, '2030-10-28'),
(2530, 'Obat 2530', 'Salep', 111, 8500, '2026-11-03'),
(2531, 'Obat 2531', 'Tablet', 118, 8550, '2027-12-06'),
(2532, 'Obat 2532', 'Sirup', 125, 8600, '2028-01-09'),
(2533, 'Obat 2533', 'Injeksi', 132, 8650, '2029-02-12'),
(2534, 'Obat 2534', 'Kapsul', 139, 8700, '2030-03-15'),
(2535, 'Obat 2535', 'Salep', 146, 8750, '2026-04-18'),
(2536, 'Obat 2536', 'Tablet', 153, 8800, '2027-05-21'),
(2537, 'Obat 2537', 'Sirup', 158, 8850, '2028-06-24'),
(2538, 'Obat 2538', 'Injeksi', 167, 8900, '2029-07-27'),
(2539, 'Obat 2539', 'Kapsul', 174, 8950, '2030-08-02'),
(2540, 'Obat 2540', 'Salep', 181, 9000, '2026-09-05'),
(2541, 'Obat 2541', 'Tablet', 188, 9050, '2027-10-08'),
(2542, 'Obat 2542', 'Sirup', 195, 9100, '2028-11-11'),
(2543, 'Obat 2543', 'Injeksi', 2, 9150, '2029-12-14'),
(2544, 'Obat 2544', 'Kapsul', 9, 9200, '2030-01-17'),
(2545, 'Obat 2545', 'Salep', 16, 9250, '2026-02-20'),
(2546, 'Obat 2546', 'Tablet', 23, 9300, '2027-03-23'),
(2547, 'Obat 2547', 'Sirup', 30, 9350, '2028-04-26'),
(2548, 'Obat 2548', 'Injeksi', 37, 9400, '2029-05-01'),
(2549, 'Obat 2549', 'Kapsul', 44, 9450, '2030-06-04'),
(2550, 'Obat 2550', 'Salep', 48, 9500, '2026-07-07'),
(2551, 'Obat 2551', 'Tablet', 58, 9550, '2027-08-10'),
(2552, 'Obat 2552', 'Sirup', 65, 9600, '2028-09-13'),
(2553, 'Obat 2553', 'Injeksi', 72, 9650, '2029-10-16'),
(2554, 'Obat 2554', 'Kapsul', 79, 9700, '2030-11-19'),
(2555, 'Obat 2555', 'Salep', 86, 9750, '2026-12-22'),
(2556, 'Obat 2556', 'Tablet', 93, 9800, '2027-01-25'),
(2557, 'Obat 2557', 'Sirup', 100, 9850, '2028-02-28'),
(2558, 'Obat 2558', 'Injeksi', 107, 9900, '2029-03-03'),
(2559, 'Obat 2559', 'Kapsul', 114, 9950, '2030-04-06'),
(2560, 'Obat 2560', 'Salep', 121, 10000, '2026-05-09'),
(2561, 'Obat 2561', 'Tablet', 128, 10050, '2027-06-12'),
(2562, 'Obat 2562', 'Sirup', 135, 10100, '2028-07-15'),
(2563, 'Obat 2563', 'Injeksi', 142, 10150, '2029-08-18'),
(2564, 'Obat 2564', 'Kapsul', 149, 10200, '2030-09-21'),
(2565, 'Obat 2565', 'Salep', 156, 10250, '2026-10-24'),
(2566, 'Obat 2566', 'Tablet', 163, 10300, '2027-11-27'),
(2567, 'Obat 2567', 'Sirup', 168, 10350, '2028-12-02'),
(2568, 'Obat 2568', 'Injeksi', 177, 10400, '2029-01-05'),
(2569, 'Obat 2569', 'Kapsul', 184, 10450, '2030-02-08'),
(2570, 'Obat 2570', 'Salep', 191, 10500, '2026-03-11'),
(2571, 'Obat 2571', 'Tablet', 198, 10550, '2027-04-14'),
(2572, 'Obat 2572', 'Sirup', 5, 10600, '2028-05-17'),
(2573, 'Obat 2573', 'Injeksi', 12, 10650, '2029-06-20'),
(2574, 'Obat 2574', 'Kapsul', 19, 10700, '2030-07-23'),
(2575, 'Obat 2575', 'Salep', 26, 10750, '2026-08-26'),
(2576, 'Obat 2576', 'Tablet', 33, 10800, '2027-09-01'),
(2577, 'Obat 2577', 'Sirup', 39, 10850, '2028-10-04'),
(2578, 'Obat 2578', 'Injeksi', 47, 10900, '2029-11-07'),
(2579, 'Obat 2579', 'Kapsul', 54, 10950, '2030-12-10'),
(2580, 'Obat 2580', 'Salep', 61, 11000, '2026-01-13'),
(2581, 'Obat 2581', 'Tablet', 68, 11050, '2027-02-16'),
(2582, 'Obat 2582', 'Sirup', 75, 11100, '2028-03-19'),
(2583, 'Obat 2583', 'Injeksi', 82, 11150, '2029-04-22'),
(2584, 'Obat 2584', 'Kapsul', 89, 11200, '2030-05-25'),
(2585, 'Obat 2585', 'Salep', 95, 11250, '2026-06-28'),
(2586, 'Obat 2586', 'Tablet', 103, 11300, '2027-07-03'),
(2587, 'Obat 2587', 'Sirup', 110, 11350, '2028-08-06'),
(2588, 'Obat 2588', 'Injeksi', 117, 11400, '2029-09-09'),
(2589, 'Obat 2589', 'Kapsul', 124, 11450, '2030-10-12'),
(2590, 'Obat 2590', 'Salep', 131, 11500, '2026-11-15'),
(2591, 'Obat 2591', 'Tablet', 138, 11550, '2027-12-18'),
(2592, 'Obat 2592', 'Sirup', 145, 11600, '2028-01-21'),
(2593, 'Obat 2593', 'Injeksi', 152, 11650, '2029-02-24'),
(2594, 'Obat 2594', 'Kapsul', 159, 11700, '2030-03-27'),
(2595, 'Obat 2595', 'Salep', 166, 11750, '2026-04-02'),
(2596, 'Obat 2596', 'Tablet', 173, 11800, '2027-05-05'),
(2597, 'Obat 2597', 'Sirup', 180, 11850, '2028-06-08'),
(2598, 'Obat 2598', 'Injeksi', 187, 11900, '2029-07-11'),
(2599, 'Obat 2599', 'Kapsul', 194, 11950, '2030-08-14'),
(2600, 'Obat 2600', 'Salep', 1, 12000, '2026-09-17'),
(2601, 'Obat 2601', 'Tablet', 8, 12050, '2027-10-20'),
(2602, 'Obat 2602', 'Sirup', 15, 12100, '2028-11-23'),
(2603, 'Obat 2603', 'Injeksi', 22, 12150, '2029-12-26'),
(2604, 'Obat 2604', 'Kapsul', 29, 12200, '2030-01-01'),
(2605, 'Obat 2605', 'Salep', 36, 12250, '2026-02-04'),
(2606, 'Obat 2606', 'Tablet', 43, 12300, '2027-03-07'),
(2607, 'Obat 2607', 'Sirup', 50, 12350, '2028-04-10'),
(2608, 'Obat 2608', 'Injeksi', 57, 12400, '2029-05-13'),
(2609, 'Obat 2609', 'Kapsul', 64, 12450, '2030-06-16'),
(2610, 'Obat 2610', 'Salep', 71, 12500, '2026-07-19'),
(2611, 'Obat 2611', 'Tablet', 78, 12550, '2027-08-22'),
(2612, 'Obat 2612', 'Sirup', 85, 12600, '2028-09-25'),
(2613, 'Obat 2613', 'Injeksi', 92, 12650, '2029-10-28'),
(2614, 'Obat 2614', 'Kapsul', 99, 12700, '2030-11-03'),
(2615, 'Obat 2615', 'Salep', 106, 12750, '2026-12-06'),
(2616, 'Obat 2616', 'Tablet', 113, 12800, '2027-01-09'),
(2617, 'Obat 2617', 'Sirup', 120, 12850, '2028-02-12'),
(2618, 'Obat 2618', 'Injeksi', 127, 12900, '2029-03-15'),
(2619, 'Obat 2619', 'Kapsul', 134, 12950, '2030-04-18'),
(2620, 'Obat 2620', 'Salep', 141, 13000, '2026-05-21'),
(2621, 'Obat 2621', 'Tablet', 148, 13050, '2027-06-24'),
(2622, 'Obat 2622', 'Sirup', 155, 13100, '2028-07-27'),
(2623, 'Obat 2623', 'Injeksi', 162, 13150, '2029-08-02'),
(2624, 'Obat 2624', 'Kapsul', 169, 13200, '2030-09-05'),
(2625, 'Obat 2625', 'Salep', 176, 13250, '2026-10-08'),
(2626, 'Obat 2626', 'Tablet', 183, 13300, '2027-11-11'),
(2627, 'Obat 2627', 'Sirup', 190, 13350, '2028-12-14'),
(2628, 'Obat 2628', 'Injeksi', 197, 13400, '2029-01-17'),
(2629, 'Obat 2629', 'Kapsul', 4, 13450, '2030-02-20'),
(2630, 'Obat 2630', 'Salep', 11, 13500, '2026-03-23'),
(2631, 'Obat 2631', 'Tablet', 18, 13550, '2027-04-26'),
(2632, 'Obat 2632', 'Sirup', 25, 13600, '2028-05-01'),
(2633, 'Obat 2633', 'Injeksi', 32, 13650, '2029-06-04'),
(2634, 'Obat 2634', 'Kapsul', 39, 13700, '2030-07-07'),
(2635, 'Obat 2635', 'Salep', 46, 13750, '2026-08-10'),
(2636, 'Obat 2636', 'Tablet', 53, 13800, '2027-09-13'),
(2637, 'Obat 2637', 'Sirup', 60, 13850, '2028-10-16'),
(2638, 'Obat 2638', 'Injeksi', 67, 13900, '2029-11-19'),
(2639, 'Obat 2639', 'Kapsul', 74, 13950, '2030-12-22'),
(2640, 'Obat 2640', 'Salep', 81, 14000, '2026-01-25'),
(2641, 'Obat 2641', 'Tablet', 88, 14050, '2027-02-28'),
(2642, 'Obat 2642', 'Sirup', 95, 14100, '2028-03-03'),
(2643, 'Obat 2643', 'Injeksi', 102, 14150, '2029-04-06'),
(2644, 'Obat 2644', 'Kapsul', 109, 14200, '2030-05-09'),
(2645, 'Obat 2645', 'Salep', 116, 14250, '2026-06-12'),
(2646, 'Obat 2646', 'Tablet', 123, 14300, '2027-07-15'),
(2647, 'Obat 2647', 'Sirup', 130, 14350, '2028-08-18'),
(2648, 'Obat 2648', 'Injeksi', 137, 14400, '2029-09-21'),
(2649, 'Obat 2649', 'Kapsul', 144, 14450, '2030-10-24'),
(2650, 'Obat 2650', 'Salep', 151, 14500, '2026-11-27'),
(2651, 'Obat 2651', 'Tablet', 158, 14550, '2027-12-02'),
(2652, 'Obat 2652', 'Sirup', 165, 14600, '2028-01-05'),
(2653, 'Obat 2653', 'Injeksi', 172, 14650, '2029-02-08'),
(2654, 'Obat 2654', 'Kapsul', 179, 14700, '2030-03-11'),
(2655, 'Obat 2655', 'Salep', 186, 14750, '2026-04-14'),
(2656, 'Obat 2656', 'Tablet', 193, 14800, '2027-05-17'),
(2657, 'Obat 2657', 'Sirup', 200, 14850, '2028-06-20'),
(2658, 'Obat 2658', 'Injeksi', 7, 14900, '2029-07-23'),
(2659, 'Obat 2659', 'Kapsul', 14, 14950, '2030-08-26'),
(2660, 'Obat 2660', 'Salep', 21, 15000, '2026-09-01'),
(2661, 'Obat 2661', 'Tablet', 28, 15050, '2027-10-04'),
(2662, 'Obat 2662', 'Sirup', 35, 15100, '2028-11-07'),
(2663, 'Obat 2663', 'Injeksi', 42, 15150, '2029-12-10'),
(2664, 'Obat 2664', 'Kapsul', 49, 15200, '2030-01-13'),
(2665, 'Obat 2665', 'Salep', 55, 15250, '2026-02-16'),
(2666, 'Obat 2666', 'Tablet', 63, 15300, '2027-03-19'),
(2667, 'Obat 2667', 'Sirup', 70, 15350, '2028-04-22'),
(2668, 'Obat 2668', 'Injeksi', 77, 15400, '2029-05-25'),
(2669, 'Obat 2669', 'Kapsul', 84, 15450, '2030-06-28'),
(2670, 'Obat 2670', 'Salep', 86, 15500, '2026-07-03'),
(2671, 'Obat 2671', 'Tablet', 98, 15550, '2027-08-06'),
(2672, 'Obat 2672', 'Sirup', 105, 15600, '2028-09-09'),
(2673, 'Obat 2673', 'Injeksi', 112, 15650, '2029-10-12'),
(2674, 'Obat 2674', 'Kapsul', 119, 15700, '2030-11-15'),
(2675, 'Obat 2675', 'Salep', 126, 15750, '2026-12-18'),
(2676, 'Obat 2676', 'Tablet', 133, 15800, '2027-01-21'),
(2677, 'Obat 2677', 'Sirup', 139, 15850, '2028-02-24'),
(2678, 'Obat 2678', 'Injeksi', 147, 15900, '2029-03-27'),
(2679, 'Obat 2679', 'Kapsul', 154, 15950, '2030-04-02'),
(2680, 'Obat 2680', 'Salep', 161, 16000, '2026-05-05'),
(2681, 'Obat 2681', 'Tablet', 168, 16050, '2027-06-08'),
(2682, 'Obat 2682', 'Sirup', 175, 16100, '2028-07-11'),
(2683, 'Obat 2683', 'Injeksi', 182, 16150, '2029-08-14'),
(2684, 'Obat 2684', 'Kapsul', 189, 16200, '2030-09-17'),
(2685, 'Obat 2685', 'Salep', 196, 16250, '2026-10-20'),
(2686, 'Obat 2686', 'Tablet', 3, 16300, '2027-11-23'),
(2687, 'Obat 2687', 'Sirup', 10, 16350, '2028-12-26'),
(2688, 'Obat 2688', 'Injeksi', 17, 16400, '2029-01-01'),
(2689, 'Obat 2689', 'Kapsul', 24, 16450, '2030-02-04'),
(2690, 'Obat 2690', 'Salep', 31, 16500, '2026-03-07'),
(2691, 'Obat 2691', 'Tablet', 38, 16550, '2027-04-10'),
(2692, 'Obat 2692', 'Sirup', 45, 16600, '2028-05-13'),
(2693, 'Obat 2693', 'Injeksi', 52, 16650, '2029-06-16'),
(2694, 'Obat 2694', 'Kapsul', 59, 16700, '2030-07-19'),
(2695, 'Obat 2695', 'Salep', 66, 16750, '2026-08-22'),
(2696, 'Obat 2696', 'Tablet', 73, 16800, '2027-09-25'),
(2697, 'Obat 2697', 'Sirup', 80, 16850, '2028-10-28'),
(2698, 'Obat 2698', 'Injeksi', 87, 16900, '2029-11-03'),
(2699, 'Obat 2699', 'Kapsul', 93, 16950, '2030-12-06'),
(2700, 'Obat 2700', 'Salep', 101, 2000, '2026-01-09'),
(2701, 'Obat 2701', 'Tablet', 108, 2050, '2027-02-12'),
(2702, 'Obat 2702', 'Sirup', 115, 2100, '2028-03-15'),
(2703, 'Obat 2703', 'Injeksi', 122, 2150, '2029-04-18'),
(2704, 'Obat 2704', 'Kapsul', 129, 2200, '2030-05-21'),
(2705, 'Obat 2705', 'Salep', 136, 2250, '2026-06-24'),
(2706, 'Obat 2706', 'Tablet', 143, 2300, '2027-07-27'),
(2707, 'Obat 2707', 'Sirup', 150, 2350, '2028-08-02'),
(2708, 'Obat 2708', 'Injeksi', 157, 2400, '2029-09-05'),
(2709, 'Obat 2709', 'Kapsul', 164, 2450, '2030-10-08'),
(2710, 'Obat 2710', 'Salep', 171, 2500, '2026-11-11'),
(2711, 'Obat 2711', 'Tablet', 178, 2550, '2027-12-14'),
(2712, 'Obat 2712', 'Sirup', 185, 2600, '2028-01-17'),
(2713, 'Obat 2713', 'Injeksi', 192, 2650, '2029-02-20'),
(2714, 'Obat 2714', 'Kapsul', 199, 2700, '2030-03-23'),
(2715, 'Obat 2715', 'Salep', 6, 2750, '2026-04-26'),
(2716, 'Obat 2716', 'Tablet', 13, 2800, '2027-05-01'),
(2717, 'Obat 2717', 'Sirup', 20, 2850, '2028-06-04'),
(2718, 'Obat 2718', 'Injeksi', 27, 2900, '2029-07-07'),
(2719, 'Obat 2719', 'Kapsul', 34, 2950, '2030-08-10'),
(2720, 'Obat 2720', 'Salep', 41, 3000, '2026-09-13'),
(2721, 'Obat 2721', 'Tablet', 48, 3050, '2027-10-16'),
(2722, 'Obat 2722', 'Sirup', 55, 3100, '2028-11-19'),
(2723, 'Obat 2723', 'Injeksi', 62, 3150, '2029-12-22'),
(2724, 'Obat 2724', 'Kapsul', 69, 3200, '2030-01-25'),
(2725, 'Obat 2725', 'Salep', 76, 3250, '2026-02-28'),
(2726, 'Obat 2726', 'Tablet', 83, 3300, '2027-03-03'),
(2727, 'Obat 2727', 'Sirup', 90, 3350, '2028-04-06'),
(2728, 'Obat 2728', 'Injeksi', 97, 3400, '2029-05-09'),
(2729, 'Obat 2729', 'Kapsul', 104, 3450, '2030-06-12'),
(2730, 'Obat 2730', 'Salep', 111, 3500, '2026-07-15'),
(2731, 'Obat 2731', 'Tablet', 118, 3550, '2027-08-18'),
(2732, 'Obat 2732', 'Sirup', 125, 3600, '2028-09-21'),
(2733, 'Obat 2733', 'Injeksi', 132, 3650, '2029-10-24'),
(2734, 'Obat 2734', 'Kapsul', 139, 3700, '2030-11-27'),
(2735, 'Obat 2735', 'Salep', 146, 3750, '2026-12-02'),
(2736, 'Obat 2736', 'Tablet', 153, 3800, '2027-01-05'),
(2737, 'Obat 2737', 'Sirup', 160, 3850, '2028-02-08'),
(2738, 'Obat 2738', 'Injeksi', 167, 3900, '2029-03-11'),
(2739, 'Obat 2739', 'Kapsul', 174, 3950, '2030-04-14'),
(2740, 'Obat 2740', 'Salep', 181, 4000, '2026-05-17'),
(2741, 'Obat 2741', 'Tablet', 188, 4050, '2027-06-20'),
(2742, 'Obat 2742', 'Sirup', 195, 4100, '2028-07-23'),
(2743, 'Obat 2743', 'Injeksi', 2, 4150, '2029-08-26'),
(2744, 'Obat 2744', 'Kapsul', 9, 4200, '2030-09-01'),
(2745, 'Obat 2745', 'Salep', 16, 4250, '2026-10-04'),
(2746, 'Obat 2746', 'Tablet', 23, 4300, '2027-11-07'),
(2747, 'Obat 2747', 'Sirup', 30, 4350, '2028-12-10'),
(2748, 'Obat 2748', 'Injeksi', 37, 4400, '2029-01-13'),
(2749, 'Obat 2749', 'Kapsul', 44, 4450, '2030-02-16'),
(2750, 'Obat 2750', 'Salep', 51, 4500, '2026-03-19'),
(2751, 'Obat 2751', 'Tablet', 58, 4550, '2027-04-22'),
(2752, 'Obat 2752', 'Sirup', 62, 4600, '2028-05-25'),
(2753, 'Obat 2753', 'Injeksi', 72, 4650, '2029-06-28'),
(2754, 'Obat 2754', 'Kapsul', 79, 4700, '2030-07-03'),
(2755, 'Obat 2755', 'Salep', 86, 4750, '2026-08-06'),
(2756, 'Obat 2756', 'Tablet', 93, 4800, '2027-09-09'),
(2757, 'Obat 2757', 'Sirup', 100, 4850, '2028-10-12'),
(2758, 'Obat 2758', 'Injeksi', 107, 4900, '2029-11-15'),
(2759, 'Obat 2759', 'Kapsul', 114, 4950, '2030-12-18'),
(2760, 'Obat 2760', 'Salep', 121, 5000, '2026-01-21'),
(2761, 'Obat 2761', 'Tablet', 128, 5050, '2027-02-24'),
(2762, 'Obat 2762', 'Sirup', 135, 5100, '2028-03-27'),
(2763, 'Obat 2763', 'Injeksi', 142, 5150, '2029-04-02'),
(2764, 'Obat 2764', 'Kapsul', 149, 5200, '2030-05-05'),
(2765, 'Obat 2765', 'Salep', 156, 5250, '2026-06-08'),
(2766, 'Obat 2766', 'Tablet', 163, 5300, '2027-07-11'),
(2767, 'Obat 2767', 'Sirup', 170, 5350, '2028-08-14'),
(2768, 'Obat 2768', 'Injeksi', 177, 5400, '2029-09-17'),
(2769, 'Obat 2769', 'Kapsul', 184, 5450, '2030-10-20'),
(2770, 'Obat 2770', 'Salep', 191, 5500, '2026-11-23'),
(2771, 'Obat 2771', 'Tablet', 198, 5550, '2027-12-26'),
(2772, 'Obat 2772', 'Sirup', 5, 5600, '2028-01-01'),
(2773, 'Obat 2773', 'Injeksi', 12, 5650, '2029-02-04'),
(2774, 'Obat 2774', 'Kapsul', 19, 5700, '2030-03-07'),
(2775, 'Obat 2775', 'Salep', 26, 5750, '2026-04-10'),
(2776, 'Obat 2776', 'Tablet', 33, 5800, '2027-05-13'),
(2777, 'Obat 2777', 'Sirup', 40, 5850, '2028-06-16'),
(2778, 'Obat 2778', 'Injeksi', 47, 5900, '2029-07-19'),
(2779, 'Obat 2779', 'Kapsul', 54, 5950, '2030-08-22'),
(2780, 'Obat 2780', 'Salep', 58, 6000, '2026-09-25'),
(2781, 'Obat 2781', 'Tablet', 68, 6050, '2027-10-28'),
(2782, 'Obat 2782', 'Sirup', 75, 6100, '2028-11-03'),
(2783, 'Obat 2783', 'Injeksi', 82, 6150, '2029-12-06'),
(2784, 'Obat 2784', 'Kapsul', 89, 6200, '2030-01-09'),
(2785, 'Obat 2785', 'Salep', 96, 6250, '2026-02-12'),
(2786, 'Obat 2786', 'Tablet', 103, 6300, '2027-03-15'),
(2787, 'Obat 2787', 'Sirup', 110, 6350, '2028-04-18'),
(2788, 'Obat 2788', 'Injeksi', 117, 6400, '2029-05-21'),
(2789, 'Obat 2789', 'Kapsul', 124, 6450, '2030-06-24'),
(2790, 'Obat 2790', 'Salep', 131, 6500, '2026-07-27'),
(2791, 'Obat 2791', 'Tablet', 138, 6550, '2027-08-02'),
(2792, 'Obat 2792', 'Sirup', 145, 6600, '2028-09-05'),
(2793, 'Obat 2793', 'Injeksi', 152, 6650, '2029-10-08'),
(2794, 'Obat 2794', 'Kapsul', 158, 6700, '2030-11-11'),
(2795, 'Obat 2795', 'Salep', 166, 6750, '2026-12-14'),
(2796, 'Obat 2796', 'Tablet', 173, 6800, '2027-01-17'),
(2797, 'Obat 2797', 'Sirup', 180, 6850, '2028-02-20'),
(2798, 'Obat 2798', 'Injeksi', 183, 6900, '2029-03-23'),
(2799, 'Obat 2799', 'Kapsul', 192, 6950, '2030-04-26'),
(2800, 'Obat 2800', 'Salep', 0, 7000, '2026-05-01'),
(2801, 'Obat 2801', 'Tablet', 8, 7050, '2027-06-04'),
(2802, 'Obat 2802', 'Sirup', 15, 7100, '2028-07-07'),
(2803, 'Obat 2803', 'Injeksi', 22, 7150, '2029-08-10'),
(2804, 'Obat 2804', 'Kapsul', 29, 7200, '2030-09-13'),
(2805, 'Obat 2805', 'Salep', 35, 7250, '2026-10-16'),
(2806, 'Obat 2806', 'Tablet', 43, 7300, '2027-11-19'),
(2807, 'Obat 2807', 'Sirup', 50, 7350, '2028-12-22'),
(2808, 'Obat 2808', 'Injeksi', 54, 7400, '2029-01-25'),
(2809, 'Obat 2809', 'Kapsul', 64, 7450, '2030-02-28'),
(2810, 'Obat 2810', 'Salep', 71, 7500, '2026-03-03'),
(2811, 'Obat 2811', 'Tablet', 78, 7550, '2027-04-06'),
(2812, 'Obat 2812', 'Sirup', 85, 7600, '2028-05-09'),
(2813, 'Obat 2813', 'Injeksi', 92, 7650, '2029-06-12'),
(2814, 'Obat 2814', 'Kapsul', 99, 7700, '2030-07-15'),
(2815, 'Obat 2815', 'Salep', 106, 7750, '2026-08-18'),
(2816, 'Obat 2816', 'Tablet', 110, 7800, '2027-09-21'),
(2817, 'Obat 2817', 'Sirup', 120, 7850, '2028-10-24'),
(2818, 'Obat 2818', 'Injeksi', 127, 7900, '2029-11-27'),
(2819, 'Obat 2819', 'Kapsul', 134, 7950, '2030-12-02'),
(2820, 'Obat 2820', 'Salep', 141, 8000, '2026-01-05'),
(2821, 'Obat 2821', 'Tablet', 148, 8050, '2027-02-08'),
(2822, 'Obat 2822', 'Sirup', 155, 8100, '2028-03-11'),
(2823, 'Obat 2823', 'Injeksi', 162, 8150, '2029-04-14'),
(2824, 'Obat 2824', 'Kapsul', 169, 8200, '2030-05-17'),
(2825, 'Obat 2825', 'Salep', 176, 8250, '2026-06-20'),
(2826, 'Obat 2826', 'Tablet', 183, 8300, '2027-07-23');
INSERT INTO `obat` (`id_obat`, `nama_obat`, `kategori`, `stok`, `harga`, `tanggal_exp`) VALUES
(2827, 'Obat 2827', 'Sirup', 190, 8350, '2028-08-26'),
(2828, 'Obat 2828', 'Injeksi', 197, 8400, '2029-09-01'),
(2829, 'Obat 2829', 'Kapsul', 4, 8450, '2030-10-04'),
(2830, 'Obat 2830', 'Salep', 11, 8500, '2026-11-07'),
(2831, 'Obat 2831', 'Tablet', 18, 8550, '2027-12-10'),
(2832, 'Obat 2832', 'Sirup', 25, 8600, '2028-01-13'),
(2833, 'Obat 2833', 'Injeksi', 32, 8650, '2029-02-16'),
(2834, 'Obat 2834', 'Kapsul', 39, 8700, '2030-03-19'),
(2835, 'Obat 2835', 'Salep', 43, 8750, '2026-04-22'),
(2836, 'Obat 2836', 'Tablet', 53, 8800, '2027-05-25'),
(2837, 'Obat 2837', 'Sirup', 60, 8850, '2028-06-28'),
(2838, 'Obat 2838', 'Injeksi', 67, 8900, '2029-07-03'),
(2839, 'Obat 2839', 'Kapsul', 74, 8950, '2030-08-06'),
(2840, 'Obat 2840', 'Salep', 81, 9000, '2026-09-09'),
(2841, 'Obat 2841', 'Tablet', 88, 9050, '2027-10-12'),
(2842, 'Obat 2842', 'Sirup', 92, 9100, '2028-11-15'),
(2843, 'Obat 2843', 'Injeksi', 102, 9150, '2029-12-18'),
(2844, 'Obat 2844', 'Kapsul', 107, 9200, '2030-01-21'),
(2845, 'Obat 2845', 'Salep', 116, 9250, '2026-02-24'),
(2846, 'Obat 2846', 'Tablet', 123, 9300, '2027-03-27'),
(2847, 'Obat 2847', 'Sirup', 130, 9350, '2028-04-02'),
(2848, 'Obat 2848', 'Injeksi', 137, 9400, '2029-05-05'),
(2849, 'Obat 2849', 'Kapsul', 144, 9450, '2030-06-08'),
(2850, 'Obat 2850', 'Salep', 151, 9500, '2026-07-11'),
(2851, 'Obat 2851', 'Tablet', 158, 9550, '2027-08-14'),
(2852, 'Obat 2852', 'Sirup', 165, 9600, '2028-09-17'),
(2853, 'Obat 2853', 'Injeksi', 172, 9650, '2029-10-20'),
(2854, 'Obat 2854', 'Kapsul', 179, 9700, '2030-11-23'),
(2855, 'Obat 2855', 'Salep', 186, 9750, '2026-12-26'),
(2856, 'Obat 2856', 'Tablet', 193, 9800, '2027-01-01'),
(2857, 'Obat 2857', 'Sirup', 200, 9850, '2028-02-04'),
(2858, 'Obat 2858', 'Injeksi', 7, 9900, '2029-03-07'),
(2859, 'Obat 2859', 'Kapsul', 14, 9950, '2030-04-10'),
(2860, 'Obat 2860', 'Salep', 21, 10000, '2026-05-13'),
(2861, 'Obat 2861', 'Tablet', 28, 10050, '2027-06-16'),
(2862, 'Obat 2862', 'Sirup', 35, 10100, '2028-07-19'),
(2863, 'Obat 2863', 'Injeksi', 40, 10150, '2029-08-22'),
(2864, 'Obat 2864', 'Kapsul', 49, 10200, '2030-09-25'),
(2865, 'Obat 2865', 'Salep', 56, 10250, '2026-10-28'),
(2866, 'Obat 2866', 'Tablet', 63, 10300, '2027-11-03'),
(2867, 'Obat 2867', 'Sirup', 70, 10350, '2028-12-06'),
(2868, 'Obat 2868', 'Injeksi', 77, 10400, '2029-01-09'),
(2869, 'Obat 2869', 'Kapsul', 84, 10450, '2030-02-12'),
(2870, 'Obat 2870', 'Salep', 91, 10500, '2026-03-15'),
(2871, 'Obat 2871', 'Tablet', 98, 10550, '2027-04-18'),
(2872, 'Obat 2872', 'Sirup', 105, 10600, '2028-05-21'),
(2873, 'Obat 2873', 'Injeksi', 112, 10650, '2029-06-24'),
(2874, 'Obat 2874', 'Kapsul', 119, 10700, '2030-07-27'),
(2875, 'Obat 2875', 'Salep', 126, 10750, '2026-08-02'),
(2876, 'Obat 2876', 'Tablet', 133, 10800, '2027-09-05'),
(2877, 'Obat 2877', 'Sirup', 140, 10850, '2028-10-08'),
(2878, 'Obat 2878', 'Injeksi', 147, 10900, '2029-11-11'),
(2879, 'Obat 2879', 'Kapsul', 154, 10950, '2030-12-14'),
(2880, 'Obat 2880', 'Salep', 161, 11000, '2026-01-17'),
(2881, 'Obat 2881', 'Tablet', 168, 11050, '2027-02-20'),
(2882, 'Obat 2882', 'Sirup', 175, 11100, '2028-03-23'),
(2883, 'Obat 2883', 'Injeksi', 182, 11150, '2029-04-26'),
(2884, 'Obat 2884', 'Kapsul', 189, 11200, '2030-05-01'),
(2885, 'Obat 2885', 'Salep', 196, 11250, '2026-06-04'),
(2886, 'Obat 2886', 'Tablet', 3, 11300, '2027-07-07'),
(2887, 'Obat 2887', 'Sirup', 10, 11350, '2028-08-10'),
(2888, 'Obat 2888', 'Injeksi', 17, 11400, '2029-09-13'),
(2889, 'Obat 2889', 'Kapsul', 24, 11450, '2030-10-16'),
(2890, 'Obat 2890', 'Salep', 31, 11500, '2026-11-19'),
(2891, 'Obat 2891', 'Tablet', 38, 11550, '2027-12-22'),
(2892, 'Obat 2892', 'Sirup', 45, 11600, '2028-01-25'),
(2893, 'Obat 2893', 'Injeksi', 52, 11650, '2029-02-28'),
(2894, 'Obat 2894', 'Kapsul', 59, 11700, '2030-03-03'),
(2895, 'Obat 2895', 'Salep', 66, 11750, '2026-04-06'),
(2896, 'Obat 2896', 'Tablet', 73, 11800, '2027-05-09'),
(2897, 'Obat 2897', 'Sirup', 80, 11850, '2028-06-12'),
(2898, 'Obat 2898', 'Injeksi', 87, 11900, '2029-07-15'),
(2899, 'Obat 2899', 'Kapsul', 94, 11950, '2030-08-18'),
(2900, 'Obat 2900', 'Salep', 98, 12000, '2026-09-21'),
(2901, 'Obat 2901', 'Tablet', 108, 12050, '2027-10-24'),
(2902, 'Obat 2902', 'Sirup', 115, 12100, '2028-11-27'),
(2903, 'Obat 2903', 'Injeksi', 122, 12150, '2029-12-02'),
(2904, 'Obat 2904', 'Kapsul', 129, 12200, '2030-01-05'),
(2905, 'Obat 2905', 'Salep', 136, 12250, '2026-02-08'),
(2906, 'Obat 2906', 'Tablet', 143, 12300, '2027-03-11'),
(2907, 'Obat 2907', 'Sirup', 150, 12350, '2028-04-14'),
(2908, 'Obat 2908', 'Injeksi', 157, 12400, '2029-05-17'),
(2909, 'Obat 2909', 'Kapsul', 164, 12450, '2030-06-20'),
(2910, 'Obat 2910', 'Salep', 171, 12500, '2026-07-23'),
(2911, 'Obat 2911', 'Tablet', 178, 12550, '2027-08-26'),
(2912, 'Obat 2912', 'Sirup', 185, 12600, '2028-09-01'),
(2913, 'Obat 2913', 'Injeksi', 192, 12650, '2029-10-04'),
(2914, 'Obat 2914', 'Kapsul', 196, 12700, '2030-11-07'),
(2915, 'Obat 2915', 'Salep', 6, 12750, '2026-12-10'),
(2916, 'Obat 2916', 'Tablet', 13, 12800, '2027-01-13'),
(2917, 'Obat 2917', 'Sirup', 20, 12850, '2028-02-16'),
(2918, 'Obat 2918', 'Injeksi', 27, 12900, '2029-03-19'),
(2919, 'Obat 2919', 'Kapsul', 34, 12950, '2030-04-22'),
(2920, 'Obat 2920', 'Salep', 41, 13000, '2026-05-25'),
(2921, 'Obat 2921', 'Tablet', 48, 13050, '2027-06-28'),
(2922, 'Obat 2922', 'Sirup', 55, 13100, '2028-07-03'),
(2923, 'Obat 2923', 'Injeksi', 62, 13150, '2029-08-06'),
(2924, 'Obat 2924', 'Kapsul', 69, 13200, '2030-09-09'),
(2925, 'Obat 2925', 'Salep', 76, 13250, '2026-10-12'),
(2926, 'Obat 2926', 'Tablet', 83, 13300, '2027-11-15'),
(2927, 'Obat 2927', 'Sirup', 87, 13350, '2028-12-18'),
(2928, 'Obat 2928', 'Injeksi', 97, 13400, '2029-01-21'),
(2929, 'Obat 2929', 'Kapsul', 104, 13450, '2030-02-24'),
(2930, 'Obat 2930', 'Salep', 111, 13500, '2026-03-27'),
(2931, 'Obat 2931', 'Tablet', 118, 13550, '2027-04-02'),
(2932, 'Obat 2932', 'Sirup', 125, 13600, '2028-05-05'),
(2933, 'Obat 2933', 'Injeksi', 132, 13650, '2029-06-08'),
(2934, 'Obat 2934', 'Kapsul', 139, 13700, '2030-07-11'),
(2935, 'Obat 2935', 'Salep', 146, 13750, '2026-08-14'),
(2936, 'Obat 2936', 'Tablet', 153, 13800, '2027-09-17'),
(2937, 'Obat 2937', 'Sirup', 160, 13850, '2028-10-20'),
(2938, 'Obat 2938', 'Injeksi', 167, 13900, '2029-11-23'),
(2939, 'Obat 2939', 'Kapsul', 174, 13950, '2030-12-26'),
(2940, 'Obat 2940', 'Salep', 180, 14000, '2026-01-01'),
(2941, 'Obat 2941', 'Tablet', 188, 14050, '2027-02-04'),
(2942, 'Obat 2942', 'Sirup', 195, 14100, '2028-03-07'),
(2943, 'Obat 2943', 'Injeksi', 2, 14150, '2029-04-10'),
(2944, 'Obat 2944', 'Kapsul', 9, 14200, '2030-05-13'),
(2945, 'Obat 2945', 'Salep', 16, 14250, '2026-06-16'),
(2946, 'Obat 2946', 'Tablet', 23, 14300, '2027-07-19'),
(2947, 'Obat 2947', 'Sirup', 30, 14350, '2028-08-22'),
(2948, 'Obat 2948', 'Injeksi', 37, 14400, '2029-09-25'),
(2949, 'Obat 2949', 'Kapsul', 44, 14450, '2030-10-28'),
(2950, 'Obat 2950', 'Salep', 51, 14500, '2026-11-03'),
(2951, 'Obat 2951', 'Tablet', 58, 14550, '2027-12-06'),
(2952, 'Obat 2952', 'Sirup', 65, 14600, '2028-01-09'),
(2953, 'Obat 2953', 'Injeksi', 72, 14650, '2029-02-12'),
(2954, 'Obat 2954', 'Kapsul', 79, 14700, '2030-03-15'),
(2955, 'Obat 2955', 'Salep', 86, 14750, '2026-04-18'),
(2956, 'Obat 2956', 'Tablet', 93, 14800, '2027-05-21'),
(2957, 'Obat 2957', 'Sirup', 100, 14850, '2028-06-24'),
(2958, 'Obat 2958', 'Injeksi', 107, 14900, '2029-07-27'),
(2959, 'Obat 2959', 'Kapsul', 114, 14950, '2030-08-02'),
(2960, 'Obat 2960', 'Salep', 118, 15000, '2026-09-05'),
(2961, 'Obat 2961', 'Tablet', 128, 15050, '2027-10-08'),
(2962, 'Obat 2962', 'Sirup', 135, 15100, '2028-11-11'),
(2963, 'Obat 2963', 'Injeksi', 142, 15150, '2029-12-14'),
(2964, 'Obat 2964', 'Kapsul', 149, 15200, '2030-01-17'),
(2965, 'Obat 2965', 'Salep', 156, 15250, '2026-02-20'),
(2966, 'Obat 2966', 'Tablet', 163, 15300, '2027-03-23'),
(2967, 'Obat 2967', 'Sirup', 170, 15350, '2028-04-26'),
(2968, 'Obat 2968', 'Injeksi', 177, 15400, '2029-05-01'),
(2969, 'Obat 2969', 'Kapsul', 184, 15450, '2030-06-04'),
(2970, 'Obat 2970', 'Salep', 190, 15500, '2026-07-07'),
(2971, 'Obat 2971', 'Tablet', 198, 15550, '2027-08-10'),
(2972, 'Obat 2972', 'Sirup', 5, 15600, '2028-09-13'),
(2973, 'Obat 2973', 'Injeksi', 12, 15650, '2029-10-16'),
(2974, 'Obat 2974', 'Kapsul', 19, 15700, '2030-11-19'),
(2975, 'Obat 2975', 'Salep', 26, 15750, '2026-12-22'),
(2976, 'Obat 2976', 'Tablet', 33, 15800, '2027-01-25'),
(2977, 'Obat 2977', 'Sirup', 40, 15850, '2028-02-28'),
(2978, 'Obat 2978', 'Injeksi', 47, 15900, '2029-03-03'),
(2979, 'Obat 2979', 'Kapsul', 54, 15950, '2030-04-06'),
(2980, 'Obat 2980', 'Salep', 61, 16000, '2026-05-09'),
(2981, 'Obat 2981', 'Tablet', 68, 16050, '2027-06-12'),
(2982, 'Obat 2982', 'Sirup', 75, 16100, '2028-07-15'),
(2983, 'Obat 2983', 'Injeksi', 82, 16150, '2029-08-18'),
(2984, 'Obat 2984', 'Kapsul', 89, 16200, '2030-09-21'),
(2985, 'Obat 2985', 'Salep', 96, 16250, '2026-10-24'),
(2986, 'Obat 2986', 'Tablet', 103, 16300, '2027-11-27'),
(2987, 'Obat 2987', 'Sirup', 110, 16350, '2028-12-02'),
(2988, 'Obat 2988', 'Injeksi', 117, 16400, '2029-01-05'),
(2989, 'Obat 2989', 'Kapsul', 124, 16450, '2030-02-08'),
(2990, 'Obat 2990', 'Salep', 131, 16500, '2026-03-11'),
(2991, 'Obat 2991', 'Tablet', 138, 16550, '2027-04-14'),
(2992, 'Obat 2992', 'Sirup', 145, 16600, '2028-05-17'),
(2993, 'Obat 2993', 'Injeksi', 152, 16650, '2029-06-20'),
(2994, 'Obat 2994', 'Kapsul', 159, 16700, '2030-07-23'),
(2995, 'Obat 2995', 'Salep', 166, 16750, '2026-08-26'),
(2996, 'Obat 2996', 'Tablet', 173, 16800, '2027-09-01'),
(2997, 'Obat 2997', 'Sirup', 180, 16850, '2028-10-04'),
(2998, 'Obat 2998', 'Injeksi', 187, 16900, '2029-11-07'),
(2999, 'Obat 2999', 'Kapsul', 191, 16950, '2030-12-10'),
(3000, 'Obat 3000', 'Salep', 1, 2000, '2026-01-13'),
(3001, 'Obat 3001', 'Tablet', 8, 2050, '2027-02-16'),
(3002, 'Obat 3002', 'Sirup', 15, 2100, '2028-03-19'),
(3003, 'Obat 3003', 'Injeksi', 22, 2150, '2029-04-22'),
(3004, 'Obat 3004', 'Kapsul', 29, 2200, '2030-05-25'),
(3005, 'Obat 3005', 'Salep', 36, 2250, '2026-06-28'),
(3006, 'Obat 3006', 'Tablet', 43, 2300, '2027-07-03'),
(3007, 'Obat 3007', 'Sirup', 50, 2350, '2028-08-06'),
(3008, 'Obat 3008', 'Injeksi', 57, 2400, '2029-09-09'),
(3009, 'Obat 3009', 'Kapsul', 64, 2450, '2030-10-12'),
(3010, 'Obat 3010', 'Salep', 71, 2500, '2026-11-15'),
(3011, 'Obat 3011', 'Tablet', 78, 2550, '2027-12-18'),
(3012, 'Obat 3012', 'Sirup', 85, 2600, '2028-01-21'),
(3013, 'Obat 3013', 'Injeksi', 92, 2650, '2029-02-24'),
(3014, 'Obat 3014', 'Kapsul', 99, 2700, '2030-03-27'),
(3015, 'Obat 3015', 'Salep', 106, 2750, '2026-04-02'),
(3016, 'Obat 3016', 'Tablet', 113, 2800, '2027-05-05'),
(3017, 'Obat 3017', 'Sirup', 120, 2850, '2028-06-08'),
(3018, 'Obat 3018', 'Injeksi', 127, 2900, '2029-07-11'),
(3019, 'Obat 3019', 'Kapsul', 134, 2950, '2030-08-14'),
(3020, 'Obat 3020', 'Salep', 139, 3000, '2026-09-17'),
(3021, 'Obat 3021', 'Tablet', 148, 3050, '2027-10-20'),
(3022, 'Obat 3022', 'Sirup', 155, 3100, '2028-11-23'),
(3023, 'Obat 3023', 'Injeksi', 162, 3150, '2029-12-26'),
(3024, 'Obat 3024', 'Kapsul', 169, 3200, '2030-01-01'),
(3025, 'Obat 3025', 'Salep', 176, 3250, '2026-02-04'),
(3026, 'Obat 3026', 'Tablet', 183, 3300, '2027-03-07'),
(3027, 'Obat 3027', 'Sirup', 190, 3350, '2028-04-10'),
(3028, 'Obat 3028', 'Injeksi', 197, 3400, '2029-05-13'),
(3029, 'Obat 3029', 'Kapsul', 4, 3450, '2030-06-16'),
(3030, 'Obat 3030', 'Salep', 11, 3500, '2026-07-19'),
(3031, 'Obat 3031', 'Tablet', 18, 3550, '2027-08-22'),
(3032, 'Obat 3032', 'Sirup', 25, 3600, '2028-09-25'),
(3033, 'Obat 3033', 'Injeksi', 32, 3650, '2029-10-28'),
(3034, 'Obat 3034', 'Kapsul', 39, 3700, '2030-11-03'),
(3035, 'Obat 3035', 'Salep', 46, 3750, '2026-12-06'),
(3036, 'Obat 3036', 'Tablet', 53, 3800, '2027-01-09'),
(3037, 'Obat 3037', 'Sirup', 60, 3850, '2028-02-12'),
(3038, 'Obat 3038', 'Injeksi', 67, 3900, '2029-03-15'),
(3039, 'Obat 3039', 'Kapsul', 74, 3950, '2030-04-18'),
(3040, 'Obat 3040', 'Salep', 81, 4000, '2026-05-21'),
(3041, 'Obat 3041', 'Tablet', 88, 4050, '2027-06-24'),
(3042, 'Obat 3042', 'Sirup', 95, 4100, '2028-07-27'),
(3043, 'Obat 3043', 'Injeksi', 102, 4150, '2029-08-02'),
(3044, 'Obat 3044', 'Kapsul', 109, 4200, '2030-09-05'),
(3045, 'Obat 3045', 'Salep', 116, 4250, '2026-10-08'),
(3046, 'Obat 3046', 'Tablet', 123, 4300, '2027-11-11'),
(3047, 'Obat 3047', 'Sirup', 130, 4350, '2028-12-14'),
(3048, 'Obat 3048', 'Injeksi', 137, 4400, '2029-01-17'),
(3049, 'Obat 3049', 'Kapsul', 144, 4450, '2030-02-20'),
(3050, 'Obat 3050', 'Salep', 151, 4500, '2026-03-23'),
(3051, 'Obat 3051', 'Tablet', 158, 4550, '2027-04-26'),
(3052, 'Obat 3052', 'Sirup', 165, 4600, '2028-05-01'),
(3053, 'Obat 3053', 'Injeksi', 172, 4650, '2029-06-04'),
(3054, 'Obat 3054', 'Kapsul', 179, 4700, '2030-07-07'),
(3055, 'Obat 3055', 'Salep', 186, 4750, '2026-08-10'),
(3056, 'Obat 3056', 'Tablet', 193, 4800, '2027-09-13'),
(3057, 'Obat 3057', 'Sirup', 200, 4850, '2028-10-16'),
(3058, 'Obat 3058', 'Injeksi', 7, 4900, '2029-11-19'),
(3059, 'Obat 3059', 'Kapsul', 14, 4950, '2030-12-22'),
(3060, 'Obat 3060', 'Salep', 21, 5000, '2026-01-25'),
(3061, 'Obat 3061', 'Tablet', 28, 5050, '2027-02-28'),
(3062, 'Obat 3062', 'Sirup', 35, 5100, '2028-03-03'),
(3063, 'Obat 3063', 'Injeksi', 42, 5150, '2029-04-06'),
(3064, 'Obat 3064', 'Kapsul', 49, 5200, '2030-05-09'),
(3065, 'Obat 3065', 'Salep', 56, 5250, '2026-06-12'),
(3066, 'Obat 3066', 'Tablet', 63, 5300, '2027-07-15'),
(3067, 'Obat 3067', 'Sirup', 70, 5350, '2028-08-18'),
(3068, 'Obat 3068', 'Injeksi', 77, 5400, '2029-09-21'),
(3069, 'Obat 3069', 'Kapsul', 84, 5450, '2030-10-24'),
(3070, 'Obat 3070', 'Salep', 91, 5500, '2026-11-27'),
(3071, 'Obat 3071', 'Tablet', 98, 5550, '2027-12-02'),
(3072, 'Obat 3072', 'Sirup', 105, 5600, '2028-01-05'),
(3073, 'Obat 3073', 'Injeksi', 112, 5650, '2029-02-08'),
(3074, 'Obat 3074', 'Kapsul', 119, 5700, '2030-03-11'),
(3075, 'Obat 3075', 'Salep', 126, 5750, '2026-04-14'),
(3076, 'Obat 3076', 'Tablet', 133, 5800, '2027-05-17'),
(3077, 'Obat 3077', 'Sirup', 140, 5850, '2028-06-20'),
(3078, 'Obat 3078', 'Injeksi', 147, 5900, '2029-07-23'),
(3079, 'Obat 3079', 'Kapsul', 154, 5950, '2030-08-26'),
(3080, 'Obat 3080', 'Salep', 161, 6000, '2026-09-01'),
(3081, 'Obat 3081', 'Tablet', 168, 6050, '2027-10-04'),
(3082, 'Obat 3082', 'Sirup', 175, 6100, '2028-11-07'),
(3083, 'Obat 3083', 'Injeksi', 182, 6150, '2029-12-10'),
(3084, 'Obat 3084', 'Kapsul', 189, 6200, '2030-01-13'),
(3085, 'Obat 3085', 'Salep', 196, 6250, '2026-02-16'),
(3086, 'Obat 3086', 'Tablet', 3, 6300, '2027-03-19'),
(3087, 'Obat 3087', 'Sirup', 10, 6350, '2028-04-22'),
(3088, 'Obat 3088', 'Injeksi', 17, 6400, '2029-05-25'),
(3089, 'Obat 3089', 'Kapsul', 24, 6450, '2030-06-28'),
(3090, 'Obat 3090', 'Salep', 31, 6500, '2026-07-03'),
(3091, 'Obat 3091', 'Tablet', 38, 6550, '2027-08-06'),
(3092, 'Obat 3092', 'Sirup', 45, 6600, '2028-09-09'),
(3093, 'Obat 3093', 'Injeksi', 52, 6650, '2029-10-12'),
(3094, 'Obat 3094', 'Kapsul', 59, 6700, '2030-11-15'),
(3095, 'Obat 3095', 'Salep', 66, 6750, '2026-12-18'),
(3096, 'Obat 3096', 'Tablet', 73, 6800, '2027-01-21'),
(3097, 'Obat 3097', 'Sirup', 80, 6850, '2028-02-24'),
(3098, 'Obat 3098', 'Injeksi', 87, 6900, '2029-03-27'),
(3099, 'Obat 3099', 'Kapsul', 94, 6950, '2030-04-02'),
(3100, 'Obat 3100', 'Salep', 101, 7000, '2026-05-05'),
(3101, 'Obat 3101', 'Tablet', 108, 7050, '2027-06-08'),
(3102, 'Obat 3102', 'Sirup', 115, 7100, '2028-07-11'),
(3103, 'Obat 3103', 'Injeksi', 122, 7150, '2029-08-14'),
(3104, 'Obat 3104', 'Kapsul', 129, 7200, '2030-09-17'),
(3105, 'Obat 3105', 'Salep', 136, 7250, '2026-10-20'),
(3106, 'Obat 3106', 'Tablet', 143, 7300, '2027-11-23'),
(3107, 'Obat 3107', 'Sirup', 150, 7350, '2028-12-26'),
(3108, 'Obat 3108', 'Injeksi', 157, 7400, '2029-01-01'),
(3109, 'Obat 3109', 'Kapsul', 164, 7450, '2030-02-04'),
(3110, 'Obat 3110', 'Salep', 171, 7500, '2026-03-07'),
(3111, 'Obat 3111', 'Tablet', 178, 7550, '2027-04-10'),
(3112, 'Obat 3112', 'Sirup', 185, 7600, '2028-05-13'),
(3113, 'Obat 3113', 'Injeksi', 192, 7650, '2029-06-16'),
(3114, 'Obat 3114', 'Kapsul', 199, 7700, '2030-07-19'),
(3115, 'Obat 3115', 'Salep', 6, 7750, '2026-08-22'),
(3116, 'Obat 3116', 'Tablet', 13, 7800, '2027-09-25'),
(3117, 'Obat 3117', 'Sirup', 19, 7850, '2028-10-28'),
(3118, 'Obat 3118', 'Injeksi', 27, 7900, '2029-11-03'),
(3119, 'Obat 3119', 'Kapsul', 34, 7950, '2030-12-06'),
(3120, 'Obat 3120', 'Salep', 41, 8000, '2026-01-09'),
(3121, 'Obat 3121', 'Tablet', 48, 8050, '2027-02-12'),
(3122, 'Obat 3122', 'Sirup', 55, 8100, '2028-03-15'),
(3123, 'Obat 3123', 'Injeksi', 62, 8150, '2029-04-18'),
(3124, 'Obat 3124', 'Kapsul', 69, 8200, '2030-05-21'),
(3125, 'Obat 3125', 'Salep', 76, 8250, '2026-06-24'),
(3126, 'Obat 3126', 'Tablet', 83, 8300, '2027-07-27'),
(3127, 'Obat 3127', 'Sirup', 90, 8350, '2028-08-02'),
(3128, 'Obat 3128', 'Injeksi', 97, 8400, '2029-09-05'),
(3129, 'Obat 3129', 'Kapsul', 104, 8450, '2030-10-08'),
(3130, 'Obat 3130', 'Salep', 111, 8500, '2026-11-11'),
(3131, 'Obat 3131', 'Tablet', 118, 8550, '2027-12-14'),
(3132, 'Obat 3132', 'Sirup', 125, 8600, '2028-01-17'),
(3133, 'Obat 3133', 'Injeksi', 132, 8650, '2029-02-20'),
(3134, 'Obat 3134', 'Kapsul', 139, 8700, '2030-03-23'),
(3135, 'Obat 3135', 'Salep', 146, 8750, '2026-04-26'),
(3136, 'Obat 3136', 'Tablet', 153, 8800, '2027-05-01'),
(3137, 'Obat 3137', 'Sirup', 160, 8850, '2028-06-04'),
(3138, 'Obat 3138', 'Injeksi', 167, 8900, '2029-07-07'),
(3139, 'Obat 3139', 'Kapsul', 174, 8950, '2030-08-10'),
(3140, 'Obat 3140', 'Salep', 181, 9000, '2026-09-13'),
(3141, 'Obat 3141', 'Tablet', 188, 9050, '2027-10-16'),
(3142, 'Obat 3142', 'Sirup', 195, 9100, '2028-11-19'),
(3143, 'Obat 3143', 'Injeksi', 2, 9150, '2029-12-22'),
(3144, 'Obat 3144', 'Kapsul', 9, 9200, '2030-01-25'),
(3145, 'Obat 3145', 'Salep', 16, 9250, '2026-02-28'),
(3146, 'Obat 3146', 'Tablet', 23, 9300, '2027-03-03'),
(3147, 'Obat 3147', 'Sirup', 29, 9350, '2028-04-06'),
(3148, 'Obat 3148', 'Injeksi', 37, 9400, '2029-05-09'),
(3149, 'Obat 3149', 'Kapsul', 44, 9450, '2030-06-12'),
(3150, 'Obat 3150', 'Salep', 49, 9500, '2026-07-15'),
(3151, 'Obat 3151', 'Tablet', 54, 9550, '2027-08-18'),
(3152, 'Obat 3152', 'Sirup', 63, 9600, '2028-09-21'),
(3153, 'Obat 3153', 'Injeksi', 72, 9650, '2029-10-24'),
(3154, 'Obat 3154', 'Kapsul', 77, 9700, '2030-11-27'),
(3155, 'Obat 3155', 'Salep', 86, 9750, '2026-12-02'),
(3156, 'Obat 3156', 'Tablet', 93, 9800, '2027-01-05'),
(3157, 'Obat 3157', 'Sirup', 100, 9850, '2028-02-08'),
(3158, 'Obat 3158', 'Injeksi', 107, 9900, '2029-03-11'),
(3159, 'Obat 3159', 'Kapsul', 114, 9950, '2030-04-14'),
(3160, 'Obat 3160', 'Salep', 121, 10000, '2026-05-17'),
(3161, 'Obat 3161', 'Tablet', 128, 10050, '2027-06-20'),
(3162, 'Obat 3162', 'Sirup', 135, 10100, '2028-07-23'),
(3163, 'Obat 3163', 'Injeksi', 142, 10150, '2029-08-26'),
(3164, 'Obat 3164', 'Kapsul', 146, 10200, '2030-09-01'),
(3165, 'Obat 3165', 'Salep', 156, 10250, '2026-10-04'),
(3166, 'Obat 3166', 'Tablet', 163, 10300, '2027-11-07'),
(3167, 'Obat 3167', 'Sirup', 170, 10350, '2028-12-10'),
(3168, 'Obat 3168', 'Injeksi', 177, 10400, '2029-01-13'),
(3169, 'Obat 3169', 'Kapsul', 184, 10450, '2030-02-16'),
(3170, 'Obat 3170', 'Salep', 191, 10500, '2026-03-19'),
(3171, 'Obat 3171', 'Tablet', 198, 10550, '2027-04-22'),
(3172, 'Obat 3172', 'Sirup', 5, 10600, '2028-05-25'),
(3173, 'Obat 3173', 'Injeksi', 12, 10650, '2029-06-28'),
(3174, 'Obat 3174', 'Kapsul', 19, 10700, '2030-07-03'),
(3175, 'Obat 3175', 'Salep', 26, 10750, '2026-08-06'),
(3176, 'Obat 3176', 'Tablet', 33, 10800, '2027-09-09'),
(3177, 'Obat 3177', 'Sirup', 39, 10850, '2028-10-12'),
(3178, 'Obat 3178', 'Injeksi', 47, 10900, '2029-11-15'),
(3179, 'Obat 3179', 'Kapsul', 54, 10950, '2030-12-18'),
(3180, 'Obat 3180', 'Salep', 61, 11000, '2026-01-21'),
(3181, 'Obat 3181', 'Tablet', 68, 11050, '2027-02-24'),
(3182, 'Obat 3182', 'Sirup', 75, 11100, '2028-03-27'),
(3183, 'Obat 3183', 'Injeksi', 82, 11150, '2029-04-02'),
(3184, 'Obat 3184', 'Kapsul', 89, 11200, '2030-05-05'),
(3185, 'Obat 3185', 'Salep', 96, 11250, '2026-06-08'),
(3186, 'Obat 3186', 'Tablet', 103, 11300, '2027-07-11'),
(3187, 'Obat 3187', 'Sirup', 110, 11350, '2028-08-14'),
(3188, 'Obat 3188', 'Injeksi', 117, 11400, '2029-09-17'),
(3189, 'Obat 3189', 'Kapsul', 124, 11450, '2030-10-20'),
(3190, 'Obat 3190', 'Salep', 131, 11500, '2026-11-23'),
(3191, 'Obat 3191', 'Tablet', 138, 11550, '2027-12-26'),
(3192, 'Obat 3192', 'Sirup', 145, 11600, '2028-01-01'),
(3193, 'Obat 3193', 'Injeksi', 152, 11650, '2029-02-04'),
(3194, 'Obat 3194', 'Kapsul', 159, 11700, '2030-03-07'),
(3195, 'Obat 3195', 'Salep', 166, 11750, '2026-04-10'),
(3196, 'Obat 3196', 'Tablet', 173, 11800, '2027-05-13'),
(3197, 'Obat 3197', 'Sirup', 180, 11850, '2028-06-16'),
(3198, 'Obat 3198', 'Injeksi', 187, 11900, '2029-07-19'),
(3199, 'Obat 3199', 'Kapsul', 194, 11950, '2030-08-22'),
(3200, 'Obat 3200', 'Salep', 1, 12000, '2026-09-25'),
(3201, 'Obat 3201', 'Tablet', 8, 12050, '2027-10-28'),
(3202, 'Obat 3202', 'Sirup', 15, 12100, '2028-11-03'),
(3203, 'Obat 3203', 'Injeksi', 22, 12150, '2029-12-06'),
(3204, 'Obat 3204', 'Kapsul', 29, 12200, '2030-01-09'),
(3205, 'Obat 3205', 'Salep', 36, 12250, '2026-02-12'),
(3206, 'Obat 3206', 'Tablet', 43, 12300, '2027-03-15'),
(3207, 'Obat 3207', 'Sirup', 50, 12350, '2028-04-18'),
(3208, 'Obat 3208', 'Injeksi', 57, 12400, '2029-05-21'),
(3209, 'Obat 3209', 'Kapsul', 64, 12450, '2030-06-24'),
(3210, 'Obat 3210', 'Salep', 71, 12500, '2026-07-27'),
(3211, 'Obat 3211', 'Tablet', 78, 12550, '2027-08-02'),
(3212, 'Obat 3212', 'Sirup', 85, 12600, '2028-09-05'),
(3213, 'Obat 3213', 'Injeksi', 92, 12650, '2029-10-08'),
(3214, 'Obat 3214', 'Kapsul', 99, 12700, '2030-11-11'),
(3215, 'Obat 3215', 'Salep', 106, 12750, '2026-12-14'),
(3216, 'Obat 3216', 'Tablet', 113, 12800, '2027-01-17'),
(3217, 'Obat 3217', 'Sirup', 120, 12850, '2028-02-20'),
(3218, 'Obat 3218', 'Injeksi', 127, 12900, '2029-03-23'),
(3219, 'Obat 3219', 'Kapsul', 134, 12950, '2030-04-26'),
(3220, 'Obat 3220', 'Salep', 139, 13000, '2026-05-01'),
(3221, 'Obat 3221', 'Tablet', 148, 13050, '2027-06-04'),
(3222, 'Obat 3222', 'Sirup', 155, 13100, '2028-07-07'),
(3223, 'Obat 3223', 'Injeksi', 162, 13150, '2029-08-10'),
(3224, 'Obat 3224', 'Kapsul', 169, 13200, '2030-09-13'),
(3225, 'Obat 3225', 'Salep', 176, 13250, '2026-10-16'),
(3226, 'Obat 3226', 'Tablet', 183, 13300, '2027-11-19'),
(3227, 'Obat 3227', 'Sirup', 190, 13350, '2028-12-22'),
(3228, 'Obat 3228', 'Injeksi', 197, 13400, '2029-01-25'),
(3229, 'Obat 3229', 'Kapsul', 4, 13450, '2030-02-28'),
(3230, 'Obat 3230', 'Salep', 10, 13500, '2026-03-03'),
(3231, 'Obat 3231', 'Tablet', 18, 13550, '2027-04-06'),
(3232, 'Obat 3232', 'Sirup', 25, 13600, '2028-05-09'),
(3233, 'Obat 3233', 'Injeksi', 32, 13650, '2029-06-12'),
(3234, 'Obat 3234', 'Kapsul', 39, 13700, '2030-07-15'),
(3235, 'Obat 3235', 'Salep', 46, 13750, '2026-08-18'),
(3236, 'Obat 3236', 'Tablet', 53, 13800, '2027-09-21'),
(3237, 'Obat 3237', 'Sirup', 60, 13850, '2028-10-24'),
(3238, 'Obat 3238', 'Injeksi', 67, 13900, '2029-11-27'),
(3239, 'Obat 3239', 'Kapsul', 74, 13950, '2030-12-02'),
(3240, 'Obat 3240', 'Salep', 81, 14000, '2026-01-05'),
(3241, 'Obat 3241', 'Tablet', 88, 14050, '2027-02-08'),
(3242, 'Obat 3242', 'Sirup', 95, 14100, '2028-03-11'),
(3243, 'Obat 3243', 'Injeksi', 102, 14150, '2029-04-14'),
(3244, 'Obat 3244', 'Kapsul', 107, 14200, '2030-05-17'),
(3245, 'Obat 3245', 'Salep', 116, 14250, '2026-06-20'),
(3246, 'Obat 3246', 'Tablet', 123, 14300, '2027-07-23'),
(3247, 'Obat 3247', 'Sirup', 130, 14350, '2028-08-26'),
(3248, 'Obat 3248', 'Injeksi', 137, 14400, '2029-09-01'),
(3249, 'Obat 3249', 'Kapsul', 144, 14450, '2030-10-04'),
(3250, 'Obat 3250', 'Salep', 151, 14500, '2026-11-07'),
(3251, 'Obat 3251', 'Tablet', 158, 14550, '2027-12-10'),
(3252, 'Obat 3252', 'Sirup', 165, 14600, '2028-01-13'),
(3253, 'Obat 3253', 'Injeksi', 172, 14650, '2029-02-16'),
(3254, 'Obat 3254', 'Kapsul', 179, 14700, '2030-03-19'),
(3255, 'Obat 3255', 'Salep', 184, 14750, '2026-04-22'),
(3256, 'Obat 3256', 'Tablet', 193, 14800, '2027-05-25'),
(3257, 'Obat 3257', 'Sirup', 200, 14850, '2028-06-28'),
(3258, 'Obat 3258', 'Injeksi', 7, 14900, '2029-07-03'),
(3259, 'Obat 3259', 'Kapsul', 14, 14950, '2030-08-06'),
(3260, 'Obat 3260', 'Salep', 21, 15000, '2026-09-09'),
(3261, 'Obat 3261', 'Tablet', 28, 15050, '2027-10-12'),
(3262, 'Obat 3262', 'Sirup', 35, 15100, '2028-11-15'),
(3263, 'Obat 3263', 'Injeksi', 42, 15150, '2029-12-18'),
(3264, 'Obat 3264', 'Kapsul', 49, 15200, '2030-01-21'),
(3265, 'Obat 3265', 'Salep', 56, 15250, '2026-02-24'),
(3266, 'Obat 3266', 'Tablet', 63, 15300, '2027-03-27'),
(3267, 'Obat 3267', 'Sirup', 70, 15350, '2028-04-02'),
(3268, 'Obat 3268', 'Injeksi', 77, 15400, '2029-05-05'),
(3269, 'Obat 3269', 'Kapsul', 82, 15450, '2030-06-08'),
(3270, 'Obat 3270', 'Salep', 91, 15500, '2026-07-11'),
(3271, 'Obat 3271', 'Tablet', 98, 15550, '2027-08-14'),
(3272, 'Obat 3272', 'Sirup', 105, 15600, '2028-09-17'),
(3273, 'Obat 3273', 'Injeksi', 112, 15650, '2029-10-20'),
(3274, 'Obat 3274', 'Kapsul', 119, 15700, '2030-11-23'),
(3275, 'Obat 3275', 'Salep', 126, 15750, '2026-12-26'),
(3276, 'Obat 3276', 'Tablet', 133, 15800, '2027-01-01'),
(3277, 'Obat 3277', 'Sirup', 140, 15850, '2028-02-04'),
(3278, 'Obat 3278', 'Injeksi', 147, 15900, '2029-03-07'),
(3279, 'Obat 3279', 'Kapsul', 154, 15950, '2030-04-10'),
(3280, 'Obat 3280', 'Salep', 161, 16000, '2026-05-13'),
(3281, 'Obat 3281', 'Tablet', 168, 16050, '2027-06-16'),
(3282, 'Obat 3282', 'Sirup', 175, 16100, '2028-07-19'),
(3283, 'Obat 3283', 'Injeksi', 182, 16150, '2029-08-22'),
(3284, 'Obat 3284', 'Kapsul', 189, 16200, '2030-09-25'),
(3285, 'Obat 3285', 'Salep', 194, 16250, '2026-10-28'),
(3286, 'Obat 3286', 'Tablet', 3, 16300, '2027-11-03'),
(3287, 'Obat 3287', 'Sirup', 10, 16350, '2028-12-06'),
(3288, 'Obat 3288', 'Injeksi', 17, 16400, '2029-01-09'),
(3289, 'Obat 3289', 'Kapsul', 24, 16450, '2030-02-12'),
(3290, 'Obat 3290', 'Salep', 31, 16500, '2026-03-15'),
(3291, 'Obat 3291', 'Tablet', 38, 16550, '2027-04-18'),
(3292, 'Obat 3292', 'Sirup', 45, 16600, '2028-05-21'),
(3293, 'Obat 3293', 'Injeksi', 52, 16650, '2029-06-24'),
(3294, 'Obat 3294', 'Kapsul', 59, 16700, '2030-07-27'),
(3295, 'Obat 3295', 'Salep', 66, 16750, '2026-08-02'),
(3296, 'Obat 3296', 'Tablet', 73, 16800, '2027-09-05'),
(3297, 'Obat 3297', 'Sirup', 80, 16850, '2028-10-08'),
(3298, 'Obat 3298', 'Injeksi', 87, 16900, '2029-11-11'),
(3299, 'Obat 3299', 'Kapsul', 91, 16950, '2030-12-14'),
(3300, 'Obat 3300', 'Salep', 101, 2000, '2026-01-17'),
(3301, 'Obat 3301', 'Tablet', 108, 2050, '2027-02-20'),
(3302, 'Obat 3302', 'Sirup', 115, 2100, '2028-03-23'),
(3303, 'Obat 3303', 'Injeksi', 122, 2150, '2029-04-26'),
(3304, 'Obat 3304', 'Kapsul', 128, 2200, '2030-05-01'),
(3305, 'Obat 3305', 'Salep', 136, 2250, '2026-06-04'),
(3306, 'Obat 3306', 'Tablet', 143, 2300, '2027-07-07'),
(3307, 'Obat 3307', 'Sirup', 150, 2350, '2028-08-10'),
(3308, 'Obat 3308', 'Injeksi', 157, 2400, '2029-09-13'),
(3309, 'Obat 3309', 'Kapsul', 164, 2450, '2030-10-16'),
(3310, 'Obat 3310', 'Salep', 171, 2500, '2026-11-19'),
(3311, 'Obat 3311', 'Tablet', 178, 2550, '2027-12-22'),
(3312, 'Obat 3312', 'Sirup', 185, 2600, '2028-01-25'),
(3313, 'Obat 3313', 'Injeksi', 192, 2650, '2029-02-28'),
(3314, 'Obat 3314', 'Kapsul', 199, 2700, '2030-03-03'),
(3315, 'Obat 3315', 'Salep', 6, 2750, '2026-04-06'),
(3316, 'Obat 3316', 'Tablet', 13, 2800, '2027-05-09'),
(3317, 'Obat 3317', 'Sirup', 20, 2850, '2028-06-12'),
(3318, 'Obat 3318', 'Injeksi', 27, 2900, '2029-07-15'),
(3319, 'Obat 3319', 'Kapsul', 34, 2950, '2030-08-18'),
(3320, 'Obat 3320', 'Salep', 41, 3000, '2026-09-21'),
(3321, 'Obat 3321', 'Tablet', 48, 3050, '2027-10-24'),
(3322, 'Obat 3322', 'Sirup', 55, 3100, '2028-11-27'),
(3323, 'Obat 3323', 'Injeksi', 62, 3150, '2029-12-02'),
(3324, 'Obat 3324', 'Kapsul', 69, 3200, '2030-01-05'),
(3325, 'Obat 3325', 'Salep', 76, 3250, '2026-02-08'),
(3326, 'Obat 3326', 'Tablet', 83, 3300, '2027-03-11'),
(3327, 'Obat 3327', 'Sirup', 90, 3350, '2028-04-14'),
(3328, 'Obat 3328', 'Injeksi', 97, 3400, '2029-05-17'),
(3329, 'Obat 3329', 'Kapsul', 104, 3450, '2030-06-20'),
(3330, 'Obat 3330', 'Salep', 111, 3500, '2026-07-23'),
(3331, 'Obat 3331', 'Tablet', 118, 3550, '2027-08-26'),
(3332, 'Obat 3332', 'Sirup', 125, 3600, '2028-09-01'),
(3333, 'Obat 3333', 'Injeksi', 132, 3650, '2029-10-04'),
(3334, 'Obat 3334', 'Kapsul', 139, 3700, '2030-11-07'),
(3335, 'Obat 3335', 'Salep', 146, 3750, '2026-12-10'),
(3336, 'Obat 3336', 'Tablet', 153, 3800, '2027-01-13'),
(3337, 'Obat 3337', 'Sirup', 160, 3850, '2028-02-16'),
(3338, 'Obat 3338', 'Injeksi', 167, 3900, '2029-03-19'),
(3339, 'Obat 3339', 'Kapsul', 174, 3950, '2030-04-22'),
(3340, 'Obat 3340', 'Salep', 181, 4000, '2026-05-25'),
(3341, 'Obat 3341', 'Tablet', 188, 4050, '2027-06-28'),
(3342, 'Obat 3342', 'Sirup', 195, 4100, '2028-07-03'),
(3343, 'Obat 3343', 'Injeksi', 2, 4150, '2029-08-06'),
(3344, 'Obat 3344', 'Kapsul', 9, 4200, '2030-09-09'),
(3345, 'Obat 3345', 'Salep', 16, 4250, '2026-10-12'),
(3346, 'Obat 3346', 'Tablet', 23, 4300, '2027-11-15'),
(3347, 'Obat 3347', 'Sirup', 30, 4350, '2028-12-18'),
(3348, 'Obat 3348', 'Injeksi', 37, 4400, '2029-01-21'),
(3349, 'Obat 3349', 'Kapsul', 44, 4450, '2030-02-24'),
(3350, 'Obat 3350', 'Salep', 51, 4500, '2026-03-27'),
(3351, 'Obat 3351', 'Tablet', 58, 4550, '2027-04-02'),
(3352, 'Obat 3352', 'Sirup', 65, 4600, '2028-05-05'),
(3353, 'Obat 3353', 'Injeksi', 72, 4650, '2029-06-08'),
(3354, 'Obat 3354', 'Kapsul', 79, 4700, '2030-07-11'),
(3355, 'Obat 3355', 'Salep', 86, 4750, '2026-08-14'),
(3356, 'Obat 3356', 'Tablet', 93, 4800, '2027-09-17'),
(3357, 'Obat 3357', 'Sirup', 100, 4850, '2028-10-20'),
(3358, 'Obat 3358', 'Injeksi', 107, 4900, '2029-11-23'),
(3359, 'Obat 3359', 'Kapsul', 114, 4950, '2030-12-26'),
(3360, 'Obat 3360', 'Salep', 121, 5000, '2026-01-01'),
(3361, 'Obat 3361', 'Tablet', 128, 5050, '2027-02-04'),
(3362, 'Obat 3362', 'Sirup', 135, 5100, '2028-03-07'),
(3363, 'Obat 3363', 'Injeksi', 142, 5150, '2029-04-10'),
(3364, 'Obat 3364', 'Kapsul', 149, 5200, '2030-05-13'),
(3365, 'Obat 3365', 'Salep', 156, 5250, '2026-06-16'),
(3366, 'Obat 3366', 'Tablet', 163, 5300, '2027-07-19'),
(3367, 'Obat 3367', 'Sirup', 167, 5350, '2028-08-22'),
(3368, 'Obat 3368', 'Injeksi', 177, 5400, '2029-09-25'),
(3369, 'Obat 3369', 'Kapsul', 184, 5450, '2030-10-28'),
(3370, 'Obat 3370', 'Salep', 191, 5500, '2026-11-03'),
(3371, 'Obat 3371', 'Tablet', 198, 5550, '2027-12-06'),
(3372, 'Obat 3372', 'Sirup', 5, 5600, '2028-01-09'),
(3373, 'Obat 3373', 'Injeksi', 12, 5650, '2029-02-12'),
(3374, 'Obat 3374', 'Kapsul', 19, 5700, '2030-03-15'),
(3375, 'Obat 3375', 'Salep', 26, 5750, '2026-04-18'),
(3376, 'Obat 3376', 'Tablet', 33, 5800, '2027-05-21'),
(3377, 'Obat 3377', 'Sirup', 40, 5850, '2028-06-24'),
(3378, 'Obat 3378', 'Injeksi', 47, 5900, '2029-07-27'),
(3379, 'Obat 3379', 'Kapsul', 54, 5950, '2030-08-02'),
(3380, 'Obat 3380', 'Salep', 61, 6000, '2026-09-05'),
(3381, 'Obat 3381', 'Tablet', 68, 6050, '2027-10-08'),
(3382, 'Obat 3382', 'Sirup', 75, 6100, '2028-11-11'),
(3383, 'Obat 3383', 'Injeksi', 82, 6150, '2029-12-14'),
(3384, 'Obat 3384', 'Kapsul', 89, 6200, '2030-01-17'),
(3385, 'Obat 3385', 'Salep', 96, 6250, '2026-02-20'),
(3386, 'Obat 3386', 'Tablet', 103, 6300, '2027-03-23'),
(3387, 'Obat 3387', 'Sirup', 110, 6350, '2028-04-26'),
(3388, 'Obat 3388', 'Injeksi', 117, 6400, '2029-05-01'),
(3389, 'Obat 3389', 'Kapsul', 124, 6450, '2030-06-04'),
(3390, 'Obat 3390', 'Salep', 131, 6500, '2026-07-07'),
(3391, 'Obat 3391', 'Tablet', 138, 6550, '2027-08-10'),
(3392, 'Obat 3392', 'Sirup', 145, 6600, '2028-09-13'),
(3393, 'Obat 3393', 'Injeksi', 152, 6650, '2029-10-16'),
(3394, 'Obat 3394', 'Kapsul', 159, 6700, '2030-11-19'),
(3395, 'Obat 3395', 'Salep', 166, 6750, '2026-12-22'),
(3396, 'Obat 3396', 'Tablet', 173, 6800, '2027-01-25'),
(3397, 'Obat 3397', 'Sirup', 180, 6850, '2028-02-28'),
(3398, 'Obat 3398', 'Injeksi', 187, 6900, '2029-03-03'),
(3399, 'Obat 3399', 'Kapsul', 194, 6950, '2030-04-06'),
(3400, 'Obat 3400', 'Salep', 1, 7000, '2026-05-09'),
(3401, 'Obat 3401', 'Tablet', 8, 7050, '2027-06-12'),
(3402, 'Obat 3402', 'Sirup', 15, 7100, '2028-07-15'),
(3403, 'Obat 3403', 'Injeksi', 22, 7150, '2029-08-18'),
(3404, 'Obat 3404', 'Kapsul', 29, 7200, '2030-09-21'),
(3405, 'Obat 3405', 'Salep', 36, 7250, '2026-10-24'),
(3406, 'Obat 3406', 'Tablet', 43, 7300, '2027-11-27'),
(3407, 'Obat 3407', 'Sirup', 47, 7350, '2028-12-02'),
(3408, 'Obat 3408', 'Injeksi', 57, 7400, '2029-01-05'),
(3409, 'Obat 3409', 'Kapsul', 64, 7450, '2030-02-08'),
(3410, 'Obat 3410', 'Salep', 71, 7500, '2026-03-11'),
(3411, 'Obat 3411', 'Tablet', 78, 7550, '2027-04-14'),
(3412, 'Obat 3412', 'Sirup', 85, 7600, '2028-05-17'),
(3413, 'Obat 3413', 'Injeksi', 92, 7650, '2029-06-20'),
(3414, 'Obat 3414', 'Kapsul', 99, 7700, '2030-07-23'),
(3415, 'Obat 3415', 'Salep', 103, 7750, '2026-08-26'),
(3416, 'Obat 3416', 'Tablet', 113, 7800, '2027-09-01'),
(3417, 'Obat 3417', 'Sirup', 119, 7850, '2028-10-04'),
(3418, 'Obat 3418', 'Injeksi', 126, 7900, '2029-11-07'),
(3419, 'Obat 3419', 'Kapsul', 134, 7950, '2030-12-10'),
(3420, 'Obat 3420', 'Salep', 141, 8000, '2026-01-13'),
(3421, 'Obat 3421', 'Tablet', 148, 8050, '2027-02-16'),
(3422, 'Obat 3422', 'Sirup', 155, 8100, '2028-03-19'),
(3423, 'Obat 3423', 'Injeksi', 162, 8150, '2029-04-22'),
(3424, 'Obat 3424', 'Kapsul', 169, 8200, '2030-05-25'),
(3425, 'Obat 3425', 'Salep', 176, 8250, '2026-06-28'),
(3426, 'Obat 3426', 'Tablet', 183, 8300, '2027-07-03'),
(3427, 'Obat 3427', 'Sirup', 190, 8350, '2028-08-06'),
(3428, 'Obat 3428', 'Injeksi', 197, 8400, '2029-09-09'),
(3429, 'Obat 3429', 'Kapsul', 4, 8450, '2030-10-12'),
(3430, 'Obat 3430', 'Salep', 11, 8500, '2026-11-15'),
(3431, 'Obat 3431', 'Tablet', 18, 8550, '2027-12-18'),
(3432, 'Obat 3432', 'Sirup', 25, 8600, '2028-01-21'),
(3433, 'Obat 3433', 'Injeksi', 32, 8650, '2029-02-24'),
(3434, 'Obat 3434', 'Kapsul', 39, 8700, '2030-03-27'),
(3435, 'Obat 3435', 'Salep', 46, 8750, '2026-04-02'),
(3436, 'Obat 3436', 'Tablet', 53, 8800, '2027-05-05'),
(3437, 'Obat 3437', 'Sirup', 60, 8850, '2028-06-08'),
(3438, 'Obat 3438', 'Injeksi', 67, 8900, '2029-07-11'),
(3439, 'Obat 3439', 'Kapsul', 71, 8950, '2030-08-14'),
(3440, 'Obat 3440', 'Salep', 81, 9000, '2026-09-17'),
(3441, 'Obat 3441', 'Tablet', 88, 9050, '2027-10-20'),
(3442, 'Obat 3442', 'Sirup', 95, 9100, '2028-11-23'),
(3443, 'Obat 3443', 'Injeksi', 102, 9150, '2029-12-26'),
(3444, 'Obat 3444', 'Kapsul', 109, 9200, '2030-01-01'),
(3445, 'Obat 3445', 'Salep', 116, 9250, '2026-02-04'),
(3446, 'Obat 3446', 'Tablet', 123, 9300, '2027-03-07'),
(3447, 'Obat 3447', 'Sirup', 130, 9350, '2028-04-10'),
(3448, 'Obat 3448', 'Injeksi', 134, 9400, '2029-05-13'),
(3449, 'Obat 3449', 'Kapsul', 144, 9450, '2030-06-16'),
(3450, 'Obat 3450', 'Salep', 151, 9500, '2026-07-19'),
(3451, 'Obat 3451', 'Tablet', 158, 9550, '2027-08-22'),
(3452, 'Obat 3452', 'Sirup', 165, 9600, '2028-09-25'),
(3453, 'Obat 3453', 'Injeksi', 172, 9650, '2029-10-28'),
(3454, 'Obat 3454', 'Kapsul', 179, 9700, '2030-11-03'),
(3455, 'Obat 3455', 'Salep', 186, 9750, '2026-12-06'),
(3456, 'Obat 3456', 'Tablet', 193, 9800, '2027-01-09'),
(3457, 'Obat 3457', 'Sirup', 200, 9850, '2028-02-12'),
(3458, 'Obat 3458', 'Injeksi', 7, 9900, '2029-03-15'),
(3459, 'Obat 3459', 'Kapsul', 14, 9950, '2030-04-18'),
(3460, 'Obat 3460', 'Salep', 21, 10000, '2026-05-21'),
(3461, 'Obat 3461', 'Tablet', 28, 10050, '2027-06-24'),
(3462, 'Obat 3462', 'Sirup', 35, 10100, '2028-07-27'),
(3463, 'Obat 3463', 'Injeksi', 42, 10150, '2029-08-02'),
(3464, 'Obat 3464', 'Kapsul', 49, 10200, '2030-09-05'),
(3465, 'Obat 3465', 'Salep', 56, 10250, '2026-10-08'),
(3466, 'Obat 3466', 'Tablet', 63, 10300, '2027-11-11'),
(3467, 'Obat 3467', 'Sirup', 69, 10350, '2028-12-14'),
(3468, 'Obat 3468', 'Injeksi', 77, 10400, '2029-01-17'),
(3469, 'Obat 3469', 'Kapsul', 84, 10450, '2030-02-20'),
(3470, 'Obat 3470', 'Salep', 88, 10500, '2026-03-23'),
(3471, 'Obat 3471', 'Tablet', 98, 10550, '2027-04-26'),
(3472, 'Obat 3472', 'Sirup', 105, 10600, '2028-05-01'),
(3473, 'Obat 3473', 'Injeksi', 112, 10650, '2029-06-04'),
(3474, 'Obat 3474', 'Kapsul', 119, 10700, '2030-07-07'),
(3475, 'Obat 3475', 'Salep', 126, 10750, '2026-08-10'),
(3476, 'Obat 3476', 'Tablet', 133, 10800, '2027-09-13'),
(3477, 'Obat 3477', 'Sirup', 140, 10850, '2028-10-16'),
(3478, 'Obat 3478', 'Injeksi', 147, 10900, '2029-11-19'),
(3479, 'Obat 3479', 'Kapsul', 154, 10950, '2030-12-22'),
(3480, 'Obat 3480', 'Salep', 161, 11000, '2026-01-25'),
(3481, 'Obat 3481', 'Tablet', 167, 11050, '2027-02-28'),
(3482, 'Obat 3482', 'Sirup', 175, 11100, '2028-03-03'),
(3483, 'Obat 3483', 'Injeksi', 182, 11150, '2029-04-06'),
(3484, 'Obat 3484', 'Kapsul', 189, 11200, '2030-05-09'),
(3485, 'Obat 3485', 'Salep', 196, 11250, '2026-06-12'),
(3486, 'Obat 3486', 'Tablet', 3, 11300, '2027-07-15'),
(3487, 'Obat 3487', 'Sirup', 10, 11350, '2028-08-18'),
(3488, 'Obat 3488', 'Injeksi', 17, 11400, '2029-09-21'),
(3489, 'Obat 3489', 'Kapsul', 24, 11450, '2030-10-24'),
(3490, 'Obat 3490', 'Salep', 28, 11500, '2026-11-27'),
(3491, 'Obat 3491', 'Tablet', 38, 11550, '2027-12-02'),
(3492, 'Obat 3492', 'Sirup', 45, 11600, '2028-01-05'),
(3493, 'Obat 3493', 'Injeksi', 52, 11650, '2029-02-08'),
(3494, 'Obat 3494', 'Kapsul', 59, 11700, '2030-03-11'),
(3495, 'Obat 3495', 'Salep', 66, 11750, '2026-04-14'),
(3496, 'Obat 3496', 'Tablet', 73, 11800, '2027-05-17'),
(3497, 'Obat 3497', 'Sirup', 80, 11850, '2028-06-20'),
(3498, 'Obat 3498', 'Injeksi', 87, 11900, '2029-07-23'),
(3499, 'Obat 3499', 'Kapsul', 94, 11950, '2030-08-26'),
(3500, 'Obat 3500', 'Salep', 100, 12000, '2026-09-01'),
(3501, 'Obat 3501', 'Tablet', 108, 12050, '2027-10-04'),
(3502, 'Obat 3502', 'Sirup', 112, 12100, '2028-11-07'),
(3503, 'Obat 3503', 'Injeksi', 121, 12150, '2029-12-10'),
(3504, 'Obat 3504', 'Kapsul', 129, 12200, '2030-01-13'),
(3505, 'Obat 3505', 'Salep', 136, 12250, '2026-02-16'),
(3506, 'Obat 3506', 'Tablet', 143, 12300, '2027-03-19'),
(3507, 'Obat 3507', 'Sirup', 150, 12350, '2028-04-22'),
(3508, 'Obat 3508', 'Injeksi', 157, 12400, '2029-05-25'),
(3509, 'Obat 3509', 'Kapsul', 164, 12450, '2030-06-28'),
(3510, 'Obat 3510', 'Salep', 171, 12500, '2026-07-03'),
(3511, 'Obat 3511', 'Tablet', 178, 12550, '2027-08-06'),
(3512, 'Obat 3512', 'Sirup', 185, 12600, '2028-09-09'),
(3513, 'Obat 3513', 'Injeksi', 192, 12650, '2029-10-12'),
(3514, 'Obat 3514', 'Kapsul', 199, 12700, '2030-11-15'),
(3515, 'Obat 3515', 'Salep', 6, 12750, '2026-12-18'),
(3516, 'Obat 3516', 'Tablet', 13, 12800, '2027-01-21'),
(3517, 'Obat 3517', 'Sirup', 20, 12850, '2028-02-24'),
(3518, 'Obat 3518', 'Injeksi', 27, 12900, '2029-03-27'),
(3519, 'Obat 3519', 'Kapsul', 34, 12950, '2030-04-02'),
(3520, 'Obat 3520', 'Salep', 41, 13000, '2026-05-05'),
(3521, 'Obat 3521', 'Tablet', 48, 13050, '2027-06-08'),
(3522, 'Obat 3522', 'Sirup', 55, 13100, '2028-07-11'),
(3523, 'Obat 3523', 'Injeksi', 62, 13150, '2029-08-14'),
(3524, 'Obat 3524', 'Kapsul', 69, 13200, '2030-09-17'),
(3525, 'Obat 3525', 'Salep', 76, 13250, '2026-10-20'),
(3526, 'Obat 3526', 'Tablet', 83, 13300, '2027-11-23'),
(3527, 'Obat 3527', 'Sirup', 88, 13350, '2028-12-26'),
(3528, 'Obat 3528', 'Injeksi', 97, 13400, '2029-01-01'),
(3529, 'Obat 3529', 'Kapsul', 104, 13450, '2030-02-04'),
(3530, 'Obat 3530', 'Salep', 111, 13500, '2026-03-07'),
(3531, 'Obat 3531', 'Tablet', 118, 13550, '2027-04-10'),
(3532, 'Obat 3532', 'Sirup', 125, 13600, '2028-05-13'),
(3533, 'Obat 3533', 'Injeksi', 132, 13650, '2029-06-16'),
(3534, 'Obat 3534', 'Kapsul', 139, 13700, '2030-07-19'),
(3535, 'Obat 3535', 'Salep', 146, 13750, '2026-08-22'),
(3536, 'Obat 3536', 'Tablet', 153, 13800, '2027-09-25'),
(3537, 'Obat 3537', 'Sirup', 160, 13850, '2028-10-28'),
(3538, 'Obat 3538', 'Injeksi', 167, 13900, '2029-11-03'),
(3539, 'Obat 3539', 'Kapsul', 174, 13950, '2030-12-06'),
(3540, 'Obat 3540', 'Salep', 181, 14000, '2026-01-09'),
(3541, 'Obat 3541', 'Tablet', 188, 14050, '2027-02-12'),
(3542, 'Obat 3542', 'Sirup', 195, 14100, '2028-03-15'),
(3543, 'Obat 3543', 'Injeksi', 2, 14150, '2029-04-18'),
(3544, 'Obat 3544', 'Kapsul', 9, 14200, '2030-05-21'),
(3545, 'Obat 3545', 'Salep', 16, 14250, '2026-06-24'),
(3546, 'Obat 3546', 'Tablet', 23, 14300, '2027-07-27'),
(3547, 'Obat 3547', 'Sirup', 30, 14350, '2028-08-02'),
(3548, 'Obat 3548', 'Injeksi', 37, 14400, '2029-09-05'),
(3549, 'Obat 3549', 'Kapsul', 44, 14450, '2030-10-08'),
(3550, 'Obat 3550', 'Salep', 51, 14500, '2026-11-11'),
(3551, 'Obat 3551', 'Tablet', 58, 14550, '2027-12-14'),
(3552, 'Obat 3552', 'Sirup', 65, 14600, '2028-01-17'),
(3553, 'Obat 3553', 'Injeksi', 72, 14650, '2029-02-20'),
(3554, 'Obat 3554', 'Kapsul', 79, 14700, '2030-03-23'),
(3555, 'Obat 3555', 'Salep', 86, 14750, '2026-04-26'),
(3556, 'Obat 3556', 'Tablet', 93, 14800, '2027-05-01'),
(3557, 'Obat 3557', 'Sirup', 100, 14850, '2028-06-04'),
(3558, 'Obat 3558', 'Injeksi', 107, 14900, '2029-07-07'),
(3559, 'Obat 3559', 'Kapsul', 114, 14950, '2030-08-10'),
(3560, 'Obat 3560', 'Salep', 121, 15000, '2026-09-13'),
(3561, 'Obat 3561', 'Tablet', 128, 15050, '2027-10-16'),
(3562, 'Obat 3562', 'Sirup', 135, 15100, '2028-11-19'),
(3563, 'Obat 3563', 'Injeksi', 142, 15150, '2029-12-22'),
(3564, 'Obat 3564', 'Kapsul', 149, 15200, '2030-01-25'),
(3565, 'Obat 3565', 'Salep', 156, 15250, '2026-02-28'),
(3566, 'Obat 3566', 'Tablet', 163, 15300, '2027-03-03'),
(3567, 'Obat 3567', 'Sirup', 170, 15350, '2028-04-06'),
(3568, 'Obat 3568', 'Injeksi', 177, 15400, '2029-05-09'),
(3569, 'Obat 3569', 'Kapsul', 182, 15450, '2030-06-12'),
(3570, 'Obat 3570', 'Salep', 190, 15500, '2026-07-15'),
(3571, 'Obat 3571', 'Tablet', 198, 15550, '2027-08-18'),
(3572, 'Obat 3572', 'Sirup', 5, 15600, '2028-09-21'),
(3573, 'Obat 3573', 'Injeksi', 12, 15650, '2029-10-24'),
(3574, 'Obat 3574', 'Kapsul', 19, 15700, '2030-11-27'),
(3575, 'Obat 3575', 'Salep', 26, 15750, '2026-12-02'),
(3576, 'Obat 3576', 'Tablet', 33, 15800, '2027-01-05'),
(3577, 'Obat 3577', 'Sirup', 40, 15850, '2028-02-08'),
(3578, 'Obat 3578', 'Injeksi', 47, 15900, '2029-03-11'),
(3579, 'Obat 3579', 'Kapsul', 54, 15950, '2030-04-14'),
(3580, 'Obat 3580', 'Salep', 61, 16000, '2026-05-17'),
(3581, 'Obat 3581', 'Tablet', 68, 16050, '2027-06-20'),
(3582, 'Obat 3582', 'Sirup', 75, 16100, '2028-07-23'),
(3583, 'Obat 3583', 'Injeksi', 82, 16150, '2029-08-26'),
(3584, 'Obat 3584', 'Kapsul', 89, 16200, '2030-09-01'),
(3585, 'Obat 3585', 'Salep', 96, 16250, '2026-10-04'),
(3586, 'Obat 3586', 'Tablet', 102, 16300, '2027-11-07'),
(3587, 'Obat 3587', 'Sirup', 110, 16350, '2028-12-10'),
(3588, 'Obat 3588', 'Injeksi', 117, 16400, '2029-01-13'),
(3589, 'Obat 3589', 'Kapsul', 124, 16450, '2030-02-16'),
(3590, 'Obat 3590', 'Salep', 131, 16500, '2026-03-19'),
(3591, 'Obat 3591', 'Tablet', 138, 16550, '2027-04-22'),
(3592, 'Obat 3592', 'Sirup', 145, 16600, '2028-05-25'),
(3593, 'Obat 3593', 'Injeksi', 152, 16650, '2029-06-28'),
(3594, 'Obat 3594', 'Kapsul', 159, 16700, '2030-07-03'),
(3595, 'Obat 3595', 'Salep', 166, 16750, '2026-08-06'),
(3596, 'Obat 3596', 'Tablet', 173, 16800, '2027-09-09'),
(3597, 'Obat 3597', 'Sirup', 180, 16850, '2028-10-12'),
(3598, 'Obat 3598', 'Injeksi', 187, 16900, '2029-11-15'),
(3599, 'Obat 3599', 'Kapsul', 194, 16950, '2030-12-18'),
(3600, 'Obat 3600', 'Salep', 1, 2000, '2026-01-21'),
(3601, 'Obat 3601', 'Tablet', 8, 2050, '2027-02-24'),
(3602, 'Obat 3602', 'Sirup', 15, 2100, '2028-03-27'),
(3603, 'Obat 3603', 'Injeksi', 22, 2150, '2029-04-02'),
(3604, 'Obat 3604', 'Kapsul', 29, 2200, '2030-05-05'),
(3605, 'Obat 3605', 'Salep', 36, 2250, '2026-06-08'),
(3606, 'Obat 3606', 'Tablet', 43, 2300, '2027-07-11'),
(3607, 'Obat 3607', 'Sirup', 50, 2350, '2028-08-14'),
(3608, 'Obat 3608', 'Injeksi', 57, 2400, '2029-09-17'),
(3609, 'Obat 3609', 'Kapsul', 64, 2450, '2030-10-20'),
(3610, 'Obat 3610', 'Salep', 71, 2500, '2026-11-23'),
(3611, 'Obat 3611', 'Tablet', 78, 2550, '2027-12-26'),
(3612, 'Obat 3612', 'Sirup', 85, 2600, '2028-01-01'),
(3613, 'Obat 3613', 'Injeksi', 92, 2650, '2029-02-04'),
(3614, 'Obat 3614', 'Kapsul', 99, 2700, '2030-03-07'),
(3615, 'Obat 3615', 'Salep', 106, 2750, '2026-04-10'),
(3616, 'Obat 3616', 'Tablet', 113, 2800, '2027-05-13'),
(3617, 'Obat 3617', 'Sirup', 120, 2850, '2028-06-16'),
(3618, 'Obat 3618', 'Injeksi', 127, 2900, '2029-07-19'),
(3619, 'Obat 3619', 'Kapsul', 134, 2950, '2030-08-22'),
(3620, 'Obat 3620', 'Salep', 141, 3000, '2026-09-25'),
(3621, 'Obat 3621', 'Tablet', 148, 3050, '2027-10-28'),
(3622, 'Obat 3622', 'Sirup', 155, 3100, '2028-11-03'),
(3623, 'Obat 3623', 'Injeksi', 162, 3150, '2029-12-06'),
(3624, 'Obat 3624', 'Kapsul', 169, 3200, '2030-01-09'),
(3625, 'Obat 3625', 'Salep', 176, 3250, '2026-02-12'),
(3626, 'Obat 3626', 'Tablet', 183, 3300, '2027-03-15'),
(3627, 'Obat 3627', 'Sirup', 190, 3350, '2028-04-18'),
(3628, 'Obat 3628', 'Injeksi', 197, 3400, '2029-05-21'),
(3629, 'Obat 3629', 'Kapsul', 4, 3450, '2030-06-24'),
(3630, 'Obat 3630', 'Salep', 11, 3500, '2026-07-27'),
(3631, 'Obat 3631', 'Tablet', 18, 3550, '2027-08-02'),
(3632, 'Obat 3632', 'Sirup', 25, 3600, '2028-09-05'),
(3633, 'Obat 3633', 'Injeksi', 32, 3650, '2029-10-08'),
(3634, 'Obat 3634', 'Kapsul', 39, 3700, '2030-11-11'),
(3635, 'Obat 3635', 'Salep', 46, 3750, '2026-12-14'),
(3636, 'Obat 3636', 'Tablet', 53, 3800, '2027-01-17'),
(3637, 'Obat 3637', 'Sirup', 60, 3850, '2028-02-20'),
(3638, 'Obat 3638', 'Injeksi', 67, 3900, '2029-03-23'),
(3639, 'Obat 3639', 'Kapsul', 74, 3950, '2030-04-26'),
(3640, 'Obat 3640', 'Salep', 81, 4000, '2026-05-01'),
(3641, 'Obat 3641', 'Tablet', 88, 4050, '2027-06-04'),
(3642, 'Obat 3642', 'Sirup', 95, 4100, '2028-07-07'),
(3643, 'Obat 3643', 'Injeksi', 102, 4150, '2029-08-10'),
(3644, 'Obat 3644', 'Kapsul', 109, 4200, '2030-09-13'),
(3645, 'Obat 3645', 'Salep', 116, 4250, '2026-10-16'),
(3646, 'Obat 3646', 'Tablet', 123, 4300, '2027-11-19'),
(3647, 'Obat 3647', 'Sirup', 130, 4350, '2028-12-22'),
(3648, 'Obat 3648', 'Injeksi', 137, 4400, '2029-01-25'),
(3649, 'Obat 3649', 'Kapsul', 144, 4450, '2030-02-28'),
(3650, 'Obat 3650', 'Salep', 151, 4500, '2026-03-03'),
(3651, 'Obat 3651', 'Tablet', 158, 4550, '2027-04-06'),
(3652, 'Obat 3652', 'Sirup', 165, 4600, '2028-05-09'),
(3653, 'Obat 3653', 'Injeksi', 172, 4650, '2029-06-12'),
(3654, 'Obat 3654', 'Kapsul', 179, 4700, '2030-07-15'),
(3655, 'Obat 3655', 'Salep', 183, 4750, '2026-08-18'),
(3656, 'Obat 3656', 'Tablet', 193, 4800, '2027-09-21'),
(3657, 'Obat 3657', 'Sirup', 200, 4850, '2028-10-24'),
(3658, 'Obat 3658', 'Injeksi', 7, 4900, '2029-11-27'),
(3659, 'Obat 3659', 'Kapsul', 14, 4950, '2030-12-02'),
(3660, 'Obat 3660', 'Salep', 21, 5000, '2026-01-05'),
(3661, 'Obat 3661', 'Tablet', 28, 5050, '2027-02-08'),
(3662, 'Obat 3662', 'Sirup', 35, 5100, '2028-03-11'),
(3663, 'Obat 3663', 'Injeksi', 42, 5150, '2029-04-14'),
(3664, 'Obat 3664', 'Kapsul', 49, 5200, '2030-05-17'),
(3665, 'Obat 3665', 'Salep', 56, 5250, '2026-06-20'),
(3666, 'Obat 3666', 'Tablet', 63, 5300, '2027-07-23'),
(3667, 'Obat 3667', 'Sirup', 70, 5350, '2028-08-26'),
(3668, 'Obat 3668', 'Injeksi', 77, 5400, '2029-09-01'),
(3669, 'Obat 3669', 'Kapsul', 84, 5450, '2030-10-04'),
(3670, 'Obat 3670', 'Salep', 91, 5500, '2026-11-07'),
(3671, 'Obat 3671', 'Tablet', 98, 5550, '2027-12-10'),
(3672, 'Obat 3672', 'Sirup', 105, 5600, '2028-01-13'),
(3673, 'Obat 3673', 'Injeksi', 112, 5650, '2029-02-16'),
(3674, 'Obat 3674', 'Kapsul', 119, 5700, '2030-03-19'),
(3675, 'Obat 3675', 'Salep', 126, 5750, '2026-04-22'),
(3676, 'Obat 3676', 'Tablet', 133, 5800, '2027-05-25'),
(3677, 'Obat 3677', 'Sirup', 140, 5850, '2028-06-28'),
(3678, 'Obat 3678', 'Injeksi', 147, 5900, '2029-07-03'),
(3679, 'Obat 3679', 'Kapsul', 153, 5950, '2030-08-06'),
(3680, 'Obat 3680', 'Salep', 161, 6000, '2026-09-09'),
(3681, 'Obat 3681', 'Tablet', 168, 6050, '2027-10-12'),
(3682, 'Obat 3682', 'Sirup', 175, 6100, '2028-11-15'),
(3683, 'Obat 3683', 'Injeksi', 182, 6150, '2029-12-18'),
(3684, 'Obat 3684', 'Kapsul', 189, 6200, '2030-01-21'),
(3685, 'Obat 3685', 'Salep', 196, 6250, '2026-02-24'),
(3686, 'Obat 3686', 'Tablet', 3, 6300, '2027-03-27'),
(3687, 'Obat 3687', 'Sirup', 10, 6350, '2028-04-02'),
(3688, 'Obat 3688', 'Injeksi', 17, 6400, '2029-05-05'),
(3689, 'Obat 3689', 'Kapsul', 24, 6450, '2030-06-08'),
(3690, 'Obat 3690', 'Salep', 28, 6500, '2026-07-11'),
(3691, 'Obat 3691', 'Tablet', 38, 6550, '2027-08-14'),
(3692, 'Obat 3692', 'Sirup', 45, 6600, '2028-09-17'),
(3693, 'Obat 3693', 'Injeksi', 52, 6650, '2029-10-20'),
(3694, 'Obat 3694', 'Kapsul', 59, 6700, '2030-11-23'),
(3695, 'Obat 3695', 'Salep', 66, 6750, '2026-12-26'),
(3696, 'Obat 3696', 'Tablet', 71, 6800, '2027-01-01'),
(3697, 'Obat 3697', 'Sirup', 80, 6850, '2028-02-04'),
(3698, 'Obat 3698', 'Injeksi', 87, 6900, '2029-03-07'),
(3699, 'Obat 3699', 'Kapsul', 94, 6950, '2030-04-10'),
(3700, 'Obat 3700', 'Salep', 100, 7000, '2026-05-13'),
(3701, 'Obat 3701', 'Tablet', 108, 7050, '2027-06-16'),
(3702, 'Obat 3702', 'Sirup', 115, 7100, '2028-07-19'),
(3703, 'Obat 3703', 'Injeksi', 122, 7150, '2029-08-22'),
(3704, 'Obat 3704', 'Kapsul', 129, 7200, '2030-09-25'),
(3705, 'Obat 3705', 'Salep', 136, 7250, '2026-10-28'),
(3706, 'Obat 3706', 'Tablet', 143, 7300, '2027-11-03'),
(3707, 'Obat 3707', 'Sirup', 150, 7350, '2028-12-06'),
(3708, 'Obat 3708', 'Injeksi', 157, 7400, '2029-01-09'),
(3709, 'Obat 3709', 'Kapsul', 164, 7450, '2030-02-12'),
(3710, 'Obat 3710', 'Salep', 171, 7500, '2026-03-15'),
(3711, 'Obat 3711', 'Tablet', 178, 7550, '2027-04-18'),
(3712, 'Obat 3712', 'Sirup', 185, 7600, '2028-05-21'),
(3713, 'Obat 3713', 'Injeksi', 192, 7650, '2029-06-24'),
(3714, 'Obat 3714', 'Kapsul', 199, 7700, '2030-07-27'),
(3715, 'Obat 3715', 'Salep', 6, 7750, '2026-08-02'),
(3716, 'Obat 3716', 'Tablet', 13, 7800, '2027-09-05'),
(3717, 'Obat 3717', 'Sirup', 20, 7850, '2028-10-08'),
(3718, 'Obat 3718', 'Injeksi', 27, 7900, '2029-11-11'),
(3719, 'Obat 3719', 'Kapsul', 34, 7950, '2030-12-14'),
(3720, 'Obat 3720', 'Salep', 41, 8000, '2026-01-17'),
(3721, 'Obat 3721', 'Tablet', 48, 8050, '2027-02-20'),
(3722, 'Obat 3722', 'Sirup', 55, 8100, '2028-03-23'),
(3723, 'Obat 3723', 'Injeksi', 62, 8150, '2029-04-26'),
(3724, 'Obat 3724', 'Kapsul', 69, 8200, '2030-05-01'),
(3725, 'Obat 3725', 'Salep', 76, 8250, '2026-06-04'),
(3726, 'Obat 3726', 'Tablet', 83, 8300, '2027-07-07'),
(3727, 'Obat 3727', 'Sirup', 90, 8350, '2028-08-10'),
(3728, 'Obat 3728', 'Injeksi', 97, 8400, '2029-09-13'),
(3729, 'Obat 3729', 'Kapsul', 104, 8450, '2030-10-16'),
(3730, 'Obat 3730', 'Salep', 111, 8500, '2026-11-19'),
(3731, 'Obat 3731', 'Tablet', 118, 8550, '2027-12-22'),
(3732, 'Obat 3732', 'Sirup', 125, 8600, '2028-01-25'),
(3733, 'Obat 3733', 'Injeksi', 132, 8650, '2029-02-28'),
(3734, 'Obat 3734', 'Kapsul', 139, 8700, '2030-03-03'),
(3735, 'Obat 3735', 'Salep', 146, 8750, '2026-04-06'),
(3736, 'Obat 3736', 'Tablet', 153, 8800, '2027-05-09'),
(3737, 'Obat 3737', 'Sirup', 160, 8850, '2028-06-12'),
(3738, 'Obat 3738', 'Injeksi', 167, 8900, '2029-07-15'),
(3739, 'Obat 3739', 'Kapsul', 174, 8950, '2030-08-18'),
(3740, 'Obat 3740', 'Salep', 181, 9000, '2026-09-21'),
(3741, 'Obat 3741', 'Tablet', 188, 9050, '2027-10-24'),
(3742, 'Obat 3742', 'Sirup', 195, 9100, '2028-11-27'),
(3743, 'Obat 3743', 'Injeksi', 1, 9150, '2029-12-02'),
(3744, 'Obat 3744', 'Kapsul', 9, 9200, '2030-01-05'),
(3745, 'Obat 3745', 'Salep', 16, 9250, '2026-02-08'),
(3746, 'Obat 3746', 'Tablet', 23, 9300, '2027-03-11'),
(3747, 'Obat 3747', 'Sirup', 30, 9350, '2028-04-14'),
(3748, 'Obat 3748', 'Injeksi', 37, 9400, '2029-05-17'),
(3749, 'Obat 3749', 'Kapsul', 44, 9450, '2030-06-20'),
(3750, 'Obat 3750', 'Salep', 51, 9500, '2026-07-23'),
(3751, 'Obat 3751', 'Tablet', 58, 9550, '2027-08-26'),
(3752, 'Obat 3752', 'Sirup', 65, 9600, '2028-09-01'),
(3753, 'Obat 3753', 'Injeksi', 72, 9650, '2029-10-04'),
(3754, 'Obat 3754', 'Kapsul', 79, 9700, '2030-11-07'),
(3755, 'Obat 3755', 'Salep', 86, 9750, '2026-12-10');
INSERT INTO `obat` (`id_obat`, `nama_obat`, `kategori`, `stok`, `harga`, `tanggal_exp`) VALUES
(3756, 'Obat 3756', 'Tablet', 91, 9800, '2027-01-13'),
(3757, 'Obat 3757', 'Sirup', 100, 9850, '2028-02-16'),
(3758, 'Obat 3758', 'Injeksi', 107, 9900, '2029-03-19'),
(3759, 'Obat 3759', 'Kapsul', 114, 9950, '2030-04-22'),
(3760, 'Obat 3760', 'Salep', 121, 10000, '2026-05-25'),
(3761, 'Obat 3761', 'Tablet', 128, 10050, '2027-06-28'),
(3762, 'Obat 3762', 'Sirup', 135, 10100, '2028-07-03'),
(3763, 'Obat 3763', 'Injeksi', 142, 10150, '2029-08-06'),
(3764, 'Obat 3764', 'Kapsul', 149, 10200, '2030-09-09'),
(3765, 'Obat 3765', 'Salep', 156, 10250, '2026-10-12'),
(3766, 'Obat 3766', 'Tablet', 163, 10300, '2027-11-15'),
(3767, 'Obat 3767', 'Sirup', 170, 10350, '2028-12-18'),
(3768, 'Obat 3768', 'Injeksi', 174, 10400, '2029-01-21'),
(3769, 'Obat 3769', 'Kapsul', 184, 10450, '2030-02-24'),
(3770, 'Obat 3770', 'Salep', 191, 10500, '2026-03-27'),
(3771, 'Obat 3771', 'Tablet', 198, 10550, '2027-04-02'),
(3772, 'Obat 3772', 'Sirup', 5, 10600, '2028-05-05'),
(3773, 'Obat 3773', 'Injeksi', 12, 10650, '2029-06-08'),
(3774, 'Obat 3774', 'Kapsul', 19, 10700, '2030-07-11'),
(3775, 'Obat 3775', 'Salep', 26, 10750, '2026-08-14'),
(3776, 'Obat 3776', 'Tablet', 33, 10800, '2027-09-17'),
(3777, 'Obat 3777', 'Sirup', 40, 10850, '2028-10-20'),
(3778, 'Obat 3778', 'Injeksi', 47, 10900, '2029-11-23'),
(3779, 'Obat 3779', 'Kapsul', 54, 10950, '2030-12-26'),
(3780, 'Obat 3780', 'Salep', 61, 11000, '2026-01-01'),
(3781, 'Obat 3781', 'Tablet', 68, 11050, '2027-02-04'),
(3782, 'Obat 3782', 'Sirup', 75, 11100, '2028-03-07'),
(3783, 'Obat 3783', 'Injeksi', 82, 11150, '2029-04-10'),
(3784, 'Obat 3784', 'Kapsul', 89, 11200, '2030-05-13'),
(3785, 'Obat 3785', 'Salep', 96, 11250, '2026-06-16'),
(3786, 'Obat 3786', 'Tablet', 103, 11300, '2027-07-19'),
(3787, 'Obat 3787', 'Sirup', 110, 11350, '2028-08-22'),
(3788, 'Obat 3788', 'Injeksi', 117, 11400, '2029-09-25'),
(3789, 'Obat 3789', 'Kapsul', 124, 11450, '2030-10-28'),
(3790, 'Obat 3790', 'Salep', 131, 11500, '2026-11-03'),
(3791, 'Obat 3791', 'Tablet', 138, 11550, '2027-12-06'),
(3792, 'Obat 3792', 'Sirup', 145, 11600, '2028-01-09'),
(3793, 'Obat 3793', 'Injeksi', 152, 11650, '2029-02-12'),
(3794, 'Obat 3794', 'Kapsul', 159, 11700, '2030-03-15'),
(3795, 'Obat 3795', 'Salep', 166, 11750, '2026-04-18'),
(3796, 'Obat 3796', 'Tablet', 173, 11800, '2027-05-21'),
(3797, 'Obat 3797', 'Sirup', 180, 11850, '2028-06-24'),
(3798, 'Obat 3798', 'Injeksi', 187, 11900, '2029-07-27'),
(3799, 'Obat 3799', 'Kapsul', 194, 11950, '2030-08-02'),
(3800, 'Obat 3800', 'Salep', 1, 12000, '2026-09-05'),
(3801, 'Obat 3801', 'Tablet', 8, 12050, '2027-10-08'),
(3802, 'Obat 3802', 'Sirup', 15, 12100, '2028-11-11'),
(3803, 'Obat 3803', 'Injeksi', 22, 12150, '2029-12-14'),
(3804, 'Obat 3804', 'Kapsul', 29, 12200, '2030-01-17'),
(3805, 'Obat 3805', 'Salep', 36, 12250, '2026-02-20'),
(3806, 'Obat 3806', 'Tablet', 43, 12300, '2027-03-23'),
(3807, 'Obat 3807', 'Sirup', 50, 12350, '2028-04-26'),
(3808, 'Obat 3808', 'Injeksi', 57, 12400, '2029-05-01'),
(3809, 'Obat 3809', 'Kapsul', 64, 12450, '2030-06-04'),
(3810, 'Obat 3810', 'Salep', 69, 12500, '2026-07-07'),
(3811, 'Obat 3811', 'Tablet', 78, 12550, '2027-08-10'),
(3812, 'Obat 3812', 'Sirup', 85, 12600, '2028-09-13'),
(3813, 'Obat 3813', 'Injeksi', 92, 12650, '2029-10-16'),
(3814, 'Obat 3814', 'Kapsul', 99, 12700, '2030-11-19'),
(3815, 'Obat 3815', 'Salep', 106, 12750, '2026-12-22'),
(3816, 'Obat 3816', 'Tablet', 113, 12800, '2027-01-25'),
(3817, 'Obat 3817', 'Sirup', 120, 12850, '2028-02-28'),
(3818, 'Obat 3818', 'Injeksi', 127, 12900, '2029-03-03'),
(3819, 'Obat 3819', 'Kapsul', 134, 12950, '2030-04-06'),
(3820, 'Obat 3820', 'Salep', 141, 13000, '2026-05-09'),
(3821, 'Obat 3821', 'Tablet', 148, 13050, '2027-06-12'),
(3822, 'Obat 3822', 'Sirup', 155, 13100, '2028-07-15'),
(3823, 'Obat 3823', 'Injeksi', 162, 13150, '2029-08-18'),
(3824, 'Obat 3824', 'Kapsul', 169, 13200, '2030-09-21'),
(3825, 'Obat 3825', 'Salep', 176, 13250, '2026-10-24'),
(3826, 'Obat 3826', 'Tablet', 183, 13300, '2027-11-27'),
(3827, 'Obat 3827', 'Sirup', 190, 13350, '2028-12-02'),
(3828, 'Obat 3828', 'Injeksi', 197, 13400, '2029-01-05'),
(3829, 'Obat 3829', 'Kapsul', 4, 13450, '2030-02-08'),
(3830, 'Obat 3830', 'Salep', 11, 13500, '2026-03-11'),
(3831, 'Obat 3831', 'Tablet', 18, 13550, '2027-04-14'),
(3832, 'Obat 3832', 'Sirup', 25, 13600, '2028-05-17'),
(3833, 'Obat 3833', 'Injeksi', 32, 13650, '2029-06-20'),
(3834, 'Obat 3834', 'Kapsul', 39, 13700, '2030-07-23'),
(3835, 'Obat 3835', 'Salep', 46, 13750, '2026-08-26'),
(3836, 'Obat 3836', 'Tablet', 53, 13800, '2027-09-01'),
(3837, 'Obat 3837', 'Sirup', 60, 13850, '2028-10-04'),
(3838, 'Obat 3838', 'Injeksi', 67, 13900, '2029-11-07'),
(3839, 'Obat 3839', 'Kapsul', 74, 13950, '2030-12-10'),
(3840, 'Obat 3840', 'Salep', 81, 14000, '2026-01-13'),
(3841, 'Obat 3841', 'Tablet', 88, 14050, '2027-02-16'),
(3842, 'Obat 3842', 'Sirup', 95, 14100, '2028-03-19'),
(3843, 'Obat 3843', 'Injeksi', 102, 14150, '2029-04-22'),
(3844, 'Obat 3844', 'Kapsul', 109, 14200, '2030-05-25'),
(3845, 'Obat 3845', 'Salep', 116, 14250, '2026-06-28'),
(3846, 'Obat 3846', 'Tablet', 123, 14300, '2027-07-03'),
(3847, 'Obat 3847', 'Sirup', 130, 14350, '2028-08-06'),
(3848, 'Obat 3848', 'Injeksi', 137, 14400, '2029-09-09'),
(3849, 'Obat 3849', 'Kapsul', 144, 14450, '2030-10-12'),
(3850, 'Obat 3850', 'Salep', 151, 14500, '2026-11-15'),
(3851, 'Obat 3851', 'Tablet', 157, 14550, '2027-12-18'),
(3852, 'Obat 3852', 'Sirup', 165, 14600, '2028-01-21'),
(3853, 'Obat 3853', 'Injeksi', 172, 14650, '2029-02-24'),
(3854, 'Obat 3854', 'Kapsul', 179, 14700, '2030-03-27'),
(3855, 'Obat 3855', 'Salep', 186, 14750, '2026-04-02'),
(3856, 'Obat 3856', 'Tablet', 193, 14800, '2027-05-05'),
(3857, 'Obat 3857', 'Sirup', 200, 14850, '2028-06-08'),
(3858, 'Obat 3858', 'Injeksi', 7, 14900, '2029-07-11'),
(3859, 'Obat 3859', 'Kapsul', 14, 14950, '2030-08-14'),
(3860, 'Obat 3860', 'Salep', 21, 15000, '2026-09-17'),
(3861, 'Obat 3861', 'Tablet', 28, 15050, '2027-10-20'),
(3862, 'Obat 3862', 'Sirup', 35, 15100, '2028-11-23'),
(3863, 'Obat 3863', 'Injeksi', 42, 15150, '2029-12-26'),
(3864, 'Obat 3864', 'Kapsul', 49, 15200, '2030-01-01'),
(3865, 'Obat 3865', 'Salep', 56, 15250, '2026-02-04'),
(3866, 'Obat 3866', 'Tablet', 63, 15300, '2027-03-07'),
(3867, 'Obat 3867', 'Sirup', 70, 15350, '2028-04-10'),
(3868, 'Obat 3868', 'Injeksi', 77, 15400, '2029-05-13'),
(3869, 'Obat 3869', 'Kapsul', 84, 15450, '2030-06-16'),
(3870, 'Obat 3870', 'Salep', 91, 15500, '2026-07-19'),
(3871, 'Obat 3871', 'Tablet', 98, 15550, '2027-08-22'),
(3872, 'Obat 3872', 'Sirup', 105, 15600, '2028-09-25'),
(3873, 'Obat 3873', 'Injeksi', 112, 15650, '2029-10-28'),
(3874, 'Obat 3874', 'Kapsul', 119, 15700, '2030-11-03'),
(3875, 'Obat 3875', 'Salep', 126, 15750, '2026-12-06'),
(3876, 'Obat 3876', 'Tablet', 133, 15800, '2027-01-09'),
(3877, 'Obat 3877', 'Sirup', 140, 15850, '2028-02-12'),
(3878, 'Obat 3878', 'Injeksi', 147, 15900, '2029-03-15'),
(3879, 'Obat 3879', 'Kapsul', 154, 15950, '2030-04-18'),
(3880, 'Obat 3880', 'Salep', 161, 16000, '2026-05-21'),
(3881, 'Obat 3881', 'Tablet', 168, 16050, '2027-06-24'),
(3882, 'Obat 3882', 'Sirup', 175, 16100, '2028-07-27'),
(3883, 'Obat 3883', 'Injeksi', 182, 16150, '2029-08-02'),
(3884, 'Obat 3884', 'Kapsul', 189, 16200, '2030-09-05'),
(3885, 'Obat 3885', 'Salep', 196, 16250, '2026-10-08'),
(3886, 'Obat 3886', 'Tablet', 3, 16300, '2027-11-11'),
(3887, 'Obat 3887', 'Sirup', 10, 16350, '2028-12-14'),
(3888, 'Obat 3888', 'Injeksi', 17, 16400, '2029-01-17'),
(3889, 'Obat 3889', 'Kapsul', 22, 16450, '2030-02-20'),
(3890, 'Obat 3890', 'Salep', 31, 16500, '2026-03-23'),
(3891, 'Obat 3891', 'Tablet', 38, 16550, '2027-04-26'),
(3892, 'Obat 3892', 'Sirup', 45, 16600, '2028-05-01'),
(3893, 'Obat 3893', 'Injeksi', 52, 16650, '2029-06-04'),
(3894, 'Obat 3894', 'Kapsul', 59, 16700, '2030-07-07'),
(3895, 'Obat 3895', 'Salep', 66, 16750, '2026-08-10'),
(3896, 'Obat 3896', 'Tablet', 73, 16800, '2027-09-13'),
(3897, 'Obat 3897', 'Sirup', 80, 16850, '2028-10-16'),
(3898, 'Obat 3898', 'Injeksi', 87, 16900, '2029-11-19'),
(3899, 'Obat 3899', 'Kapsul', 94, 16950, '2030-12-22'),
(3900, 'Obat 3900', 'Salep', 101, 2000, '2026-01-25'),
(3901, 'Obat 3901', 'Tablet', 108, 2050, '2027-02-28'),
(3902, 'Obat 3902', 'Sirup', 115, 2100, '2028-03-03'),
(3903, 'Obat 3903', 'Injeksi', 122, 2150, '2029-04-06'),
(3904, 'Obat 3904', 'Kapsul', 129, 2200, '2030-05-09'),
(3905, 'Obat 3905', 'Salep', 136, 2250, '2026-06-12'),
(3906, 'Obat 3906', 'Tablet', 143, 2300, '2027-07-15'),
(3907, 'Obat 3907', 'Sirup', 150, 2350, '2028-08-18'),
(3908, 'Obat 3908', 'Injeksi', 157, 2400, '2029-09-21'),
(3909, 'Obat 3909', 'Kapsul', 164, 2450, '2030-10-24'),
(3910, 'Obat 3910', 'Salep', 171, 2500, '2026-11-27'),
(3911, 'Obat 3911', 'Tablet', 176, 2550, '2027-12-02'),
(3912, 'Obat 3912', 'Sirup', 185, 2600, '2028-01-05'),
(3913, 'Obat 3913', 'Injeksi', 192, 2650, '2029-02-08'),
(3914, 'Obat 3914', 'Kapsul', 199, 2700, '2030-03-11'),
(3915, 'Obat 3915', 'Salep', 6, 2750, '2026-04-14'),
(3916, 'Obat 3916', 'Tablet', 13, 2800, '2027-05-17'),
(3917, 'Obat 3917', 'Sirup', 20, 2850, '2028-06-20'),
(3918, 'Obat 3918', 'Injeksi', 27, 2900, '2029-07-23'),
(3919, 'Obat 3919', 'Kapsul', 34, 2950, '2030-08-26'),
(3920, 'Obat 3920', 'Salep', 41, 3000, '2026-09-01'),
(3921, 'Obat 3921', 'Tablet', 48, 3050, '2027-10-04'),
(3922, 'Obat 3922', 'Sirup', 55, 3100, '2028-11-07'),
(3923, 'Obat 3923', 'Injeksi', 62, 3150, '2029-12-10'),
(3924, 'Obat 3924', 'Kapsul', 69, 3200, '2030-01-13'),
(3925, 'Obat 3925', 'Salep', 76, 3250, '2026-02-16'),
(3926, 'Obat 3926', 'Tablet', 83, 3300, '2027-03-19'),
(3927, 'Obat 3927', 'Sirup', 90, 3350, '2028-04-22'),
(3928, 'Obat 3928', 'Injeksi', 97, 3400, '2029-05-25'),
(3929, 'Obat 3929', 'Kapsul', 104, 3450, '2030-06-28'),
(3930, 'Obat 3930', 'Salep', 111, 3500, '2026-07-03'),
(3931, 'Obat 3931', 'Tablet', 118, 3550, '2027-08-06'),
(3932, 'Obat 3932', 'Sirup', 125, 3600, '2028-09-09'),
(3933, 'Obat 3933', 'Injeksi', 132, 3650, '2029-10-12'),
(3934, 'Obat 3934', 'Kapsul', 139, 3700, '2030-11-15'),
(3935, 'Obat 3935', 'Salep', 146, 3750, '2026-12-18'),
(3936, 'Obat 3936', 'Tablet', 153, 3800, '2027-01-21'),
(3937, 'Obat 3937', 'Sirup', 160, 3850, '2028-02-24'),
(3938, 'Obat 3938', 'Injeksi', 167, 3900, '2029-03-27'),
(3939, 'Obat 3939', 'Kapsul', 173, 3950, '2030-04-02'),
(3940, 'Obat 3940', 'Salep', 181, 4000, '2026-05-05'),
(3941, 'Obat 3941', 'Tablet', 188, 4050, '2027-06-08'),
(3942, 'Obat 3942', 'Sirup', 195, 4100, '2028-07-11'),
(3943, 'Obat 3943', 'Injeksi', 2, 4150, '2029-08-14'),
(3944, 'Obat 3944', 'Kapsul', 9, 4200, '2030-09-17'),
(3945, 'Obat 3945', 'Salep', 16, 4250, '2026-10-20'),
(3946, 'Obat 3946', 'Tablet', 23, 4300, '2027-11-23'),
(3947, 'Obat 3947', 'Sirup', 30, 4350, '2028-12-26'),
(3948, 'Obat 3948', 'Injeksi', 37, 4400, '2029-01-01'),
(3949, 'Obat 3949', 'Kapsul', 44, 4450, '2030-02-04'),
(3950, 'Obat 3950', 'Salep', 51, 4500, '2026-03-07'),
(3951, 'Obat 3951', 'Tablet', 58, 4550, '2027-04-10'),
(3952, 'Obat 3952', 'Sirup', 65, 4600, '2028-05-13'),
(3953, 'Obat 3953', 'Injeksi', 72, 4650, '2029-06-16'),
(3954, 'Obat 3954', 'Kapsul', 79, 4700, '2030-07-19'),
(3955, 'Obat 3955', 'Salep', 86, 4750, '2026-08-22'),
(3956, 'Obat 3956', 'Tablet', 93, 4800, '2027-09-25'),
(3957, 'Obat 3957', 'Sirup', 100, 4850, '2028-10-28'),
(3958, 'Obat 3958', 'Injeksi', 107, 4900, '2029-11-03'),
(3959, 'Obat 3959', 'Kapsul', 114, 4950, '2030-12-06'),
(3960, 'Obat 3960', 'Salep', 121, 5000, '2026-01-09'),
(3961, 'Obat 3961', 'Tablet', 128, 5050, '2027-02-12'),
(3962, 'Obat 3962', 'Sirup', 135, 5100, '2028-03-15'),
(3963, 'Obat 3963', 'Injeksi', 142, 5150, '2029-04-18'),
(3964, 'Obat 3964', 'Kapsul', 149, 5200, '2030-05-21'),
(3965, 'Obat 3965', 'Salep', 156, 5250, '2026-06-24'),
(3966, 'Obat 3966', 'Tablet', 163, 5300, '2027-07-27'),
(3967, 'Obat 3967', 'Sirup', 170, 5350, '2028-08-02'),
(3968, 'Obat 3968', 'Injeksi', 177, 5400, '2029-09-05'),
(3969, 'Obat 3969', 'Kapsul', 184, 5450, '2030-10-08'),
(3970, 'Obat 3970', 'Salep', 191, 5500, '2026-11-11'),
(3971, 'Obat 3971', 'Tablet', 198, 5550, '2027-12-14'),
(3972, 'Obat 3972', 'Sirup', 5, 5600, '2028-01-17'),
(3973, 'Obat 3973', 'Injeksi', 12, 5650, '2029-02-20'),
(3974, 'Obat 3974', 'Kapsul', 19, 5700, '2030-03-23'),
(3975, 'Obat 3975', 'Salep', 26, 5750, '2026-04-26'),
(3976, 'Obat 3976', 'Tablet', 33, 5800, '2027-05-01'),
(3977, 'Obat 3977', 'Sirup', 40, 5850, '2028-06-04'),
(3978, 'Obat 3978', 'Injeksi', 47, 5900, '2029-07-07'),
(3979, 'Obat 3979', 'Kapsul', 54, 5950, '2030-08-10'),
(3980, 'Obat 3980', 'Salep', 61, 6000, '2026-09-13'),
(3981, 'Obat 3981', 'Tablet', 68, 6050, '2027-10-16'),
(3982, 'Obat 3982', 'Sirup', 73, 6100, '2028-11-19'),
(3983, 'Obat 3983', 'Injeksi', 82, 6150, '2029-12-22'),
(3984, 'Obat 3984', 'Kapsul', 89, 6200, '2030-01-25'),
(3985, 'Obat 3985', 'Salep', 96, 6250, '2026-02-28'),
(3986, 'Obat 3986', 'Tablet', 103, 6300, '2027-03-03'),
(3987, 'Obat 3987', 'Sirup', 107, 6350, '2028-04-06'),
(3988, 'Obat 3988', 'Injeksi', 117, 6400, '2029-05-09'),
(3989, 'Obat 3989', 'Kapsul', 123, 6450, '2030-06-12'),
(3990, 'Obat 3990', 'Salep', 131, 6500, '2026-07-15'),
(3991, 'Obat 3991', 'Tablet', 138, 6550, '2027-08-18'),
(3992, 'Obat 3992', 'Sirup', 145, 6600, '2028-09-21'),
(3993, 'Obat 3993', 'Injeksi', 152, 6650, '2029-10-24'),
(3994, 'Obat 3994', 'Kapsul', 159, 6700, '2030-11-27'),
(3995, 'Obat 3995', 'Salep', 166, 6750, '2026-12-02'),
(3996, 'Obat 3996', 'Tablet', 173, 6800, '2027-01-05'),
(3997, 'Obat 3997', 'Sirup', 180, 6850, '2028-02-08'),
(3998, 'Obat 3998', 'Injeksi', 187, 6900, '2029-03-11'),
(3999, 'Obat 3999', 'Kapsul', 194, 6950, '2030-04-14'),
(4000, 'Obat 4000', 'Salep', 1, 7000, '2026-05-17'),
(4001, 'Obat 4001', 'Tablet', 8, 7050, '2027-06-20'),
(4002, 'Obat 4002', 'Sirup', 12, 7100, '2028-07-23'),
(4003, 'Obat 4003', 'Injeksi', 22, 7150, '2029-08-26'),
(4004, 'Obat 4004', 'Kapsul', 29, 7200, '2030-09-01'),
(4005, 'Obat 4005', 'Salep', 33, 7250, '2026-10-04'),
(4006, 'Obat 4006', 'Tablet', 43, 7300, '2027-11-07'),
(4007, 'Obat 4007', 'Sirup', 50, 7350, '2028-12-10'),
(4008, 'Obat 4008', 'Injeksi', 57, 7400, '2029-01-13'),
(4009, 'Obat 4009', 'Kapsul', 64, 7450, '2030-02-16'),
(4010, 'Obat 4010', 'Salep', 71, 7500, '2026-03-19'),
(4011, 'Obat 4011', 'Tablet', 78, 7550, '2027-04-22'),
(4012, 'Obat 4012', 'Sirup', 85, 7600, '2028-05-25'),
(4013, 'Obat 4013', 'Injeksi', 92, 7650, '2029-06-28'),
(4014, 'Obat 4014', 'Kapsul', 99, 7700, '2030-07-03'),
(4015, 'Obat 4015', 'Salep', 106, 7750, '2026-08-06'),
(4016, 'Obat 4016', 'Tablet', 113, 7800, '2027-09-09'),
(4017, 'Obat 4017', 'Sirup', 120, 7850, '2028-10-12'),
(4018, 'Obat 4018', 'Injeksi', 125, 7900, '2029-11-15'),
(4019, 'Obat 4019', 'Kapsul', 134, 7950, '2030-12-18'),
(4020, 'Obat 4020', 'Salep', 141, 8000, '2026-01-21'),
(4021, 'Obat 4021', 'Tablet', 148, 8050, '2027-02-24'),
(4022, 'Obat 4022', 'Sirup', 155, 8100, '2028-03-27'),
(4023, 'Obat 4023', 'Injeksi', 162, 8150, '2029-04-02'),
(4024, 'Obat 4024', 'Kapsul', 169, 8200, '2030-05-05'),
(4025, 'Obat 4025', 'Salep', 176, 8250, '2026-06-08'),
(4026, 'Obat 4026', 'Tablet', 183, 8300, '2027-07-11'),
(4027, 'Obat 4027', 'Sirup', 190, 8350, '2028-08-14'),
(4028, 'Obat 4028', 'Injeksi', 197, 8400, '2029-09-17'),
(4029, 'Obat 4029', 'Kapsul', 4, 8450, '2030-10-20'),
(4030, 'Obat 4030', 'Salep', 11, 8500, '2026-11-23'),
(4031, 'Obat 4031', 'Tablet', 18, 8550, '2027-12-26'),
(4032, 'Obat 4032', 'Sirup', 25, 8600, '2028-01-01'),
(4033, 'Obat 4033', 'Injeksi', 32, 8650, '2029-02-04'),
(4034, 'Obat 4034', 'Kapsul', 39, 8700, '2030-03-07'),
(4035, 'Obat 4035', 'Salep', 46, 8750, '2026-04-10'),
(4036, 'Obat 4036', 'Tablet', 53, 8800, '2027-05-13'),
(4037, 'Obat 4037', 'Sirup', 60, 8850, '2028-06-16'),
(4038, 'Obat 4038', 'Injeksi', 67, 8900, '2029-07-19'),
(4039, 'Obat 4039', 'Kapsul', 74, 8950, '2030-08-22'),
(4040, 'Obat 4040', 'Salep', 81, 9000, '2026-09-25'),
(4041, 'Obat 4041', 'Tablet', 88, 9050, '2027-10-28'),
(4042, 'Obat 4042', 'Sirup', 95, 9100, '2028-11-03'),
(4043, 'Obat 4043', 'Injeksi', 102, 9150, '2029-12-06'),
(4044, 'Obat 4044', 'Kapsul', 109, 9200, '2030-01-09'),
(4045, 'Obat 4045', 'Salep', 116, 9250, '2026-02-12'),
(4046, 'Obat 4046', 'Tablet', 123, 9300, '2027-03-15'),
(4047, 'Obat 4047', 'Sirup', 130, 9350, '2028-04-18'),
(4048, 'Obat 4048', 'Injeksi', 137, 9400, '2029-05-21'),
(4049, 'Obat 4049', 'Kapsul', 144, 9450, '2030-06-24'),
(4050, 'Obat 4050', 'Salep', 151, 9500, '2026-07-27'),
(4051, 'Obat 4051', 'Tablet', 158, 9550, '2027-08-02'),
(4052, 'Obat 4052', 'Sirup', 165, 9600, '2028-09-05'),
(4053, 'Obat 4053', 'Injeksi', 172, 9650, '2029-10-08'),
(4054, 'Obat 4054', 'Kapsul', 179, 9700, '2030-11-11'),
(4055, 'Obat 4055', 'Salep', 186, 9750, '2026-12-14'),
(4056, 'Obat 4056', 'Tablet', 193, 9800, '2027-01-17'),
(4057, 'Obat 4057', 'Sirup', 200, 9850, '2028-02-20'),
(4058, 'Obat 4058', 'Injeksi', 7, 9900, '2029-03-23'),
(4059, 'Obat 4059', 'Kapsul', 14, 9950, '2030-04-26'),
(4060, 'Obat 4060', 'Salep', 21, 10000, '2026-05-01'),
(4061, 'Obat 4061', 'Tablet', 28, 10050, '2027-06-04'),
(4062, 'Obat 4062', 'Sirup', 35, 10100, '2028-07-07'),
(4063, 'Obat 4063', 'Injeksi', 42, 10150, '2029-08-10'),
(4064, 'Obat 4064', 'Kapsul', 49, 10200, '2030-09-13'),
(4065, 'Obat 4065', 'Salep', 56, 10250, '2026-10-16'),
(4066, 'Obat 4066', 'Tablet', 63, 10300, '2027-11-19'),
(4067, 'Obat 4067', 'Sirup', 70, 10350, '2028-12-22'),
(4068, 'Obat 4068', 'Injeksi', 77, 10400, '2029-01-25'),
(4069, 'Obat 4069', 'Kapsul', 84, 10450, '2030-02-28'),
(4070, 'Obat 4070', 'Salep', 91, 10500, '2026-03-03'),
(4071, 'Obat 4071', 'Tablet', 98, 10550, '2027-04-06'),
(4072, 'Obat 4072', 'Sirup', 105, 10600, '2028-05-09'),
(4073, 'Obat 4073', 'Injeksi', 112, 10650, '2029-06-12'),
(4074, 'Obat 4074', 'Kapsul', 119, 10700, '2030-07-15'),
(4075, 'Obat 4075', 'Salep', 126, 10750, '2026-08-18'),
(4076, 'Obat 4076', 'Tablet', 133, 10800, '2027-09-21'),
(4077, 'Obat 4077', 'Sirup', 140, 10850, '2028-10-24'),
(4078, 'Obat 4078', 'Injeksi', 147, 10900, '2029-11-27'),
(4079, 'Obat 4079', 'Kapsul', 154, 10950, '2030-12-02'),
(4080, 'Obat 4080', 'Salep', 161, 11000, '2026-01-05'),
(4081, 'Obat 4081', 'Tablet', 168, 11050, '2027-02-08'),
(4082, 'Obat 4082', 'Sirup', 174, 11100, '2028-03-11'),
(4083, 'Obat 4083', 'Injeksi', 182, 11150, '2029-04-14'),
(4084, 'Obat 4084', 'Kapsul', 189, 11200, '2030-05-17'),
(4085, 'Obat 4085', 'Salep', 196, 11250, '2026-06-20'),
(4086, 'Obat 4086', 'Tablet', 3, 11300, '2027-07-23'),
(4087, 'Obat 4087', 'Sirup', 10, 11350, '2028-08-26'),
(4088, 'Obat 4088', 'Injeksi', 17, 11400, '2029-09-01'),
(4089, 'Obat 4089', 'Kapsul', 24, 11450, '2030-10-04'),
(4090, 'Obat 4090', 'Salep', 31, 11500, '2026-11-07'),
(4091, 'Obat 4091', 'Tablet', 38, 11550, '2027-12-10'),
(4092, 'Obat 4092', 'Sirup', 45, 11600, '2028-01-13'),
(4093, 'Obat 4093', 'Injeksi', 52, 11650, '2029-02-16'),
(4094, 'Obat 4094', 'Kapsul', 59, 11700, '2030-03-19'),
(4095, 'Obat 4095', 'Salep', 66, 11750, '2026-04-22'),
(4096, 'Obat 4096', 'Tablet', 73, 11800, '2027-05-25'),
(4097, 'Obat 4097', 'Sirup', 80, 11850, '2028-06-28'),
(4098, 'Obat 4098', 'Injeksi', 87, 11900, '2029-07-03'),
(4099, 'Obat 4099', 'Kapsul', 94, 11950, '2030-08-06'),
(4100, 'Obat 4100', 'Salep', 101, 12000, '2026-09-09'),
(4101, 'Obat 4101', 'Tablet', 108, 12050, '2027-10-12'),
(4102, 'Obat 4102', 'Sirup', 115, 12100, '2028-11-15'),
(4103, 'Obat 4103', 'Injeksi', 122, 12150, '2029-12-18'),
(4104, 'Obat 4104', 'Kapsul', 129, 12200, '2030-01-21'),
(4105, 'Obat 4105', 'Salep', 136, 12250, '2026-02-24'),
(4106, 'Obat 4106', 'Tablet', 143, 12300, '2027-03-27'),
(4107, 'Obat 4107', 'Sirup', 150, 12350, '2028-04-02'),
(4108, 'Obat 4108', 'Injeksi', 157, 12400, '2029-05-05'),
(4109, 'Obat 4109', 'Kapsul', 164, 12450, '2030-06-08'),
(4110, 'Obat 4110', 'Salep', 171, 12500, '2026-07-11'),
(4111, 'Obat 4111', 'Tablet', 178, 12550, '2027-08-14'),
(4112, 'Obat 4112', 'Sirup', 185, 12600, '2028-09-17'),
(4113, 'Obat 4113', 'Injeksi', 192, 12650, '2029-10-20'),
(4114, 'Obat 4114', 'Kapsul', 199, 12700, '2030-11-23'),
(4115, 'Obat 4115', 'Salep', 6, 12750, '2026-12-26'),
(4116, 'Obat 4116', 'Tablet', 13, 12800, '2027-01-01'),
(4117, 'Obat 4117', 'Sirup', 20, 12850, '2028-02-04'),
(4118, 'Obat 4118', 'Injeksi', 27, 12900, '2029-03-07'),
(4119, 'Obat 4119', 'Kapsul', 31, 12950, '2030-04-10'),
(4120, 'Obat 4120', 'Salep', 41, 13000, '2026-05-13'),
(4121, 'Obat 4121', 'Tablet', 48, 13050, '2027-06-16'),
(4122, 'Obat 4122', 'Sirup', 55, 13100, '2028-07-19'),
(4123, 'Obat 4123', 'Injeksi', 62, 13150, '2029-08-22'),
(4124, 'Obat 4124', 'Kapsul', 69, 13200, '2030-09-25'),
(4125, 'Obat 4125', 'Salep', 76, 13250, '2026-10-28'),
(4126, 'Obat 4126', 'Tablet', 83, 13300, '2027-11-03'),
(4127, 'Obat 4127', 'Sirup', 90, 13350, '2028-12-06'),
(4128, 'Obat 4128', 'Injeksi', 97, 13400, '2029-01-09'),
(4129, 'Obat 4129', 'Kapsul', 104, 13450, '2030-02-12'),
(4130, 'Obat 4130', 'Salep', 111, 13500, '2026-03-15'),
(4131, 'Obat 4131', 'Tablet', 118, 13550, '2027-04-18'),
(4132, 'Obat 4132', 'Sirup', 125, 13600, '2028-05-21'),
(4133, 'Obat 4133', 'Injeksi', 132, 13650, '2029-06-24'),
(4134, 'Obat 4134', 'Kapsul', 139, 13700, '2030-07-27'),
(4135, 'Obat 4135', 'Salep', 146, 13750, '2026-08-02'),
(4136, 'Obat 4136', 'Tablet', 153, 13800, '2027-09-05'),
(4137, 'Obat 4137', 'Sirup', 160, 13850, '2028-10-08'),
(4138, 'Obat 4138', 'Injeksi', 167, 13900, '2029-11-11'),
(4139, 'Obat 4139', 'Kapsul', 174, 13950, '2030-12-14'),
(4140, 'Obat 4140', 'Salep', 181, 14000, '2026-01-17'),
(4141, 'Obat 4141', 'Tablet', 188, 14050, '2027-02-20'),
(4142, 'Obat 4142', 'Sirup', 195, 14100, '2028-03-23'),
(4143, 'Obat 4143', 'Injeksi', 2, 14150, '2029-04-26'),
(4144, 'Obat 4144', 'Kapsul', 9, 14200, '2030-05-01'),
(4145, 'Obat 4145', 'Salep', 16, 14250, '2026-06-04'),
(4146, 'Obat 4146', 'Tablet', 23, 14300, '2027-07-07'),
(4147, 'Obat 4147', 'Sirup', 30, 14350, '2028-08-10'),
(4148, 'Obat 4148', 'Injeksi', 37, 14400, '2029-09-13'),
(4149, 'Obat 4149', 'Kapsul', 44, 14450, '2030-10-16'),
(4150, 'Obat 4150', 'Salep', 49, 14500, '2026-11-19'),
(4151, 'Obat 4151', 'Tablet', 58, 14550, '2027-12-22'),
(4152, 'Obat 4152', 'Sirup', 65, 14600, '2028-01-25'),
(4153, 'Obat 4153', 'Injeksi', 72, 14650, '2029-02-28'),
(4154, 'Obat 4154', 'Kapsul', 79, 14700, '2030-03-03'),
(4155, 'Obat 4155', 'Salep', 86, 14750, '2026-04-06'),
(4156, 'Obat 4156', 'Tablet', 93, 14800, '2027-05-09'),
(4157, 'Obat 4157', 'Sirup', 100, 14850, '2028-06-12'),
(4158, 'Obat 4158', 'Injeksi', 105, 14900, '2029-07-15'),
(4159, 'Obat 4159', 'Kapsul', 114, 14950, '2030-08-18'),
(4160, 'Obat 4160', 'Salep', 121, 15000, '2026-09-21'),
(4161, 'Obat 4161', 'Tablet', 128, 15050, '2027-10-24'),
(4162, 'Obat 4162', 'Sirup', 135, 15100, '2028-11-27'),
(4163, 'Obat 4163', 'Injeksi', 142, 15150, '2029-12-02'),
(4164, 'Obat 4164', 'Kapsul', 149, 15200, '2030-01-05'),
(4165, 'Obat 4165', 'Salep', 156, 15250, '2026-02-08'),
(4166, 'Obat 4166', 'Tablet', 163, 15300, '2027-03-11'),
(4167, 'Obat 4167', 'Sirup', 170, 15350, '2028-04-14'),
(4168, 'Obat 4168', 'Injeksi', 177, 15400, '2029-05-17'),
(4169, 'Obat 4169', 'Kapsul', 184, 15450, '2030-06-20'),
(4170, 'Obat 4170', 'Salep', 191, 15500, '2026-07-23'),
(4171, 'Obat 4171', 'Tablet', 198, 15550, '2027-08-26'),
(4172, 'Obat 4172', 'Sirup', 5, 15600, '2028-09-01'),
(4173, 'Obat 4173', 'Injeksi', 9, 15650, '2029-10-04'),
(4174, 'Obat 4174', 'Kapsul', 14, 15700, '2030-11-07'),
(4175, 'Obat 4175', 'Salep', 26, 15750, '2026-12-10'),
(4176, 'Obat 4176', 'Tablet', 33, 15800, '2027-01-13'),
(4177, 'Obat 4177', 'Sirup', 40, 15850, '2028-02-16'),
(4178, 'Obat 4178', 'Injeksi', 47, 15900, '2029-03-19'),
(4179, 'Obat 4179', 'Kapsul', 54, 15950, '2030-04-22'),
(4180, 'Obat 4180', 'Salep', 60, 16000, '2026-05-25'),
(4181, 'Obat 4181', 'Tablet', 68, 16050, '2027-06-28'),
(4182, 'Obat 4182', 'Sirup', 75, 16100, '2028-07-03'),
(4183, 'Obat 4183', 'Injeksi', 82, 16150, '2029-08-06'),
(4184, 'Obat 4184', 'Kapsul', 89, 16200, '2030-09-09'),
(4185, 'Obat 4185', 'Salep', 96, 16250, '2026-10-12'),
(4186, 'Obat 4186', 'Tablet', 103, 16300, '2027-11-15'),
(4187, 'Obat 4187', 'Sirup', 110, 16350, '2028-12-18'),
(4188, 'Obat 4188', 'Injeksi', 117, 16400, '2029-01-21'),
(4189, 'Obat 4189', 'Kapsul', 124, 16450, '2030-02-24'),
(4190, 'Obat 4190', 'Salep', 131, 16500, '2026-03-27'),
(4191, 'Obat 4191', 'Tablet', 138, 16550, '2027-04-02'),
(4192, 'Obat 4192', 'Sirup', 145, 16600, '2028-05-05'),
(4193, 'Obat 4193', 'Injeksi', 152, 16650, '2029-06-08'),
(4194, 'Obat 4194', 'Kapsul', 159, 16700, '2030-07-11'),
(4195, 'Obat 4195', 'Salep', 165, 16750, '2026-08-14'),
(4196, 'Obat 4196', 'Tablet', 173, 16800, '2027-09-17'),
(4197, 'Obat 4197', 'Sirup', 180, 16850, '2028-10-20'),
(4198, 'Obat 4198', 'Injeksi', 187, 16900, '2029-11-23'),
(4199, 'Obat 4199', 'Kapsul', 194, 16950, '2030-12-26'),
(4200, 'Obat 4200', 'Salep', 1, 2000, '2026-01-01'),
(4201, 'Obat 4201', 'Tablet', 8, 2050, '2027-02-04'),
(4202, 'Obat 4202', 'Sirup', 15, 2100, '2028-03-07'),
(4203, 'Obat 4203', 'Injeksi', 21, 2150, '2029-04-10'),
(4204, 'Obat 4204', 'Kapsul', 29, 2200, '2030-05-13'),
(4205, 'Obat 4205', 'Salep', 36, 2250, '2026-06-16'),
(4206, 'Obat 4206', 'Tablet', 43, 2300, '2027-07-19'),
(4207, 'Obat 4207', 'Sirup', 50, 2350, '2028-08-22'),
(4208, 'Obat 4208', 'Injeksi', 57, 2400, '2029-09-25'),
(4209, 'Obat 4209', 'Kapsul', 64, 2450, '2030-10-28'),
(4210, 'Obat 4210', 'Salep', 71, 2500, '2026-11-03'),
(4211, 'Obat 4211', 'Tablet', 78, 2550, '2027-12-06'),
(4212, 'Obat 4212', 'Sirup', 85, 2600, '2028-01-09'),
(4213, 'Obat 4213', 'Injeksi', 92, 2650, '2029-02-12'),
(4214, 'Obat 4214', 'Kapsul', 99, 2700, '2030-03-15'),
(4215, 'Obat 4215', 'Salep', 106, 2750, '2026-04-18'),
(4216, 'Obat 4216', 'Tablet', 113, 2800, '2027-05-21'),
(4217, 'Obat 4217', 'Sirup', 119, 2850, '2028-06-24'),
(4218, 'Obat 4218', 'Injeksi', 127, 2900, '2029-07-27'),
(4219, 'Obat 4219', 'Kapsul', 134, 2950, '2030-08-02'),
(4220, 'Obat 4220', 'Salep', 141, 3000, '2026-09-05'),
(4221, 'Obat 4221', 'Tablet', 148, 3050, '2027-10-08'),
(4222, 'Obat 4222', 'Sirup', 155, 3100, '2028-11-11'),
(4223, 'Obat 4223', 'Injeksi', 162, 3150, '2029-12-14'),
(4224, 'Obat 4224', 'Kapsul', 169, 3200, '2030-01-17'),
(4225, 'Obat 4225', 'Salep', 176, 3250, '2026-02-20'),
(4226, 'Obat 4226', 'Tablet', 183, 3300, '2027-03-23'),
(4227, 'Obat 4227', 'Sirup', 189, 3350, '2028-04-26'),
(4228, 'Obat 4228', 'Injeksi', 197, 3400, '2029-05-01'),
(4229, 'Obat 4229', 'Kapsul', 3, 3450, '2030-06-04'),
(4230, 'Obat 4230', 'Salep', 11, 3500, '2026-07-07'),
(4231, 'Obat 4231', 'Tablet', 18, 3550, '2027-08-10'),
(4232, 'Obat 4232', 'Sirup', 25, 3600, '2028-09-13'),
(4233, 'Obat 4233', 'Injeksi', 32, 3650, '2029-10-16'),
(4234, 'Obat 4234', 'Kapsul', 39, 3700, '2030-11-19'),
(4235, 'Obat 4235', 'Salep', 43, 3750, '2026-12-22'),
(4236, 'Obat 4236', 'Tablet', 53, 3800, '2027-01-25'),
(4237, 'Obat 4237', 'Sirup', 60, 3850, '2028-02-28'),
(4238, 'Obat 4238', 'Injeksi', 67, 3900, '2029-03-03'),
(4239, 'Obat 4239', 'Kapsul', 74, 3950, '2030-04-06'),
(4240, 'Obat 4240', 'Salep', 81, 4000, '2026-05-09'),
(4241, 'Obat 4241', 'Tablet', 88, 4050, '2027-06-12'),
(4242, 'Obat 4242', 'Sirup', 95, 4100, '2028-07-15'),
(4243, 'Obat 4243', 'Injeksi', 102, 4150, '2029-08-18'),
(4244, 'Obat 4244', 'Kapsul', 109, 4200, '2030-09-21'),
(4245, 'Obat 4245', 'Salep', 116, 4250, '2026-10-24'),
(4246, 'Obat 4246', 'Tablet', 123, 4300, '2027-11-27'),
(4247, 'Obat 4247', 'Sirup', 130, 4350, '2028-12-02'),
(4248, 'Obat 4248', 'Injeksi', 137, 4400, '2029-01-05'),
(4249, 'Obat 4249', 'Kapsul', 144, 4450, '2030-02-08'),
(4250, 'Obat 4250', 'Salep', 151, 4500, '2026-03-11'),
(4251, 'Obat 4251', 'Tablet', 158, 4550, '2027-04-14'),
(4252, 'Obat 4252', 'Sirup', 165, 4600, '2028-05-17'),
(4253, 'Obat 4253', 'Injeksi', 172, 4650, '2029-06-20'),
(4254, 'Obat 4254', 'Kapsul', 179, 4700, '2030-07-23'),
(4255, 'Obat 4255', 'Salep', 186, 4750, '2026-08-26'),
(4256, 'Obat 4256', 'Tablet', 191, 4800, '2027-09-01'),
(4257, 'Obat 4257', 'Sirup', 200, 4850, '2028-10-04'),
(4258, 'Obat 4258', 'Injeksi', 6, 4900, '2029-11-07'),
(4259, 'Obat 4259', 'Kapsul', 14, 4950, '2030-12-10'),
(4260, 'Obat 4260', 'Salep', 21, 5000, '2026-01-13'),
(4261, 'Obat 4261', 'Tablet', 28, 5050, '2027-02-16'),
(4262, 'Obat 4262', 'Sirup', 35, 5100, '2028-03-19'),
(4263, 'Obat 4263', 'Injeksi', 42, 5150, '2029-04-22'),
(4264, 'Obat 4264', 'Kapsul', 49, 5200, '2030-05-25'),
(4265, 'Obat 4265', 'Salep', 56, 5250, '2026-06-28'),
(4266, 'Obat 4266', 'Tablet', 63, 5300, '2027-07-03'),
(4267, 'Obat 4267', 'Sirup', 70, 5350, '2028-08-06'),
(4268, 'Obat 4268', 'Injeksi', 77, 5400, '2029-09-09'),
(4269, 'Obat 4269', 'Kapsul', 84, 5450, '2030-10-12'),
(4270, 'Obat 4270', 'Salep', 91, 5500, '2026-11-15'),
(4271, 'Obat 4271', 'Tablet', 98, 5550, '2027-12-18'),
(4272, 'Obat 4272', 'Sirup', 102, 5600, '2028-01-21'),
(4273, 'Obat 4273', 'Injeksi', 112, 5650, '2029-02-24'),
(4274, 'Obat 4274', 'Kapsul', 119, 5700, '2030-03-27'),
(4275, 'Obat 4275', 'Salep', 126, 5750, '2026-04-02'),
(4276, 'Obat 4276', 'Tablet', 133, 5800, '2027-05-05'),
(4277, 'Obat 4277', 'Sirup', 140, 5850, '2028-06-08'),
(4278, 'Obat 4278', 'Injeksi', 147, 5900, '2029-07-11'),
(4279, 'Obat 4279', 'Kapsul', 154, 5950, '2030-08-14'),
(4280, 'Obat 4280', 'Salep', 161, 6000, '2026-09-17'),
(4281, 'Obat 4281', 'Tablet', 168, 6050, '2027-10-20'),
(4282, 'Obat 4282', 'Sirup', 175, 6100, '2028-11-23'),
(4283, 'Obat 4283', 'Injeksi', 182, 6150, '2029-12-26'),
(4284, 'Obat 4284', 'Kapsul', 189, 6200, '2030-01-01'),
(4285, 'Obat 4285', 'Salep', 196, 6250, '2026-02-04'),
(4286, 'Obat 4286', 'Tablet', 3, 6300, '2027-03-07'),
(4287, 'Obat 4287', 'Sirup', 10, 6350, '2028-04-10'),
(4288, 'Obat 4288', 'Injeksi', 17, 6400, '2029-05-13'),
(4289, 'Obat 4289', 'Kapsul', 24, 6450, '2030-06-16'),
(4290, 'Obat 4290', 'Salep', 31, 6500, '2026-07-19'),
(4291, 'Obat 4291', 'Tablet', 38, 6550, '2027-08-22'),
(4292, 'Obat 4292', 'Sirup', 45, 6600, '2028-09-25'),
(4293, 'Obat 4293', 'Injeksi', 52, 6650, '2029-10-28'),
(4294, 'Obat 4294', 'Kapsul', 59, 6700, '2030-11-03'),
(4295, 'Obat 4295', 'Salep', 66, 6750, '2026-12-06'),
(4296, 'Obat 4296', 'Tablet', 73, 6800, '2027-01-09'),
(4297, 'Obat 4297', 'Sirup', 80, 6850, '2028-02-12'),
(4298, 'Obat 4298', 'Injeksi', 87, 6900, '2029-03-15'),
(4299, 'Obat 4299', 'Kapsul', 94, 6950, '2030-04-18'),
(4300, 'Obat 4300', 'Salep', 101, 7000, '2026-05-21'),
(4301, 'Obat 4301', 'Tablet', 108, 7050, '2027-06-24'),
(4302, 'Obat 4302', 'Sirup', 115, 7100, '2028-07-27'),
(4303, 'Obat 4303', 'Injeksi', 122, 7150, '2029-08-02'),
(4304, 'Obat 4304', 'Kapsul', 129, 7200, '2030-09-05'),
(4305, 'Obat 4305', 'Salep', 136, 7250, '2026-10-08'),
(4306, 'Obat 4306', 'Tablet', 143, 7300, '2027-11-11'),
(4307, 'Obat 4307', 'Sirup', 150, 7350, '2028-12-14'),
(4308, 'Obat 4308', 'Injeksi', 157, 7400, '2029-01-17'),
(4309, 'Obat 4309', 'Kapsul', 164, 7450, '2030-02-20'),
(4310, 'Obat 4310', 'Salep', 171, 7500, '2026-03-23'),
(4311, 'Obat 4311', 'Tablet', 178, 7550, '2027-04-26'),
(4312, 'Obat 4312', 'Sirup', 185, 7600, '2028-05-01'),
(4313, 'Obat 4313', 'Injeksi', 192, 7650, '2029-06-04'),
(4314, 'Obat 4314', 'Kapsul', 199, 7700, '2030-07-07'),
(4315, 'Obat 4315', 'Salep', 6, 7750, '2026-08-10'),
(4316, 'Obat 4316', 'Tablet', 13, 7800, '2027-09-13'),
(4317, 'Obat 4317', 'Sirup', 20, 7850, '2028-10-16'),
(4318, 'Obat 4318', 'Injeksi', 27, 7900, '2029-11-19'),
(4319, 'Obat 4319', 'Kapsul', 34, 7950, '2030-12-22'),
(4320, 'Obat 4320', 'Salep', 41, 8000, '2026-01-25'),
(4321, 'Obat 4321', 'Tablet', 48, 8050, '2027-02-28'),
(4322, 'Obat 4322', 'Sirup', 55, 8100, '2028-03-03'),
(4323, 'Obat 4323', 'Injeksi', 62, 8150, '2029-04-06'),
(4324, 'Obat 4324', 'Kapsul', 69, 8200, '2030-05-09'),
(4325, 'Obat 4325', 'Salep', 76, 8250, '2026-06-12'),
(4326, 'Obat 4326', 'Tablet', 83, 8300, '2027-07-15'),
(4327, 'Obat 4327', 'Sirup', 90, 8350, '2028-08-18'),
(4328, 'Obat 4328', 'Injeksi', 97, 8400, '2029-09-21'),
(4329, 'Obat 4329', 'Kapsul', 104, 8450, '2030-10-24'),
(4330, 'Obat 4330', 'Salep', 111, 8500, '2026-11-27'),
(4331, 'Obat 4331', 'Tablet', 118, 8550, '2027-12-02'),
(4332, 'Obat 4332', 'Sirup', 125, 8600, '2028-01-05'),
(4333, 'Obat 4333', 'Injeksi', 132, 8650, '2029-02-08'),
(4334, 'Obat 4334', 'Kapsul', 139, 8700, '2030-03-11'),
(4335, 'Obat 4335', 'Salep', 146, 8750, '2026-04-14'),
(4336, 'Obat 4336', 'Tablet', 153, 8800, '2027-05-17'),
(4337, 'Obat 4337', 'Sirup', 160, 8850, '2028-06-20'),
(4338, 'Obat 4338', 'Injeksi', 167, 8900, '2029-07-23'),
(4339, 'Obat 4339', 'Kapsul', 174, 8950, '2030-08-26'),
(4340, 'Obat 4340', 'Salep', 181, 9000, '2026-09-01'),
(4341, 'Obat 4341', 'Tablet', 188, 9050, '2027-10-04'),
(4342, 'Obat 4342', 'Sirup', 195, 9100, '2028-11-07'),
(4343, 'Obat 4343', 'Injeksi', 2, 9150, '2029-12-10'),
(4344, 'Obat 4344', 'Kapsul', 9, 9200, '2030-01-13'),
(4345, 'Obat 4345', 'Salep', 16, 9250, '2026-02-16'),
(4346, 'Obat 4346', 'Tablet', 23, 9300, '2027-03-19'),
(4347, 'Obat 4347', 'Sirup', 30, 9350, '2028-04-22'),
(4348, 'Obat 4348', 'Injeksi', 37, 9400, '2029-05-25'),
(4349, 'Obat 4349', 'Kapsul', 44, 9450, '2030-06-28'),
(4350, 'Obat 4350', 'Salep', 51, 9500, '2026-07-03'),
(4351, 'Obat 4351', 'Tablet', 58, 9550, '2027-08-06'),
(4352, 'Obat 4352', 'Sirup', 65, 9600, '2028-09-09'),
(4353, 'Obat 4353', 'Injeksi', 72, 9650, '2029-10-12'),
(4354, 'Obat 4354', 'Kapsul', 79, 9700, '2030-11-15'),
(4355, 'Obat 4355', 'Salep', 86, 9750, '2026-12-18'),
(4356, 'Obat 4356', 'Tablet', 93, 9800, '2027-01-21'),
(4357, 'Obat 4357', 'Sirup', 100, 9850, '2028-02-24'),
(4358, 'Obat 4358', 'Injeksi', 107, 9900, '2029-03-27'),
(4359, 'Obat 4359', 'Kapsul', 114, 9950, '2030-04-02'),
(4360, 'Obat 4360', 'Salep', 121, 10000, '2026-05-05'),
(4361, 'Obat 4361', 'Tablet', 128, 10050, '2027-06-08'),
(4362, 'Obat 4362', 'Sirup', 135, 10100, '2028-07-11'),
(4363, 'Obat 4363', 'Injeksi', 142, 10150, '2029-08-14'),
(4364, 'Obat 4364', 'Kapsul', 149, 10200, '2030-09-17'),
(4365, 'Obat 4365', 'Salep', 156, 10250, '2026-10-20'),
(4366, 'Obat 4366', 'Tablet', 163, 10300, '2027-11-23'),
(4367, 'Obat 4367', 'Sirup', 170, 10350, '2028-12-26'),
(4368, 'Obat 4368', 'Injeksi', 177, 10400, '2029-01-01'),
(4369, 'Obat 4369', 'Kapsul', 184, 10450, '2030-02-04'),
(4370, 'Obat 4370', 'Salep', 191, 10500, '2026-03-07'),
(4371, 'Obat 4371', 'Tablet', 198, 10550, '2027-04-10'),
(4372, 'Obat 4372', 'Sirup', 5, 10600, '2028-05-13'),
(4373, 'Obat 4373', 'Injeksi', 12, 10650, '2029-06-16'),
(4374, 'Obat 4374', 'Kapsul', 19, 10700, '2030-07-19'),
(4375, 'Obat 4375', 'Salep', 26, 10750, '2026-08-22'),
(4376, 'Obat 4376', 'Tablet', 33, 10800, '2027-09-25'),
(4377, 'Obat 4377', 'Sirup', 40, 10850, '2028-10-28'),
(4378, 'Obat 4378', 'Injeksi', 47, 10900, '2029-11-03'),
(4379, 'Obat 4379', 'Kapsul', 54, 10950, '2030-12-06'),
(4380, 'Obat 4380', 'Salep', 61, 11000, '2026-01-09'),
(4381, 'Obat 4381', 'Tablet', 68, 11050, '2027-02-12'),
(4382, 'Obat 4382', 'Sirup', 75, 11100, '2028-03-15'),
(4383, 'Obat 4383', 'Injeksi', 82, 11150, '2029-04-18'),
(4384, 'Obat 4384', 'Kapsul', 89, 11200, '2030-05-21'),
(4385, 'Obat 4385', 'Salep', 96, 11250, '2026-06-24'),
(4386, 'Obat 4386', 'Tablet', 103, 11300, '2027-07-27'),
(4387, 'Obat 4387', 'Sirup', 110, 11350, '2028-08-02'),
(4388, 'Obat 4388', 'Injeksi', 115, 11400, '2029-09-05'),
(4389, 'Obat 4389', 'Kapsul', 124, 11450, '2030-10-08'),
(4390, 'Obat 4390', 'Salep', 131, 11500, '2026-11-11'),
(4391, 'Obat 4391', 'Tablet', 138, 11550, '2027-12-14'),
(4392, 'Obat 4392', 'Sirup', 145, 11600, '2028-01-17'),
(4393, 'Obat 4393', 'Injeksi', 152, 11650, '2029-02-20'),
(4394, 'Obat 4394', 'Kapsul', 159, 11700, '2030-03-23'),
(4395, 'Obat 4395', 'Salep', 166, 11750, '2026-04-26'),
(4396, 'Obat 4396', 'Tablet', 173, 11800, '2027-05-01'),
(4397, 'Obat 4397', 'Sirup', 180, 11850, '2028-06-04'),
(4398, 'Obat 4398', 'Injeksi', 187, 11900, '2029-07-07'),
(4399, 'Obat 4399', 'Kapsul', 194, 11950, '2030-08-10'),
(4400, 'Obat 4400', 'Salep', 1, 12000, '2026-09-13'),
(4401, 'Obat 4401', 'Tablet', 8, 12050, '2027-10-16'),
(4402, 'Obat 4402', 'Sirup', 15, 12100, '2028-11-19'),
(4403, 'Obat 4403', 'Injeksi', 22, 12150, '2029-12-22'),
(4404, 'Obat 4404', 'Kapsul', 29, 12200, '2030-01-25'),
(4405, 'Obat 4405', 'Salep', 33, 12250, '2026-02-28'),
(4406, 'Obat 4406', 'Tablet', 43, 12300, '2027-03-03'),
(4407, 'Obat 4407', 'Sirup', 50, 12350, '2028-04-06'),
(4408, 'Obat 4408', 'Injeksi', 57, 12400, '2029-05-09'),
(4409, 'Obat 4409', 'Kapsul', 64, 12450, '2030-06-12'),
(4410, 'Obat 4410', 'Salep', 71, 12500, '2026-07-15'),
(4411, 'Obat 4411', 'Tablet', 78, 12550, '2027-08-18'),
(4412, 'Obat 4412', 'Sirup', 82, 12600, '2028-09-21'),
(4413, 'Obat 4413', 'Injeksi', 92, 12650, '2029-10-24'),
(4414, 'Obat 4414', 'Kapsul', 99, 12700, '2030-11-27'),
(4415, 'Obat 4415', 'Salep', 106, 12750, '2026-12-02'),
(4416, 'Obat 4416', 'Tablet', 113, 12800, '2027-01-05'),
(4417, 'Obat 4417', 'Sirup', 120, 12850, '2028-02-08'),
(4418, 'Obat 4418', 'Injeksi', 127, 12900, '2029-03-11'),
(4419, 'Obat 4419', 'Kapsul', 134, 12950, '2030-04-14'),
(4420, 'Obat 4420', 'Salep', 141, 13000, '2026-05-17'),
(4421, 'Obat 4421', 'Tablet', 148, 13050, '2027-06-20'),
(4422, 'Obat 4422', 'Sirup', 155, 13100, '2028-07-23'),
(4423, 'Obat 4423', 'Injeksi', 162, 13150, '2029-08-26'),
(4424, 'Obat 4424', 'Kapsul', 168, 13200, '2030-09-01'),
(4425, 'Obat 4425', 'Salep', 176, 13250, '2026-10-04'),
(4426, 'Obat 4426', 'Tablet', 183, 13300, '2027-11-07'),
(4427, 'Obat 4427', 'Sirup', 190, 13350, '2028-12-10'),
(4428, 'Obat 4428', 'Injeksi', 197, 13400, '2029-01-13'),
(4429, 'Obat 4429', 'Kapsul', 4, 13450, '2030-02-16'),
(4430, 'Obat 4430', 'Salep', 11, 13500, '2026-03-19'),
(4431, 'Obat 4431', 'Tablet', 18, 13550, '2027-04-22'),
(4432, 'Obat 4432', 'Sirup', 25, 13600, '2028-05-25'),
(4433, 'Obat 4433', 'Injeksi', 32, 13650, '2029-06-28'),
(4434, 'Obat 4434', 'Kapsul', 39, 13700, '2030-07-03'),
(4435, 'Obat 4435', 'Salep', 46, 13750, '2026-08-06'),
(4436, 'Obat 4436', 'Tablet', 53, 13800, '2027-09-09'),
(4437, 'Obat 4437', 'Sirup', 60, 13850, '2028-10-12'),
(4438, 'Obat 4438', 'Injeksi', 67, 13900, '2029-11-15'),
(4439, 'Obat 4439', 'Kapsul', 74, 13950, '2030-12-18'),
(4440, 'Obat 4440', 'Salep', 78, 14000, '2026-01-21'),
(4441, 'Obat 4441', 'Tablet', 88, 14050, '2027-02-24'),
(4442, 'Obat 4442', 'Sirup', 92, 14100, '2028-03-27'),
(4443, 'Obat 4443', 'Injeksi', 102, 14150, '2029-04-02'),
(4444, 'Obat 4444', 'Kapsul', 109, 14200, '2030-05-05'),
(4445, 'Obat 4445', 'Salep', 116, 14250, '2026-06-08'),
(4446, 'Obat 4446', 'Tablet', 123, 14300, '2027-07-11'),
(4447, 'Obat 4447', 'Sirup', 130, 14350, '2028-08-14'),
(4448, 'Obat 4448', 'Injeksi', 137, 14400, '2029-09-17'),
(4449, 'Obat 4449', 'Kapsul', 144, 14450, '2030-10-20'),
(4450, 'Obat 4450', 'Salep', 149, 14500, '2026-11-23'),
(4451, 'Obat 4451', 'Tablet', 158, 14550, '2027-12-26'),
(4452, 'Obat 4452', 'Sirup', 165, 14600, '2028-01-01'),
(4453, 'Obat 4453', 'Injeksi', 172, 14650, '2029-02-04'),
(4454, 'Obat 4454', 'Kapsul', 179, 14700, '2030-03-07'),
(4455, 'Obat 4455', 'Salep', 186, 14750, '2026-04-10'),
(4456, 'Obat 4456', 'Tablet', 193, 14800, '2027-05-13'),
(4457, 'Obat 4457', 'Sirup', 200, 14850, '2028-06-16'),
(4458, 'Obat 4458', 'Injeksi', 7, 14900, '2029-07-19'),
(4459, 'Obat 4459', 'Kapsul', 14, 14950, '2030-08-22'),
(4460, 'Obat 4460', 'Salep', 21, 15000, '2026-09-25'),
(4461, 'Obat 4461', 'Tablet', 28, 15050, '2027-10-28'),
(4462, 'Obat 4462', 'Sirup', 35, 15100, '2028-11-03'),
(4463, 'Obat 4463', 'Injeksi', 42, 15150, '2029-12-06'),
(4464, 'Obat 4464', 'Kapsul', 48, 15200, '2030-01-09'),
(4465, 'Obat 4465', 'Salep', 56, 15250, '2026-02-12'),
(4466, 'Obat 4466', 'Tablet', 63, 15300, '2027-03-15'),
(4467, 'Obat 4467', 'Sirup', 70, 15350, '2028-04-18'),
(4468, 'Obat 4468', 'Injeksi', 77, 15400, '2029-05-21'),
(4469, 'Obat 4469', 'Kapsul', 84, 15450, '2030-06-24'),
(4470, 'Obat 4470', 'Salep', 91, 15500, '2026-07-27'),
(4471, 'Obat 4471', 'Tablet', 98, 15550, '2027-08-02'),
(4472, 'Obat 4472', 'Sirup', 105, 15600, '2028-09-05'),
(4473, 'Obat 4473', 'Injeksi', 112, 15650, '2029-10-08'),
(4474, 'Obat 4474', 'Kapsul', 119, 15700, '2030-11-11'),
(4475, 'Obat 4475', 'Salep', 124, 15750, '2026-12-14'),
(4476, 'Obat 4476', 'Tablet', 133, 15800, '2027-01-17'),
(4477, 'Obat 4477', 'Sirup', 140, 15850, '2028-02-20'),
(4478, 'Obat 4478', 'Injeksi', 146, 15900, '2029-03-23'),
(4479, 'Obat 4479', 'Kapsul', 154, 15950, '2030-04-26'),
(4480, 'Obat 4480', 'Salep', 161, 16000, '2026-05-01'),
(4481, 'Obat 4481', 'Tablet', 168, 16050, '2027-06-04'),
(4482, 'Obat 4482', 'Sirup', 175, 16100, '2028-07-07'),
(4483, 'Obat 4483', 'Injeksi', 179, 16150, '2029-08-10'),
(4484, 'Obat 4484', 'Kapsul', 189, 16200, '2030-09-13'),
(4485, 'Obat 4485', 'Salep', 196, 16250, '2026-10-16'),
(4486, 'Obat 4486', 'Tablet', 3, 16300, '2027-11-19'),
(4487, 'Obat 4487', 'Sirup', 10, 16350, '2028-12-22'),
(4488, 'Obat 4488', 'Injeksi', 17, 16400, '2029-01-25'),
(4489, 'Obat 4489', 'Kapsul', 24, 16450, '2030-02-28'),
(4490, 'Obat 4490', 'Salep', 30, 16500, '2026-03-03'),
(4491, 'Obat 4491', 'Tablet', 38, 16550, '2027-04-06'),
(4492, 'Obat 4492', 'Sirup', 45, 16600, '2028-05-09'),
(4493, 'Obat 4493', 'Injeksi', 52, 16650, '2029-06-12'),
(4494, 'Obat 4494', 'Kapsul', 59, 16700, '2030-07-15'),
(4495, 'Obat 4495', 'Salep', 66, 16750, '2026-08-18'),
(4496, 'Obat 4496', 'Tablet', 73, 16800, '2027-09-21'),
(4497, 'Obat 4497', 'Sirup', 80, 16850, '2028-10-24'),
(4498, 'Obat 4498', 'Injeksi', 87, 16900, '2029-11-27'),
(4499, 'Obat 4499', 'Kapsul', 92, 16950, '2030-12-02'),
(4500, 'Obat 4500', 'Salep', 101, 2000, '2026-01-05'),
(4501, 'Obat 4501', 'Tablet', 108, 2050, '2027-02-08'),
(4502, 'Obat 4502', 'Sirup', 115, 2100, '2028-03-11'),
(4503, 'Obat 4503', 'Injeksi', 122, 2150, '2029-04-14'),
(4504, 'Obat 4504', 'Kapsul', 129, 2200, '2030-05-17'),
(4505, 'Obat 4505', 'Salep', 136, 2250, '2026-06-20'),
(4506, 'Obat 4506', 'Tablet', 143, 2300, '2027-07-23'),
(4507, 'Obat 4507', 'Sirup', 150, 2350, '2028-08-26'),
(4508, 'Obat 4508', 'Injeksi', 157, 2400, '2029-09-01'),
(4509, 'Obat 4509', 'Kapsul', 164, 2450, '2030-10-04'),
(4510, 'Obat 4510', 'Salep', 171, 2500, '2026-11-07'),
(4511, 'Obat 4511', 'Tablet', 178, 2550, '2027-12-10'),
(4512, 'Obat 4512', 'Sirup', 185, 2600, '2028-01-13'),
(4513, 'Obat 4513', 'Injeksi', 192, 2650, '2029-02-16'),
(4514, 'Obat 4514', 'Kapsul', 199, 2700, '2030-03-19'),
(4515, 'Obat 4515', 'Salep', 6, 2750, '2026-04-22'),
(4516, 'Obat 4516', 'Tablet', 13, 2800, '2027-05-25'),
(4517, 'Obat 4517', 'Sirup', 20, 2850, '2028-06-28'),
(4518, 'Obat 4518', 'Injeksi', 27, 2900, '2029-07-03'),
(4519, 'Obat 4519', 'Kapsul', 34, 2950, '2030-08-06'),
(4520, 'Obat 4520', 'Salep', 41, 3000, '2026-09-09'),
(4521, 'Obat 4521', 'Tablet', 48, 3050, '2027-10-12'),
(4522, 'Obat 4522', 'Sirup', 55, 3100, '2028-11-15'),
(4523, 'Obat 4523', 'Injeksi', 62, 3150, '2029-12-18'),
(4524, 'Obat 4524', 'Kapsul', 69, 3200, '2030-01-21'),
(4525, 'Obat 4525', 'Salep', 76, 3250, '2026-02-24'),
(4526, 'Obat 4526', 'Tablet', 83, 3300, '2027-03-27'),
(4527, 'Obat 4527', 'Sirup', 90, 3350, '2028-04-02'),
(4528, 'Obat 4528', 'Injeksi', 97, 3400, '2029-05-05'),
(4529, 'Obat 4529', 'Kapsul', 104, 3450, '2030-06-08'),
(4530, 'Obat 4530', 'Salep', 111, 3500, '2026-07-11'),
(4531, 'Obat 4531', 'Tablet', 118, 3550, '2027-08-14'),
(4532, 'Obat 4532', 'Sirup', 125, 3600, '2028-09-17'),
(4533, 'Obat 4533', 'Injeksi', 132, 3650, '2029-10-20'),
(4534, 'Obat 4534', 'Kapsul', 139, 3700, '2030-11-23'),
(4535, 'Obat 4535', 'Salep', 146, 3750, '2026-12-26'),
(4536, 'Obat 4536', 'Tablet', 153, 3800, '2027-01-01'),
(4537, 'Obat 4537', 'Sirup', 160, 3850, '2028-02-04'),
(4538, 'Obat 4538', 'Injeksi', 167, 3900, '2029-03-07'),
(4539, 'Obat 4539', 'Kapsul', 174, 3950, '2030-04-10'),
(4540, 'Obat 4540', 'Salep', 181, 4000, '2026-05-13'),
(4541, 'Obat 4541', 'Tablet', 188, 4050, '2027-06-16'),
(4542, 'Obat 4542', 'Sirup', 195, 4100, '2028-07-19'),
(4543, 'Obat 4543', 'Injeksi', 0, 4150, '2029-08-22'),
(4544, 'Obat 4544', 'Kapsul', 9, 4200, '2030-09-25'),
(4545, 'Obat 4545', 'Salep', 16, 4250, '2026-10-28'),
(4546, 'Obat 4546', 'Tablet', 23, 4300, '2027-11-03'),
(4547, 'Obat 4547', 'Sirup', 30, 4350, '2028-12-06'),
(4548, 'Obat 4548', 'Injeksi', 37, 4400, '2029-01-09'),
(4549, 'Obat 4549', 'Kapsul', 44, 4450, '2030-02-12'),
(4550, 'Obat 4550', 'Salep', 51, 4500, '2026-03-15'),
(4551, 'Obat 4551', 'Tablet', 58, 4550, '2027-04-18'),
(4552, 'Obat 4552', 'Sirup', 62, 4600, '2028-05-21'),
(4553, 'Obat 4553', 'Injeksi', 72, 4650, '2029-06-24'),
(4554, 'Obat 4554', 'Kapsul', 79, 4700, '2030-07-27'),
(4555, 'Obat 4555', 'Salep', 86, 4750, '2026-08-02'),
(4556, 'Obat 4556', 'Tablet', 93, 4800, '2027-09-05'),
(4557, 'Obat 4557', 'Sirup', 100, 4850, '2028-10-08'),
(4558, 'Obat 4558', 'Injeksi', 107, 4900, '2029-11-11'),
(4559, 'Obat 4559', 'Kapsul', 114, 4950, '2030-12-14'),
(4560, 'Obat 4560', 'Salep', 121, 5000, '2026-01-17'),
(4561, 'Obat 4561', 'Tablet', 128, 5050, '2027-02-20'),
(4562, 'Obat 4562', 'Sirup', 135, 5100, '2028-03-23'),
(4563, 'Obat 4563', 'Injeksi', 142, 5150, '2029-04-26'),
(4564, 'Obat 4564', 'Kapsul', 149, 5200, '2030-05-01'),
(4565, 'Obat 4565', 'Salep', 156, 5250, '2026-06-04'),
(4566, 'Obat 4566', 'Tablet', 163, 5300, '2027-07-07'),
(4567, 'Obat 4567', 'Sirup', 170, 5350, '2028-08-10'),
(4568, 'Obat 4568', 'Injeksi', 174, 5400, '2029-09-13'),
(4569, 'Obat 4569', 'Kapsul', 184, 5450, '2030-10-16'),
(4570, 'Obat 4570', 'Salep', 191, 5500, '2026-11-19'),
(4571, 'Obat 4571', 'Tablet', 198, 5550, '2027-12-22'),
(4572, 'Obat 4572', 'Sirup', 5, 5600, '2028-01-25'),
(4573, 'Obat 4573', 'Injeksi', 12, 5650, '2029-02-28'),
(4574, 'Obat 4574', 'Kapsul', 19, 5700, '2030-03-03'),
(4575, 'Obat 4575', 'Salep', 26, 5750, '2026-04-06'),
(4576, 'Obat 4576', 'Tablet', 33, 5800, '2027-05-09'),
(4577, 'Obat 4577', 'Sirup', 40, 5850, '2028-06-12'),
(4578, 'Obat 4578', 'Injeksi', 47, 5900, '2029-07-15'),
(4579, 'Obat 4579', 'Kapsul', 54, 5950, '2030-08-18'),
(4580, 'Obat 4580', 'Salep', 61, 6000, '2026-09-21'),
(4581, 'Obat 4581', 'Tablet', 68, 6050, '2027-10-24'),
(4582, 'Obat 4582', 'Sirup', 75, 6100, '2028-11-27'),
(4583, 'Obat 4583', 'Injeksi', 79, 6150, '2029-12-02'),
(4584, 'Obat 4584', 'Kapsul', 89, 6200, '2030-01-05'),
(4585, 'Obat 4585', 'Salep', 96, 6250, '2026-02-08'),
(4586, 'Obat 4586', 'Tablet', 103, 6300, '2027-03-11'),
(4587, 'Obat 4587', 'Sirup', 110, 6350, '2028-04-14'),
(4588, 'Obat 4588', 'Injeksi', 117, 6400, '2029-05-17'),
(4589, 'Obat 4589', 'Kapsul', 124, 6450, '2030-06-20'),
(4590, 'Obat 4590', 'Salep', 131, 6500, '2026-07-23'),
(4591, 'Obat 4591', 'Tablet', 138, 6550, '2027-08-26'),
(4592, 'Obat 4592', 'Sirup', 145, 6600, '2028-09-01'),
(4593, 'Obat 4593', 'Injeksi', 152, 6650, '2029-10-04'),
(4594, 'Obat 4594', 'Kapsul', 159, 6700, '2030-11-07'),
(4595, 'Obat 4595', 'Salep', 166, 6750, '2026-12-10'),
(4596, 'Obat 4596', 'Tablet', 173, 6800, '2027-01-13'),
(4597, 'Obat 4597', 'Sirup', 180, 6850, '2028-02-16'),
(4598, 'Obat 4598', 'Injeksi', 187, 6900, '2029-03-19'),
(4599, 'Obat 4599', 'Kapsul', 194, 6950, '2030-04-22'),
(4600, 'Obat 4600', 'Salep', 1, 7000, '2026-05-25'),
(4601, 'Obat 4601', 'Tablet', 8, 7050, '2027-06-28'),
(4602, 'Obat 4602', 'Sirup', 15, 7100, '2028-07-03'),
(4603, 'Obat 4603', 'Injeksi', 22, 7150, '2029-08-06'),
(4604, 'Obat 4604', 'Kapsul', 29, 7200, '2030-09-09'),
(4605, 'Obat 4605', 'Salep', 36, 7250, '2026-10-12'),
(4606, 'Obat 4606', 'Tablet', 43, 7300, '2027-11-15'),
(4607, 'Obat 4607', 'Sirup', 50, 7350, '2028-12-18'),
(4608, 'Obat 4608', 'Injeksi', 57, 7400, '2029-01-21'),
(4609, 'Obat 4609', 'Kapsul', 64, 7450, '2030-02-24'),
(4610, 'Obat 4610', 'Salep', 68, 7500, '2026-03-27'),
(4611, 'Obat 4611', 'Tablet', 77, 7550, '2027-04-02'),
(4612, 'Obat 4612', 'Sirup', 85, 7600, '2028-05-05'),
(4613, 'Obat 4613', 'Injeksi', 92, 7650, '2029-06-08'),
(4614, 'Obat 4614', 'Kapsul', 99, 7700, '2030-07-11'),
(4615, 'Obat 4615', 'Salep', 106, 7750, '2026-08-14'),
(4616, 'Obat 4616', 'Tablet', 113, 7800, '2027-09-17'),
(4617, 'Obat 4617', 'Sirup', 117, 7850, '2028-10-20'),
(4618, 'Obat 4618', 'Injeksi', 127, 7900, '2029-11-23'),
(4619, 'Obat 4619', 'Kapsul', 134, 7950, '2030-12-26'),
(4620, 'Obat 4620', 'Salep', 141, 8000, '2026-01-01'),
(4621, 'Obat 4621', 'Tablet', 148, 8050, '2027-02-04'),
(4622, 'Obat 4622', 'Sirup', 155, 8100, '2028-03-07'),
(4623, 'Obat 4623', 'Injeksi', 162, 8150, '2029-04-10'),
(4624, 'Obat 4624', 'Kapsul', 169, 8200, '2030-05-13'),
(4625, 'Obat 4625', 'Salep', 176, 8250, '2026-06-16'),
(4626, 'Obat 4626', 'Tablet', 183, 8300, '2027-07-19'),
(4627, 'Obat 4627', 'Sirup', 190, 8350, '2028-08-22'),
(4628, 'Obat 4628', 'Injeksi', 197, 8400, '2029-09-25'),
(4629, 'Obat 4629', 'Kapsul', 4, 8450, '2030-10-28'),
(4630, 'Obat 4630', 'Salep', 11, 8500, '2026-11-03'),
(4631, 'Obat 4631', 'Tablet', 18, 8550, '2027-12-06'),
(4632, 'Obat 4632', 'Sirup', 25, 8600, '2028-01-09'),
(4633, 'Obat 4633', 'Injeksi', 32, 8650, '2029-02-12'),
(4634, 'Obat 4634', 'Kapsul', 39, 8700, '2030-03-15'),
(4635, 'Obat 4635', 'Salep', 46, 8750, '2026-04-18'),
(4636, 'Obat 4636', 'Tablet', 53, 8800, '2027-05-21'),
(4637, 'Obat 4637', 'Sirup', 60, 8850, '2028-06-24'),
(4638, 'Obat 4638', 'Injeksi', 67, 8900, '2029-07-27'),
(4639, 'Obat 4639', 'Kapsul', 74, 8950, '2030-08-02'),
(4640, 'Obat 4640', 'Salep', 81, 9000, '2026-09-05'),
(4641, 'Obat 4641', 'Tablet', 88, 9050, '2027-10-08'),
(4642, 'Obat 4642', 'Sirup', 95, 9100, '2028-11-11'),
(4643, 'Obat 4643', 'Injeksi', 102, 9150, '2029-12-14'),
(4644, 'Obat 4644', 'Kapsul', 109, 9200, '2030-01-17'),
(4645, 'Obat 4645', 'Salep', 116, 9250, '2026-02-20'),
(4646, 'Obat 4646', 'Tablet', 123, 9300, '2027-03-23'),
(4647, 'Obat 4647', 'Sirup', 130, 9350, '2028-04-26'),
(4648, 'Obat 4648', 'Injeksi', 137, 9400, '2029-05-01'),
(4649, 'Obat 4649', 'Kapsul', 144, 9450, '2030-06-04'),
(4650, 'Obat 4650', 'Salep', 151, 9500, '2026-07-07'),
(4651, 'Obat 4651', 'Tablet', 158, 9550, '2027-08-10'),
(4652, 'Obat 4652', 'Sirup', 165, 9600, '2028-09-13'),
(4653, 'Obat 4653', 'Injeksi', 172, 9650, '2029-10-16'),
(4654, 'Obat 4654', 'Kapsul', 179, 9700, '2030-11-19'),
(4655, 'Obat 4655', 'Salep', 186, 9750, '2026-12-22'),
(4656, 'Obat 4656', 'Tablet', 193, 9800, '2027-01-25'),
(4657, 'Obat 4657', 'Sirup', 200, 9850, '2028-02-28'),
(4658, 'Obat 4658', 'Injeksi', 7, 9900, '2029-03-03'),
(4659, 'Obat 4659', 'Kapsul', 14, 9950, '2030-04-06'),
(4660, 'Obat 4660', 'Salep', 21, 10000, '2026-05-09'),
(4661, 'Obat 4661', 'Tablet', 28, 10050, '2027-06-12'),
(4662, 'Obat 4662', 'Sirup', 35, 10100, '2028-07-15'),
(4663, 'Obat 4663', 'Injeksi', 41, 10150, '2029-08-18'),
(4664, 'Obat 4664', 'Kapsul', 49, 10200, '2030-09-21'),
(4665, 'Obat 4665', 'Salep', 56, 10250, '2026-10-24'),
(4666, 'Obat 4666', 'Tablet', 63, 10300, '2027-11-27'),
(4667, 'Obat 4667', 'Sirup', 70, 10350, '2028-12-02'),
(4668, 'Obat 4668', 'Injeksi', 77, 10400, '2029-01-05'),
(4669, 'Obat 4669', 'Kapsul', 84, 10450, '2030-02-08'),
(4670, 'Obat 4670', 'Salep', 91, 10500, '2026-03-11'),
(4671, 'Obat 4671', 'Tablet', 98, 10550, '2027-04-14'),
(4672, 'Obat 4672', 'Sirup', 105, 10600, '2028-05-17'),
(4673, 'Obat 4673', 'Injeksi', 112, 10650, '2029-06-20'),
(4674, 'Obat 4674', 'Kapsul', 119, 10700, '2030-07-23'),
(4675, 'Obat 4675', 'Salep', 126, 10750, '2026-08-26'),
(4676, 'Obat 4676', 'Tablet', 133, 10800, '2027-09-01'),
(4677, 'Obat 4677', 'Sirup', 140, 10850, '2028-10-04'),
(4678, 'Obat 4678', 'Injeksi', 147, 10900, '2029-11-07'),
(4679, 'Obat 4679', 'Kapsul', 154, 10950, '2030-12-10'),
(4680, 'Obat 4680', 'Salep', 161, 11000, '2026-01-13'),
(4681, 'Obat 4681', 'Tablet', 168, 11050, '2027-02-16'),
(4682, 'Obat 4682', 'Sirup', 175, 11100, '2028-03-19'),
(4683, 'Obat 4683', 'Injeksi', 181, 11150, '2029-04-22');
INSERT INTO `obat` (`id_obat`, `nama_obat`, `kategori`, `stok`, `harga`, `tanggal_exp`) VALUES
(4684, 'Obat 4684', 'Kapsul', 189, 11200, '2030-05-25'),
(4685, 'Obat 4685', 'Salep', 196, 11250, '2026-06-28'),
(4686, 'Obat 4686', 'Tablet', 3, 11300, '2027-07-03'),
(4687, 'Obat 4687', 'Sirup', 10, 11350, '2028-08-06'),
(4688, 'Obat 4688', 'Injeksi', 17, 11400, '2029-09-09'),
(4689, 'Obat 4689', 'Kapsul', 24, 11450, '2030-10-12'),
(4690, 'Obat 4690', 'Salep', 31, 11500, '2026-11-15'),
(4691, 'Obat 4691', 'Tablet', 38, 11550, '2027-12-18'),
(4692, 'Obat 4692', 'Sirup', 45, 11600, '2028-01-21'),
(4693, 'Obat 4693', 'Injeksi', 52, 11650, '2029-02-24'),
(4694, 'Obat 4694', 'Kapsul', 59, 11700, '2030-03-27'),
(4695, 'Obat 4695', 'Salep', 66, 11750, '2026-04-02'),
(4696, 'Obat 4696', 'Tablet', 73, 11800, '2027-05-05'),
(4697, 'Obat 4697', 'Sirup', 80, 11850, '2028-06-08'),
(4698, 'Obat 4698', 'Injeksi', 87, 11900, '2029-07-11'),
(4699, 'Obat 4699', 'Kapsul', 94, 11950, '2030-08-14'),
(4700, 'Obat 4700', 'Salep', 101, 12000, '2026-09-17'),
(4701, 'Obat 4701', 'Tablet', 108, 12050, '2027-10-20'),
(4702, 'Obat 4702', 'Sirup', 115, 12100, '2028-11-23'),
(4703, 'Obat 4703', 'Injeksi', 122, 12150, '2029-12-26'),
(4704, 'Obat 4704', 'Kapsul', 129, 12200, '2030-01-01'),
(4705, 'Obat 4705', 'Salep', 136, 12250, '2026-02-04'),
(4706, 'Obat 4706', 'Tablet', 143, 12300, '2027-03-07'),
(4707, 'Obat 4707', 'Sirup', 147, 12350, '2028-04-10'),
(4708, 'Obat 4708', 'Injeksi', 157, 12400, '2029-05-13'),
(4709, 'Obat 4709', 'Kapsul', 164, 12450, '2030-06-16'),
(4710, 'Obat 4710', 'Salep', 171, 12500, '2026-07-19'),
(4711, 'Obat 4711', 'Tablet', 178, 12550, '2027-08-22'),
(4712, 'Obat 4712', 'Sirup', 185, 12600, '2028-09-25'),
(4713, 'Obat 4713', 'Injeksi', 192, 12650, '2029-10-28'),
(4714, 'Obat 4714', 'Kapsul', 199, 12700, '2030-11-03'),
(4715, 'Obat 4715', 'Salep', 6, 12750, '2026-12-06'),
(4716, 'Obat 4716', 'Tablet', 13, 12800, '2027-01-09'),
(4717, 'Obat 4717', 'Sirup', 20, 12850, '2028-02-12'),
(4718, 'Obat 4718', 'Injeksi', 27, 12900, '2029-03-15'),
(4719, 'Obat 4719', 'Kapsul', 34, 12950, '2030-04-18'),
(4720, 'Obat 4720', 'Salep', 41, 13000, '2026-05-21'),
(4721, 'Obat 4721', 'Tablet', 45, 13050, '2027-06-24'),
(4722, 'Obat 4722', 'Sirup', 55, 13100, '2028-07-27'),
(4723, 'Obat 4723', 'Injeksi', 62, 13150, '2029-08-02'),
(4724, 'Obat 4724', 'Kapsul', 69, 13200, '2030-09-05'),
(4725, 'Obat 4725', 'Salep', 76, 13250, '2026-10-08'),
(4726, 'Obat 4726', 'Tablet', 83, 13300, '2027-11-11'),
(4727, 'Obat 4727', 'Sirup', 90, 13350, '2028-12-14'),
(4728, 'Obat 4728', 'Injeksi', 97, 13400, '2029-01-17'),
(4729, 'Obat 4729', 'Kapsul', 104, 13450, '2030-02-20'),
(4730, 'Obat 4730', 'Salep', 111, 13500, '2026-03-23'),
(4731, 'Obat 4731', 'Tablet', 118, 13550, '2027-04-26'),
(4732, 'Obat 4732', 'Sirup', 125, 13600, '2028-05-01'),
(4733, 'Obat 4733', 'Injeksi', 132, 13650, '2029-06-04'),
(4734, 'Obat 4734', 'Kapsul', 139, 13700, '2030-07-07'),
(4735, 'Obat 4735', 'Salep', 146, 13750, '2026-08-10'),
(4736, 'Obat 4736', 'Tablet', 153, 13800, '2027-09-13'),
(4737, 'Obat 4737', 'Sirup', 160, 13850, '2028-10-16'),
(4738, 'Obat 4738', 'Injeksi', 167, 13900, '2029-11-19'),
(4739, 'Obat 4739', 'Kapsul', 174, 13950, '2030-12-22'),
(4740, 'Obat 4740', 'Salep', 181, 14000, '2026-01-25'),
(4741, 'Obat 4741', 'Tablet', 188, 14050, '2027-02-28'),
(4742, 'Obat 4742', 'Sirup', 192, 14100, '2028-03-03'),
(4743, 'Obat 4743', 'Injeksi', 2, 14150, '2029-04-06'),
(4744, 'Obat 4744', 'Kapsul', 9, 14200, '2030-05-09'),
(4745, 'Obat 4745', 'Salep', 10, 14250, '2026-06-12'),
(4746, 'Obat 4746', 'Tablet', 23, 14300, '2027-07-15'),
(4747, 'Obat 4747', 'Sirup', 30, 14350, '2028-08-18'),
(4748, 'Obat 4748', 'Injeksi', 37, 14400, '2029-09-21'),
(4749, 'Obat 4749', 'Kapsul', 44, 14450, '2030-10-24'),
(4750, 'Obat 4750', 'Salep', 51, 14500, '2026-11-27'),
(4751, 'Obat 4751', 'Tablet', 58, 14550, '2027-12-02'),
(4752, 'Obat 4752', 'Sirup', 65, 14600, '2028-01-05'),
(4753, 'Obat 4753', 'Injeksi', 72, 14650, '2029-02-08'),
(4754, 'Obat 4754', 'Kapsul', 79, 14700, '2030-03-11'),
(4755, 'Obat 4755', 'Salep', 86, 14750, '2026-04-14'),
(4756, 'Obat 4756', 'Tablet', 93, 14800, '2027-05-17'),
(4757, 'Obat 4757', 'Sirup', 100, 14850, '2028-06-20'),
(4758, 'Obat 4758', 'Injeksi', 107, 14900, '2029-07-23'),
(4759, 'Obat 4759', 'Kapsul', 114, 14950, '2030-08-26'),
(4760, 'Obat 4760', 'Salep', 121, 15000, '2026-09-01'),
(4761, 'Obat 4761', 'Tablet', 128, 15050, '2027-10-04'),
(4762, 'Obat 4762', 'Sirup', 135, 15100, '2028-11-07'),
(4763, 'Obat 4763', 'Injeksi', 142, 15150, '2029-12-10'),
(4764, 'Obat 4764', 'Kapsul', 149, 15200, '2030-01-13'),
(4765, 'Obat 4765', 'Salep', 154, 15250, '2026-02-16'),
(4766, 'Obat 4766', 'Tablet', 163, 15300, '2027-03-19'),
(4767, 'Obat 4767', 'Sirup', 170, 15350, '2028-04-22'),
(4768, 'Obat 4768', 'Injeksi', 177, 15400, '2029-05-25'),
(4769, 'Obat 4769', 'Kapsul', 184, 15450, '2030-06-28'),
(4770, 'Obat 4770', 'Salep', 191, 15500, '2026-07-03'),
(4771, 'Obat 4771', 'Tablet', 198, 15550, '2027-08-06'),
(4772, 'Obat 4772', 'Sirup', 5, 15600, '2028-09-09'),
(4773, 'Obat 4773', 'Injeksi', 12, 15650, '2029-10-12'),
(4774, 'Obat 4774', 'Kapsul', 19, 15700, '2030-11-15'),
(4775, 'Obat 4775', 'Salep', 26, 15750, '2026-12-18'),
(4776, 'Obat 4776', 'Tablet', 33, 15800, '2027-01-21'),
(4777, 'Obat 4777', 'Sirup', 40, 15850, '2028-02-24'),
(4778, 'Obat 4778', 'Injeksi', 47, 15900, '2029-03-27'),
(4779, 'Obat 4779', 'Kapsul', 54, 15950, '2030-04-02'),
(4780, 'Obat 4780', 'Salep', 61, 16000, '2026-05-05'),
(4781, 'Obat 4781', 'Tablet', 68, 16050, '2027-06-08'),
(4782, 'Obat 4782', 'Sirup', 75, 16100, '2028-07-11'),
(4783, 'Obat 4783', 'Injeksi', 82, 16150, '2029-08-14'),
(4784, 'Obat 4784', 'Kapsul', 89, 16200, '2030-09-17'),
(4785, 'Obat 4785', 'Salep', 96, 16250, '2026-10-20'),
(4786, 'Obat 4786', 'Tablet', 103, 16300, '2027-11-23'),
(4787, 'Obat 4787', 'Sirup', 110, 16350, '2028-12-26'),
(4788, 'Obat 4788', 'Injeksi', 117, 16400, '2029-01-01'),
(4789, 'Obat 4789', 'Kapsul', 123, 16450, '2030-02-04'),
(4790, 'Obat 4790', 'Salep', 131, 16500, '2026-03-07'),
(4791, 'Obat 4791', 'Tablet', 138, 16550, '2027-04-10'),
(4792, 'Obat 4792', 'Sirup', 145, 16600, '2028-05-13'),
(4793, 'Obat 4793', 'Injeksi', 152, 16650, '2029-06-16'),
(4794, 'Obat 4794', 'Kapsul', 159, 16700, '2030-07-19'),
(4795, 'Obat 4795', 'Salep', 166, 16750, '2026-08-22'),
(4796, 'Obat 4796', 'Tablet', 173, 16800, '2027-09-25'),
(4797, 'Obat 4797', 'Sirup', 180, 16850, '2028-10-28'),
(4798, 'Obat 4798', 'Injeksi', 187, 16900, '2029-11-03'),
(4799, 'Obat 4799', 'Kapsul', 194, 16950, '2030-12-06'),
(4800, 'Obat 4800', 'Salep', 1, 2000, '2026-01-09'),
(4801, 'Obat 4801', 'Tablet', 8, 2050, '2027-02-12'),
(4802, 'Obat 4802', 'Sirup', 15, 2100, '2028-03-15'),
(4803, 'Obat 4803', 'Injeksi', 22, 2150, '2029-04-18'),
(4804, 'Obat 4804', 'Kapsul', 29, 2200, '2030-05-21'),
(4805, 'Obat 4805', 'Salep', 36, 2250, '2026-06-24'),
(4806, 'Obat 4806', 'Tablet', 43, 2300, '2027-07-27'),
(4807, 'Obat 4807', 'Sirup', 50, 2350, '2028-08-02'),
(4808, 'Obat 4808', 'Injeksi', 57, 2400, '2029-09-05'),
(4809, 'Obat 4809', 'Kapsul', 64, 2450, '2030-10-08'),
(4810, 'Obat 4810', 'Salep', 71, 2500, '2026-11-11'),
(4811, 'Obat 4811', 'Tablet', 78, 2550, '2027-12-14'),
(4812, 'Obat 4812', 'Sirup', 85, 2600, '2028-01-17'),
(4813, 'Obat 4813', 'Injeksi', 92, 2650, '2029-02-20'),
(4814, 'Obat 4814', 'Kapsul', 99, 2700, '2030-03-23'),
(4815, 'Obat 4815', 'Salep', 106, 2750, '2026-04-26'),
(4816, 'Obat 4816', 'Tablet', 113, 2800, '2027-05-01'),
(4817, 'Obat 4817', 'Sirup', 120, 2850, '2028-06-04'),
(4818, 'Obat 4818', 'Injeksi', 127, 2900, '2029-07-07'),
(4819, 'Obat 4819', 'Kapsul', 134, 2950, '2030-08-10'),
(4820, 'Obat 4820', 'Salep', 141, 3000, '2026-09-13'),
(4821, 'Obat 4821', 'Tablet', 147, 3050, '2027-10-16'),
(4822, 'Obat 4822', 'Sirup', 155, 3100, '2028-11-19'),
(4823, 'Obat 4823', 'Injeksi', 162, 3150, '2029-12-22'),
(4824, 'Obat 4824', 'Kapsul', 169, 3200, '2030-01-25'),
(4825, 'Obat 4825', 'Salep', 176, 3250, '2026-02-28'),
(4826, 'Obat 4826', 'Tablet', 183, 3300, '2027-03-03'),
(4827, 'Obat 4827', 'Sirup', 190, 3350, '2028-04-06'),
(4828, 'Obat 4828', 'Injeksi', 194, 3400, '2029-05-09'),
(4829, 'Obat 4829', 'Kapsul', 4, 3450, '2030-06-12'),
(4830, 'Obat 4830', 'Salep', 11, 3500, '2026-07-15'),
(4831, 'Obat 4831', 'Tablet', 18, 3550, '2027-08-18'),
(4832, 'Obat 4832', 'Sirup', 25, 3600, '2028-09-21'),
(4833, 'Obat 4833', 'Injeksi', 32, 3650, '2029-10-24'),
(4834, 'Obat 4834', 'Kapsul', 39, 3700, '2030-11-27'),
(4835, 'Obat 4835', 'Salep', 46, 3750, '2026-12-02'),
(4836, 'Obat 4836', 'Tablet', 53, 3800, '2027-01-05'),
(4837, 'Obat 4837', 'Sirup', 60, 3850, '2028-02-08'),
(4838, 'Obat 4838', 'Injeksi', 67, 3900, '2029-03-11'),
(4839, 'Obat 4839', 'Kapsul', 74, 3950, '2030-04-14'),
(4840, 'Obat 4840', 'Salep', 81, 4000, '2026-05-17'),
(4841, 'Obat 4841', 'Tablet', 88, 4050, '2027-06-20'),
(4842, 'Obat 4842', 'Sirup', 95, 4100, '2028-07-23'),
(4843, 'Obat 4843', 'Injeksi', 102, 4150, '2029-08-26'),
(4844, 'Obat 4844', 'Kapsul', 109, 4200, '2030-09-01'),
(4845, 'Obat 4845', 'Salep', 116, 4250, '2026-10-04'),
(4846, 'Obat 4846', 'Tablet', 123, 4300, '2027-11-07'),
(4847, 'Obat 4847', 'Sirup', 130, 4350, '2028-12-10'),
(4848, 'Obat 4848', 'Injeksi', 137, 4400, '2029-01-13'),
(4849, 'Obat 4849', 'Kapsul', 144, 4450, '2030-02-16'),
(4850, 'Obat 4850', 'Salep', 151, 4500, '2026-03-19'),
(4851, 'Obat 4851', 'Tablet', 158, 4550, '2027-04-22'),
(4852, 'Obat 4852', 'Sirup', 165, 4600, '2028-05-25'),
(4853, 'Obat 4853', 'Injeksi', 172, 4650, '2029-06-28'),
(4854, 'Obat 4854', 'Kapsul', 179, 4700, '2030-07-03'),
(4855, 'Obat 4855', 'Salep', 186, 4750, '2026-08-06'),
(4856, 'Obat 4856', 'Tablet', 193, 4800, '2027-09-09'),
(4857, 'Obat 4857', 'Sirup', 200, 4850, '2028-10-12'),
(4858, 'Obat 4858', 'Injeksi', 7, 4900, '2029-11-15'),
(4859, 'Obat 4859', 'Kapsul', 14, 4950, '2030-12-18'),
(4860, 'Obat 4860', 'Salep', 21, 5000, '2026-01-21'),
(4861, 'Obat 4861', 'Tablet', 28, 5050, '2027-02-24'),
(4862, 'Obat 4862', 'Sirup', 35, 5100, '2028-03-27'),
(4863, 'Obat 4863', 'Injeksi', 42, 5150, '2029-04-02'),
(4864, 'Obat 4864', 'Kapsul', 49, 5200, '2030-05-05'),
(4865, 'Obat 4865', 'Salep', 56, 5250, '2026-06-08'),
(4866, 'Obat 4866', 'Tablet', 63, 5300, '2027-07-11'),
(4867, 'Obat 4867', 'Sirup', 70, 5350, '2028-08-14'),
(4868, 'Obat 4868', 'Injeksi', 77, 5400, '2029-09-17'),
(4869, 'Obat 4869', 'Kapsul', 84, 5450, '2030-10-20'),
(4870, 'Obat 4870', 'Salep', 91, 5500, '2026-11-23'),
(4871, 'Obat 4871', 'Tablet', 98, 5550, '2027-12-26'),
(4872, 'Obat 4872', 'Sirup', 105, 5600, '2028-01-01'),
(4873, 'Obat 4873', 'Injeksi', 112, 5650, '2029-02-04'),
(4874, 'Obat 4874', 'Kapsul', 119, 5700, '2030-03-07'),
(4875, 'Obat 4875', 'Salep', 126, 5750, '2026-04-10'),
(4876, 'Obat 4876', 'Tablet', 133, 5800, '2027-05-13'),
(4877, 'Obat 4877', 'Sirup', 140, 5850, '2028-06-16'),
(4878, 'Obat 4878', 'Injeksi', 147, 5900, '2029-07-19'),
(4879, 'Obat 4879', 'Kapsul', 154, 5950, '2030-08-22'),
(4880, 'Obat 4880', 'Salep', 161, 6000, '2026-09-25'),
(4881, 'Obat 4881', 'Tablet', 168, 6050, '2027-10-28'),
(4882, 'Obat 4882', 'Sirup', 175, 6100, '2028-11-03'),
(4883, 'Obat 4883', 'Injeksi', 182, 6150, '2029-12-06'),
(4884, 'Obat 4884', 'Kapsul', 189, 6200, '2030-01-09'),
(4885, 'Obat 4885', 'Salep', 196, 6250, '2026-02-12'),
(4886, 'Obat 4886', 'Tablet', 3, 6300, '2027-03-15'),
(4887, 'Obat 4887', 'Sirup', 10, 6350, '2028-04-18'),
(4888, 'Obat 4888', 'Injeksi', 17, 6400, '2029-05-21'),
(4889, 'Obat 4889', 'Kapsul', 24, 6450, '2030-06-24'),
(4890, 'Obat 4890', 'Salep', 31, 6500, '2026-07-27'),
(4891, 'Obat 4891', 'Tablet', 36, 6550, '2027-08-02'),
(4892, 'Obat 4892', 'Sirup', 45, 6600, '2028-09-05'),
(4893, 'Obat 4893', 'Injeksi', 52, 6650, '2029-10-08'),
(4894, 'Obat 4894', 'Kapsul', 59, 6700, '2030-11-11'),
(4895, 'Obat 4895', 'Salep', 66, 6750, '2026-12-14'),
(4896, 'Obat 4896', 'Tablet', 73, 6800, '2027-01-17'),
(4897, 'Obat 4897', 'Sirup', 80, 6850, '2028-02-20'),
(4898, 'Obat 4898', 'Injeksi', 87, 6900, '2029-03-23'),
(4899, 'Obat 4899', 'Kapsul', 91, 6950, '2030-04-26'),
(4900, 'Obat 4900', 'Salep', 101, 7000, '2026-05-01'),
(4901, 'Obat 4901', 'Tablet', 106, 7050, '2027-06-04'),
(4902, 'Obat 4902', 'Sirup', 114, 7100, '2028-07-07'),
(4903, 'Obat 4903', 'Injeksi', 122, 7150, '2029-08-10'),
(4904, 'Obat 4904', 'Kapsul', 129, 7200, '2030-09-13'),
(4905, 'Obat 4905', 'Salep', 133, 7250, '2026-10-16'),
(4906, 'Obat 4906', 'Tablet', 143, 7300, '2027-11-19'),
(4907, 'Obat 4907', 'Sirup', 150, 7350, '2028-12-22'),
(4908, 'Obat 4908', 'Injeksi', 155, 7400, '2029-01-25'),
(4909, 'Obat 4909', 'Kapsul', 164, 7450, '2030-02-28'),
(4910, 'Obat 4910', 'Salep', 171, 7500, '2026-03-03'),
(4911, 'Obat 4911', 'Tablet', 178, 7550, '2027-04-06'),
(4912, 'Obat 4912', 'Sirup', 185, 7600, '2028-05-09'),
(4913, 'Obat 4913', 'Injeksi', 192, 7650, '2029-06-12'),
(4914, 'Obat 4914', 'Kapsul', 199, 7700, '2030-07-15'),
(4915, 'Obat 4915', 'Salep', 6, 7750, '2026-08-18'),
(4916, 'Obat 4916', 'Tablet', 13, 7800, '2027-09-21'),
(4917, 'Obat 4917', 'Sirup', 20, 7850, '2028-10-24'),
(4918, 'Obat 4918', 'Injeksi', 27, 7900, '2029-11-27'),
(4919, 'Obat 4919', 'Kapsul', 29, 7950, '2030-12-02'),
(4920, 'Obat 4920', 'Salep', 41, 8000, '2026-01-05'),
(4921, 'Obat 4921', 'Tablet', 48, 8050, '2027-02-08'),
(4922, 'Obat 4922', 'Sirup', 55, 8100, '2028-03-11'),
(4923, 'Obat 4923', 'Injeksi', 62, 8150, '2029-04-14'),
(4924, 'Obat 4924', 'Kapsul', 69, 8200, '2030-05-17'),
(4925, 'Obat 4925', 'Salep', 76, 8250, '2026-06-20'),
(4926, 'Obat 4926', 'Tablet', 83, 8300, '2027-07-23'),
(4927, 'Obat 4927', 'Sirup', 90, 8350, '2028-08-26'),
(4928, 'Obat 4928', 'Injeksi', 97, 8400, '2029-09-01'),
(4929, 'Obat 4929', 'Kapsul', 104, 8450, '2030-10-04'),
(4930, 'Obat 4930', 'Salep', 111, 8500, '2026-11-07'),
(4931, 'Obat 4931', 'Tablet', 118, 8550, '2027-12-10'),
(4932, 'Obat 4932', 'Sirup', 125, 8600, '2028-01-13'),
(4933, 'Obat 4933', 'Injeksi', 127, 8650, '2029-02-16'),
(4934, 'Obat 4934', 'Kapsul', 139, 8700, '2030-03-19'),
(4935, 'Obat 4935', 'Salep', 146, 8750, '2026-04-22'),
(4936, 'Obat 4936', 'Tablet', 153, 8800, '2027-05-25'),
(4937, 'Obat 4937', 'Sirup', 160, 8850, '2028-06-28'),
(4938, 'Obat 4938', 'Injeksi', 167, 8900, '2029-07-03'),
(4939, 'Obat 4939', 'Kapsul', 174, 8950, '2030-08-06'),
(4940, 'Obat 4940', 'Salep', 181, 9000, '2026-09-09'),
(4941, 'Obat 4941', 'Tablet', 188, 9050, '2027-10-12'),
(4942, 'Obat 4942', 'Sirup', 194, 9100, '2028-11-15'),
(4943, 'Obat 4943', 'Injeksi', 2, 9150, '2029-12-18'),
(4944, 'Obat 4944', 'Kapsul', 9, 9200, '2030-01-21'),
(4945, 'Obat 4945', 'Salep', 16, 9250, '2026-02-24'),
(4946, 'Obat 4946', 'Tablet', 23, 9300, '2027-03-27'),
(4947, 'Obat 4947', 'Sirup', 30, 9350, '2028-04-02'),
(4948, 'Obat 4948', 'Injeksi', 34, 9400, '2029-05-05'),
(4949, 'Obat 4949', 'Kapsul', 44, 9450, '2030-06-08'),
(4950, 'Obat 4950', 'Salep', 51, 9500, '2026-07-11'),
(4951, 'Obat 4951', 'Tablet', 58, 9550, '2027-08-14'),
(4952, 'Obat 4952', 'Sirup', 65, 9600, '2028-09-17'),
(4953, 'Obat 4953', 'Injeksi', 72, 9650, '2029-10-20'),
(4954, 'Obat 4954', 'Kapsul', 76, 9700, '2030-11-23'),
(4955, 'Obat 4955', 'Salep', 86, 9750, '2026-12-26'),
(4956, 'Obat 4956', 'Tablet', 93, 9800, '2027-01-01'),
(4957, 'Obat 4957', 'Sirup', 100, 9850, '2028-02-04'),
(4958, 'Obat 4958', 'Injeksi', 107, 9900, '2029-03-07'),
(4959, 'Obat 4959', 'Kapsul', 114, 9950, '2030-04-10'),
(4960, 'Obat 4960', 'Salep', 121, 10000, '2026-05-13'),
(4961, 'Obat 4961', 'Tablet', 127, 10050, '2027-06-16'),
(4962, 'Obat 4962', 'Sirup', 135, 10100, '2028-07-19'),
(4963, 'Obat 4963', 'Injeksi', 142, 10150, '2029-08-22'),
(4964, 'Obat 4964', 'Kapsul', 149, 10200, '2030-09-25'),
(4965, 'Obat 4965', 'Salep', 156, 10250, '2026-10-28'),
(4966, 'Obat 4966', 'Tablet', 163, 10300, '2027-11-03'),
(4967, 'Obat 4967', 'Sirup', 167, 10350, '2028-12-06'),
(4968, 'Obat 4968', 'Injeksi', 177, 10400, '2029-01-09'),
(4969, 'Obat 4969', 'Kapsul', 184, 10450, '2030-02-12'),
(4970, 'Obat 4970', 'Salep', 191, 10500, '2026-03-15'),
(4971, 'Obat 4971', 'Tablet', 198, 10550, '2027-04-18'),
(4972, 'Obat 4972', 'Sirup', 5, 10600, '2028-05-21'),
(4973, 'Obat 4973', 'Injeksi', 12, 10650, '2029-06-24'),
(4974, 'Obat 4974', 'Kapsul', 19, 10700, '2030-07-27'),
(4975, 'Obat 4975', 'Salep', 26, 10750, '2026-08-02'),
(4976, 'Obat 4976', 'Tablet', 33, 10800, '2027-09-05'),
(4977, 'Obat 4977', 'Sirup', 40, 10850, '2028-10-08'),
(4978, 'Obat 4978', 'Injeksi', 47, 10900, '2029-11-11'),
(4979, 'Obat 4979', 'Kapsul', 54, 10950, '2030-12-14'),
(4980, 'Obat 4980', 'Salep', 59, 11000, '2026-01-17'),
(4981, 'Obat 4981', 'Tablet', 68, 11050, '2027-02-20'),
(4982, 'Obat 4982', 'Sirup', 75, 11100, '2028-03-23'),
(4983, 'Obat 4983', 'Injeksi', 82, 11150, '2029-04-26'),
(4984, 'Obat 4984', 'Kapsul', 87, 11200, '2030-05-01'),
(4985, 'Obat 4985', 'Salep', 96, 11250, '2026-06-04'),
(4986, 'Obat 4986', 'Tablet', 103, 11300, '2027-07-07'),
(4987, 'Obat 4987', 'Sirup', 104, 11350, '2028-08-10'),
(4988, 'Obat 4988', 'Injeksi', 117, 11400, '2029-09-13'),
(4989, 'Obat 4989', 'Kapsul', 124, 11450, '2030-10-16'),
(4990, 'Obat 4990', 'Salep', 129, 11500, '2026-11-19'),
(4991, 'Obat 4991', 'Tablet', 138, 11550, '2027-12-22'),
(4992, 'Obat 4992', 'Sirup', 145, 11600, '2028-01-25'),
(4993, 'Obat 4993', 'Injeksi', 152, 11650, '2029-02-28'),
(4994, 'Obat 4994', 'Kapsul', 159, 11700, '2030-03-03'),
(4995, 'Obat 4995', 'Salep', 166, 11750, '2026-04-06'),
(4996, 'Obat 4996', 'Tablet', 173, 11800, '2027-05-09'),
(4997, 'Obat 4997', 'Sirup', 180, 11850, '2028-06-12'),
(4998, 'Obat 4998', 'Injeksi', 187, 11900, '2029-07-15'),
(4999, 'Obat 4999', 'Kapsul', 194, 11950, '2030-08-18'),
(5000, 'Obat 5000', 'Salep', 1, 12000, '2026-09-21');

CREATE TABLE `pasien` (
  `id_pasien` int NOT NULL,
  `nama` varchar(100) NOT NULL,
  `tanggal_lahir` date DEFAULT NULL,
  `jenis_kelamin` enum('L','P') DEFAULT NULL,
  `alamat` varchar(200) DEFAULT NULL,
  `no_hp` varchar(20) DEFAULT NULL,
  `status_bpjs` enum('Ya','Tidak') DEFAULT NULL,
  `tanggal_registrasi` datetime DEFAULT CURRENT_TIMESTAMP
) ENGINE=InnoDB DEFAULT CHARSET=utf8mb4 COLLATE=utf8mb4_0900_ai_ci;

INSERT INTO `pasien` (`id_pasien`, `nama`, `tanggal_lahir`, `jenis_kelamin`, `alamat`, `no_hp`, `status_bpjs`, `tanggal_registrasi`) VALUES
(2, 'Siti Aminah', '1985-07-21', 'P', 'Metro', '08120000002', 'Tidak', '2025-11-18 23:43:30'),
(3, 'Rahmat Hidayat', '1992-01-11', 'L', 'Pringsewu', '08120000003', 'Ya', '2025-11-18 23:43:30'),
(4, 'Nur Aisyah', '1998-05-04', 'P', 'Lampung Timur', '08120000004', 'Tidak', '2025-11-18 23:43:30'),
(5, 'Yoga Pratama', '1997-09-17', 'L', 'Bandar Jaya', '08120000005', 'Ya', '2025-11-18 23:43:30'),
(6, 'Linda Wati', '1988-02-28', 'P', 'Kotabumi', '08120000006', 'Tidak', '2025-11-18 23:43:30'),
(7, 'Agus muklis', '1993-03-19', 'L', 'Natar', '08120000007', 'Ya', '2025-11-18 23:43:30'),
(8, 'Rina Marlina', '1995-04-14', 'P', 'Way Halim', '08120000008', 'Ya', '2025-11-18 23:43:30'),
(9, 'Andi Wijaya', '1990-08-09', 'L', 'Enggal', '08120000009', 'Tidak', '2025-11-18 23:43:30'),
(10, 'Dewi Sartika', '1996-10-12', 'P', 'Kemiling', '08120000010', 'Ya', '2025-11-18 23:43:30'),
(11, 'Joko Susilo', '1987-11-22', 'L', 'Tanjung Karang', '08120000011', 'Tidak', '2025-11-18 23:43:30'),
(12, 'Melati Putri', '1999-03-01', 'P', 'Sukarame', '08120000012', 'Ya', '2025-11-18 23:43:30'),
(13, 'Fajar Ramadhan', '2000-06-05', 'L', 'Kedaton', '08120000013', 'Tidak', '2025-11-18 23:43:30'),
(14, 'Salsa Nuraini', '2001-12-21', 'P', 'Rajabasa', '08120000014', 'Ya', '2025-11-18 23:43:30'),
(15, 'Irwan Maulana', '1989-04-30', 'L', 'Labuhan Ratu', '08120000015', 'Tidak', '2025-11-18 23:43:30'),
(32, 'Ahmad Junaidi', '1990-03-09', 'L', 'Bandar Lampung', '08120000001', NULL, '2025-11-20 23:19:09'),
(33, 'Bintang Lestari', '2001-05-02', 'L', 'Sukarame', '08121010033', 'Tidak', '2025-11-26 14:34:50'),
(34, 'Budi Ramli', '2003-08-19', 'L', 'Lampung Timur', '08121010034', 'Tidak', '2025-11-26 14:34:50'),
(35, 'Samsul Saputra', '1993-11-06', 'L', 'Kedaton', '08121010035', 'Ya', '2025-11-26 14:34:50'),
(36, 'Maya Wahyuni', '1992-10-24', 'P', 'Kedaton', '08121010036', 'Ya', '2025-11-26 14:34:50'),
(37, 'Taufik Prakoso', '2000-10-14', 'L', 'Rajabasa', '08121010037', 'Tidak', '2025-11-26 14:34:50'),
(38, 'Selvi Ramli', '1994-07-21', 'P', 'Tanjung Karang', '08121010038', 'Ya', '2025-11-26 14:34:50'),
(39, 'Rika Santoso', '2001-02-20', 'P', 'Tanjung Karang', '08121010039', 'Tidak', '2025-11-26 14:34:50'),
(40, 'Dina Maulida', '1990-05-19', 'P', 'Enggal', '08121010040', 'Tidak', '2025-11-26 14:34:50'),
(41, 'Nur Santoso', '1991-05-21', 'P', 'Kemiling', '08121010041', 'Tidak', '2025-11-26 14:34:50'),
(42, 'Lala Kurnia', '1993-01-04', 'P', 'Tanjung Karang', '08121010042', 'Tidak', '2025-11-26 14:34:50'),
(43, 'Sri Santoso', '2004-09-17', 'P', 'Rajabasa', '08121010043', 'Tidak', '2025-11-26 14:34:50'),
(44, 'Putri Pratiwi', '1994-05-14', 'P', 'Sukarame', '08121010044', 'Tidak', '2025-11-26 14:34:50'),
(45, 'Hadi Saputra', '2005-07-12', 'L', 'Tanjung Karang', '08121010045', 'Tidak', '2025-11-26 14:34:50'),
(46, 'Ayu Prakoso', '1992-11-12', 'P', 'Tanjung Karang', '08121010046', 'Tidak', '2025-11-26 14:34:50'),
(47, 'Rian Andika', '2004-01-13', 'L', 'Kedaton', '08121010047', 'Tidak', '2025-11-26 14:34:50'),
(48, 'Putri A Ayu', '2002-09-25', 'P', 'Rajabasa', '08121010048', 'Ya', '2025-11-26 14:34:50'),
(49, 'Haris Wahyuni', '1993-04-28', 'L', 'Kemiling', '08121010049', 'Ya', '2025-11-26 14:34:50'),
(50, 'Putri Permata', '1994-10-24', 'P', 'Tanjung Karang', '08121010050', 'Tidak', '2025-11-26 14:34:50'),
(51, 'Abror Putri', '1997-10-28', 'L', 'Enggal', '08121010051', 'Ya', '2025-11-26 14:34:50'),
(52, 'Lina Ayu', '1998-06-08', 'P', 'Enggal', '08121010052', 'Ya', '2025-11-26 14:34:50'),
(53, 'Slamet Putri', '1998-03-16', 'L', 'Sukarame', '08121010053', 'Tidak', '2025-11-26 14:34:50'),
(54, 'Yusuf Prakoso', '1992-02-02', 'L', 'Enggal', '08121010054', 'Tidak', '2025-11-26 14:34:50'),
(55, 'Winda Ramli', '1993-08-05', 'P', 'Tanjung Karang', '08121010055', 'Tidak', '2025-11-26 14:34:50'),
(56, 'Lala Fitria', '1996-11-13', 'P', 'Pringsewu', '08121010056', 'Ya', '2025-11-26 14:34:50'),
(57, 'Melani Lestari', '1991-01-25', 'P', 'Pringsewu', '08121010057', 'Ya', '2025-11-26 14:34:50'),
(58, 'Rico Wahyuni', '1990-07-18', 'L', 'Kedaton', '08121010058', 'Ya', '2025-11-26 14:34:50'),
(59, 'Nur Wahyuni', '1999-10-28', 'P', 'Enggal', '08121010059', 'Tidak', '2025-11-26 14:34:50'),
(60, 'Yusuf Andika', '1993-08-20', 'L', 'Bandar Lampung', '08121010060', 'Ya', '2025-11-26 14:34:50'),
(61, 'Winda Ramli', '1989-01-20', 'P', 'Pringsewu', '08121010061', 'Tidak', '2025-11-26 14:34:50'),
(62, 'Rico Pratiwi', '2002-02-13', 'L', 'Way Halim', '08121010062', 'Tidak', '2025-11-26 14:34:50'),
(63, 'Ayu Putri', '1991-09-28', 'P', 'Rajabasa', '08121010063', 'Ya', '2025-11-26 14:34:50'),
(64, 'Rika Wahyuni', '1993-06-14', 'P', 'Pringsewu', '08121010064', 'Ya', '2025-11-26 14:34:50'),
(65, 'Rico Rahmadani', '1989-03-16', 'L', 'Tanjung Karang', '08121010065', 'Ya', '2025-11-26 14:34:50'),
(66, 'Yusuf Kurnia', '2001-12-11', 'L', 'Lampung Timur', '08121010066', 'Ya', '2025-11-26 14:34:50'),
(67, 'Ichsan Maulida', '1989-06-21', 'L', 'Way Halim', '08121010067', 'Tidak', '2025-11-26 14:34:50'),
(68, 'Hendra Mahendra', '2004-05-13', 'L', 'Sukarame', '08121010068', 'Tidak', '2025-11-26 14:34:50'),
(69, 'Citra Safitri', '1995-03-08', 'P', 'Natar', '08121010069', 'Tidak', '2025-11-26 14:34:50'),
(70, 'Putri Maharani', '1998-12-15', 'P', 'Kedaton', '08121010070', 'Ya', '2025-11-26 14:34:50'),
(71, 'Rika Santoso', '1999-06-03', 'P', 'Bandar Lampung', '08121010071', 'Tidak', '2025-11-26 14:34:50'),
(72, 'Taufik Maharani', '1986-04-21', 'L', 'Bandar Lampung', '08121010072', 'Tidak', '2025-11-26 14:34:50'),
(73, 'Putri Pratiwi', '1999-03-14', 'P', 'Lampung Timur', '08121010073', 'Tidak', '2025-11-26 14:34:50'),
(74, 'Haris Saputri', '1999-02-15', 'L', 'Bandar Lampung', '08121010074', 'Ya', '2025-11-26 14:34:50'),
(75, 'Abror Ramli', '1991-06-27', 'L', 'Natar', '08121010075', 'Ya', '2025-11-26 14:34:50'),
(76, 'Rico Wahyuni', '2000-01-20', 'L', 'Metro', '08121010076', 'Tidak', '2025-11-26 14:34:50'),
(77, 'Feri Saputri', '2000-10-08', 'L', 'Lampung Timur', '08121010077', 'Tidak', '2025-11-26 14:34:50'),
(78, 'Salsa Putri', '1996-06-19', 'P', 'Kedaton', '08121010078', 'Ya', '2025-11-26 14:34:50'),
(79, 'Salsa Maulida', '1987-11-21', 'P', 'Lampung Timur', '08121010079', 'Ya', '2025-11-26 14:34:50'),
(80, 'Hadi Mahendra', '2003-11-08', 'L', 'Lampung Timur', '08121010080', 'Tidak', '2025-11-26 14:34:50'),
(81, 'Rico Pratiwi', '1989-08-26', 'L', 'Bandar Lampung', '08121010081', 'Ya', '2025-11-26 14:34:50'),
(82, 'Lala Saputri', '1985-07-17', 'P', 'Sukarame', '08121010082', 'Tidak', '2025-11-26 14:34:50'),
(83, 'Slamet Prakoso', '2005-09-14', 'L', 'Bandar Lampung', '08121010083', 'Tidak', '2025-11-26 14:34:50'),
(84, 'Bintang Wahyuni', '1998-01-19', 'L', 'Sukarame', '08121010084', 'Tidak', '2025-11-26 14:34:50'),
(85, 'Citra Permata', '2001-12-26', 'P', 'Pringsewu', '08121010085', 'Ya', '2025-11-26 14:34:50'),
(86, 'Bintang Kurnia', '1991-06-11', 'L', 'Rajabasa', '08121010086', 'Ya', '2025-11-26 14:34:50'),
(87, 'Ayu Wijaya', '2003-03-14', 'P', 'Kedaton', '08121010087', 'Ya', '2025-11-26 14:34:50'),
(88, 'Rico Prakoso', '1990-05-19', 'L', 'Natar', '08121010088', 'Ya', '2025-11-26 14:34:50'),
(89, 'Hadi Pratiwi', '1989-05-12', 'L', 'Kemiling', '08121010089', 'Tidak', '2025-11-26 14:34:50'),
(90, 'Hadi Wijaya', '2005-11-07', 'L', 'Way Halim', '08121010090', 'Ya', '2025-11-26 14:34:50'),
(91, 'Maya Putri', '2004-06-22', 'P', 'Enggal', '08121010091', 'Tidak', '2025-11-26 14:34:50'),
(92, 'Hendra Maharani', '1986-01-02', 'L', 'Natar', '08121010092', 'Ya', '2025-11-26 14:34:50'),
(93, 'Gilang Mahendra', '1986-03-25', 'L', 'Way Halim', '08121010093', 'Ya', '2025-11-26 14:34:50'),
(94, 'Putri A Lestari', '2001-04-27', 'P', 'Sukarame', '08121010094', 'Ya', '2025-11-26 14:34:50'),
(95, 'Arif Rahmadani', '1988-10-27', 'L', 'Pringsewu', '08121010095', 'Ya', '2025-11-26 14:34:50'),
(96, 'Arif Ramli', '1997-02-09', 'L', 'Kemiling', '08121010096', 'Tidak', '2025-11-26 14:34:50'),
(97, 'Rico Ayu', '1985-10-11', 'L', 'Pringsewu', '08121010097', 'Tidak', '2025-11-26 14:34:50'),
(98, 'Rico Andika', '1988-04-08', 'L', 'Way Halim', '08121010098', 'Ya', '2025-11-26 14:34:50'),
(99, 'Lina Safitri', '1985-03-18', 'P', 'Tanjung Karang', '08121010099', 'Ya', '2025-11-26 14:34:50'),
(100, 'Nur Ramli', '1992-10-04', 'P', 'Lampung Timur', '08121010100', 'Tidak', '2025-11-26 14:34:50'),
(101, 'Nadila Santoso', '1998-04-25', 'P', 'Enggal', '08121010101', 'Ya', '2025-11-26 14:34:50'),
(102, 'Taufik Mahendra', '1996-03-27', 'L', 'Metro', '08121010102', 'Tidak', '2025-11-26 14:34:50'),
(103, 'Samsul Fitria', '2001-07-20', 'L', 'Bandar Lampung', '08121010103', 'Tidak', '2025-11-26 14:34:50'),
(104, 'Rico Prakoso', '2003-04-02', 'L', 'Pringsewu', '08121010104', 'Tidak', '2025-11-26 14:34:50'),
(105, 'Dina Safitri', '1997-02-25', 'P', 'Rajabasa', '08121010105', 'Tidak', '2025-11-26 14:34:50'),
(106, 'Nadila Wijaya', '1988-02-10', 'P', 'Way Halim', '08121010106', 'Ya', '2025-11-26 14:34:50'),
(107, 'Budi Lestari', '2002-06-09', 'L', 'Natar', '08121010107', 'Ya', '2025-11-26 14:34:50'),
(108, 'Lestari Maulida', '1998-03-16', 'P', 'Lampung Timur', '08121010108', 'Ya', '2025-11-26 14:34:50'),
(109, 'Samsul Wijaya', '2005-04-12', 'L', 'Tanjung Karang', '08121010109', 'Ya', '2025-11-26 14:34:50'),
(110, 'Yulia Permata', '1998-02-20', 'P', 'Lampung Timur', '08121010110', 'Tidak', '2025-11-26 14:34:50'),
(111, 'Abror Wahyuni', '1992-02-17', 'L', 'Sukarame', '08121010111', 'Tidak', '2025-11-26 14:34:50'),
(112, 'Yusuf Safitri', '1993-03-27', 'L', 'Metro', '08121010112', 'Tidak', '2025-11-26 14:34:50'),
(113, 'Rika Safitri', '2002-04-24', 'P', 'Sukarame', '08121010113', 'Ya', '2025-11-26 14:34:50'),
(114, 'Fahri Fitria', '1986-09-07', 'L', 'Way Halim', '08121010114', 'Ya', '2025-11-26 14:34:50'),
(115, 'Lina Maulida', '1986-07-23', 'P', 'Sukarame', '08121010115', 'Ya', '2025-11-26 14:34:50'),
(116, 'Abror Maulida', '1990-04-26', 'L', 'Kedaton', '08121010116', 'Ya', '2025-11-26 14:34:50'),
(117, 'Melani Kurnia', '1998-10-15', 'P', 'Rajabasa', '08121010117', 'Tidak', '2025-11-26 14:34:50'),
(118, 'Putri A Maharani', '2005-08-20', 'P', 'Kedaton', '08121010118', 'Ya', '2025-11-26 14:34:50'),
(119, 'Haris Andika', '2000-09-16', 'L', 'Lampung Timur', '08121010119', 'Tidak', '2025-11-26 14:34:50'),
(120, 'Rika Ramli', '2001-12-05', 'P', 'Way Halim', '08121010120', 'Ya', '2025-11-26 14:34:50'),
(121, 'Rika Kurnia', '2001-10-07', 'P', 'Tanjung Karang', '08121010121', 'Ya', '2025-11-26 14:34:50'),
(122, 'Yusuf Fitria', '1994-02-26', 'L', 'Kemiling', '08121010122', 'Tidak', '2025-11-26 14:34:50'),
(123, 'Fahri Rahmadani', '1998-01-12', 'L', 'Metro', '08121010123', 'Ya', '2025-11-26 14:34:50'),
(124, 'Yulia Wijaya', '2003-11-05', 'P', 'Metro', '08121010124', 'Ya', '2025-11-26 14:34:50'),
(125, 'Nur Santoso', '2003-05-01', 'P', 'Tanjung Karang', '08121010125', 'Tidak', '2025-11-26 14:34:50'),
(126, 'Slamet Fitria', '1996-01-17', 'L', 'Pringsewu', '08121010126', 'Ya', '2025-11-26 14:34:50'),
(127, 'Nadila Santoso', '1991-12-24', 'P', 'Pringsewu', '08121010127', 'Ya', '2025-11-26 14:34:50'),
(128, 'Samsul Rahmadani', '1999-06-28', 'L', 'Pringsewu', '08121010128', 'Tidak', '2025-11-26 14:34:50'),
(129, 'Hadi Maulida', '1986-10-15', 'L', 'Rajabasa', '08121010129', 'Ya', '2025-11-26 14:34:50'),
(130, 'Rio Santoso', '1988-11-22', 'L', 'Natar', '08121010130', 'Ya', '2025-11-26 14:34:50'),
(131, 'Putri A Wahyuni', '1997-08-25', 'P', 'Pringsewu', '08121010131', 'Tidak', '2025-11-26 14:34:50'),
(132, 'Putri A Maharani', '2001-10-19', 'P', 'Lampung Timur', '08121010132', 'Tidak', '2025-11-26 14:34:50'),
(133, 'Putri A Santoso', '1998-04-25', 'P', 'Enggal', '08121010133', 'Ya', '2025-11-26 14:34:50'),
(134, 'Gilang Ramli', '1988-11-02', 'L', 'Natar', '08121010134', 'Ya', '2025-11-26 14:34:50'),
(135, 'Selvi Saputri', '2001-12-22', 'P', 'Lampung Timur', '08121010135', 'Ya', '2025-11-26 14:34:50'),
(136, 'Melani Safitri', '1999-07-07', 'P', 'Way Halim', '08121010136', 'Ya', '2025-11-26 14:34:50'),
(137, 'Salsa Safitri', '2003-08-03', 'P', 'Natar', '08121010137', 'Ya', '2025-11-26 14:34:50'),
(138, 'Lestari Maulida', '1994-01-06', 'P', 'Pringsewu', '08121010138', 'Ya', '2025-11-26 14:34:50'),
(139, 'Nia Wahyuni', '2004-03-18', 'P', 'Kedaton', '08121010139', 'Tidak', '2025-11-26 14:34:50'),
(140, 'Ichsan Prakoso', '1998-07-03', 'L', 'Metro', '08121010140', 'Tidak', '2025-11-26 14:34:50'),
(141, 'Winda Maulida', '1995-10-24', 'P', 'Kemiling', '08121010141', 'Ya', '2025-11-26 14:34:50'),
(142, 'Vina Lestari', '2000-12-04', 'P', 'Way Halim', '08121010142', 'Tidak', '2025-11-26 14:34:50'),
(143, 'Yusuf Lestari', '1999-10-06', 'L', 'Enggal', '08121010143', 'Tidak', '2025-11-26 14:34:50'),
(144, 'Dina Prakoso', '1985-03-23', 'P', 'Kemiling', '08121010144', 'Ya', '2025-11-26 14:34:50'),
(145, 'Bintang Safitri', '1990-06-03', 'L', 'Way Halim', '08121010145', 'Tidak', '2025-11-26 14:34:50'),
(146, 'Yusuf Wijaya', '1992-10-04', 'L', 'Pringsewu', '08121010146', 'Ya', '2025-11-26 14:34:50'),
(147, 'Nia Maharani', '1987-07-20', 'P', 'Tanjung Karang', '08121010147', 'Tidak', '2025-11-26 14:34:50'),
(148, 'Selvi Prakoso', '1995-12-18', 'P', 'Metro', '08121010148', 'Ya', '2025-11-26 14:34:50'),
(149, 'Feri Permata', '1988-09-07', 'L', 'Bandar Lampung', '08121010149', 'Tidak', '2025-11-26 14:34:50'),
(150, 'Gilang Safitri', '2002-11-06', 'L', 'Bandar Lampung', '08121010150', 'Tidak', '2025-11-26 14:34:50'),
(151, 'Citra Fitria', '2002-07-15', 'P', 'Lampung Timur', '08121010151', 'Tidak', '2025-11-26 14:34:50'),
(152, 'Winda Kurnia', '1998-04-06', 'P', 'Sukarame', '08121010152', 'Tidak', '2025-11-26 14:34:50');

CREATE TABLE `resep` (
  `id_resep` int NOT NULL,
  `id_kunjungan` int DEFAULT NULL,
  `id_obat` int DEFAULT NULL,
  `jumlah` int DEFAULT NULL,
  `dosis` varchar(50) DEFAULT NULL
) ENGINE=InnoDB DEFAULT CHARSET=utf8mb4 COLLATE=utf8mb4_0900_ai_ci;

INSERT INTO `resep` (`id_resep`, `id_kunjungan`, `id_obat`, `jumlah`, `dosis`) VALUES
(1, 2, 215, 3, '2x1'),
(2, 2, 2017, 1, '1x1'),
(3, 3, 4478, 1, '3x1'),
(4, 3, 3467, 1, '1x1'),
(5, 4, 1802, 1, '3x1'),
(6, 4, 4942, 1, '3x1'),
(7, 5, 4475, 2, '1x1'),
(8, 5, 3690, 3, '2x1'),
(9, 6, 1318, 3, '2x1'),
(10, 6, 2798, 2, '1x1'),
(11, 7, 1554, 3, '2x1'),
(12, 7, 1257, 2, '3x1'),
(13, 8, 2021, 1, '1x1'),
(14, 8, 4272, 3, '1x1'),
(15, 9, 2960, 3, '2x1'),
(16, 9, 120, 1, '3x1'),
(17, 10, 2070, 1, '3x1'),
(18, 10, 4611, 1, '1x1'),
(19, 11, 3500, 1, '3x1'),
(20, 11, 156, 1, '2x1'),
(21, 12, 265, 3, '2x1'),
(22, 12, 3851, 1, '1x1'),
(23, 13, 2835, 3, '3x1'),
(24, 13, 3586, 1, '2x1'),
(25, 14, 4828, 3, '1x1'),
(26, 14, 674, 1, '1x1'),
(27, 15, 1566, 2, '2x1'),
(28, 15, 2142, 2, '3x1'),
(29, 16, 3151, 3, '1x1'),
(30, 16, 2053, 1, '2x1'),
(31, 17, 806, 1, '3x1'),
(32, 17, 1294, 3, '2x1'),
(33, 18, 4388, 1, '2x1'),
(34, 18, 3756, 2, '1x1'),
(35, 19, 1224, 3, '1x1'),
(36, 19, 4195, 1, '2x1'),
(37, 20, 2077, 3, '1x1'),
(38, 20, 4617, 3, '1x1'),
(39, 21, 2927, 3, '2x1'),
(40, 21, 4203, 1, '3x1'),
(41, 22, 3911, 2, '2x1'),
(42, 22, 2665, 1, '1x1'),
(43, 23, 1327, 2, '3x1'),
(44, 23, 1960, 2, '2x1'),
(45, 24, 4967, 2, '1x1'),
(46, 24, 2863, 2, '1x1'),
(47, 25, 3503, 1, '3x1'),
(48, 25, 408, 1, '2x1'),
(49, 26, 4987, 3, '1x1'),
(50, 26, 3367, 3, '2x1'),
(51, 27, 197, 2, '2x1'),
(52, 27, 1415, 1, '1x1'),
(53, 28, 2050, 2, '3x1'),
(54, 28, 4543, 2, '1x1'),
(55, 29, 1124, 2, '2x1'),
(56, 29, 2794, 1, '2x1'),
(57, 30, 3117, 1, '1x1'),
(58, 30, 4905, 3, '3x1'),
(59, 31, 2800, 1, '3x1'),
(60, 31, 4483, 3, '1x1'),
(61, 32, 4919, 2, '1x1'),
(62, 32, 263, 1, '2x1'),
(63, 33, 3177, 1, '2x1'),
(64, 33, 3569, 2, '3x1'),
(65, 34, 2045, 1, '1x1'),
(66, 34, 3285, 2, '2x1'),
(67, 35, 2842, 3, '3x1'),
(68, 35, 4442, 3, '3x1'),
(69, 36, 3700, 1, '1x1'),
(70, 36, 2073, 1, '3x1'),
(71, 37, 4908, 2, '1x1'),
(72, 37, 1712, 1, '2x1'),
(73, 38, 573, 1, '1x1'),
(74, 38, 1802, 3, '3x1'),
(75, 39, 4745, 3, '2x1'),
(76, 39, 1408, 3, '3x1'),
(77, 40, 2970, 1, '1x1'),
(78, 40, 4464, 1, '2x1'),
(79, 41, 1191, 3, '2x1'),
(80, 41, 2497, 2, '3x1'),
(81, 42, 3152, 2, '2x1'),
(82, 42, 3481, 1, '3x1'),
(83, 43, 527, 2, '1x1'),
(84, 43, 4256, 2, '2x1'),
(85, 44, 366, 3, '1x1'),
(86, 44, 3154, 2, '1x1'),
(87, 45, 1771, 2, '2x1'),
(88, 45, 2585, 1, '3x1'),
(89, 46, 4490, 1, '2x1'),
(90, 46, 389, 2, '1x1'),
(91, 47, 4948, 3, '3x1'),
(92, 47, 1042, 2, '2x1'),
(93, 48, 4902, 1, '1x1'),
(94, 48, 3151, 1, '3x1'),
(95, 49, 1719, 3, '2x1'),
(96, 49, 4954, 3, '3x1'),
(97, 50, 4901, 2, '1x1'),
(98, 50, 2059, 3, '2x1'),
(99, 51, 4789, 1, '3x1'),
(100, 51, 4450, 2, '1x1'),
(101, 52, 2234, 1, '1x1'),
(102, 52, 4002, 3, '2x1'),
(103, 53, 2670, 2, '2x1'),
(104, 53, 4663, 1, '3x1'),
(105, 54, 2361, 3, '3x1'),
(106, 54, 587, 1, '1x1'),
(107, 55, 3164, 3, '3x1'),
(108, 55, 4891, 2, '2x1'),
(109, 56, 4174, 3, '3x1'),
(110, 56, 1186, 2, '2x1'),
(111, 57, 2260, 1, '1x1'),
(112, 57, 4005, 3, '3x1'),
(113, 58, 3439, 3, '2x1'),
(114, 58, 4258, 1, '1x1'),
(115, 59, 2176, 3, '3x1'),
(116, 59, 3696, 2, '2x1'),
(117, 60, 4405, 3, '3x1'),
(118, 60, 2537, 2, '2x1'),
(119, 61, 1637, 2, '2x1'),
(120, 61, 2798, 2, '3x1'),
(121, 62, 2780, 3, '3x1'),
(122, 62, 3743, 1, '1x1'),
(123, 63, 1622, 1, '1x1'),
(124, 63, 4217, 1, '2x1'),
(125, 64, 2074, 1, '3x1'),
(126, 64, 3570, 1, '2x1'),
(127, 65, 2173, 3, '3x1'),
(128, 65, 4018, 1, '1x1'),
(129, 66, 3939, 1, '1x1'),
(130, 66, 3987, 3, '2x1'),
(131, 67, 3269, 2, '2x1'),
(132, 67, 4388, 1, '1x1'),
(133, 68, 4174, 2, '2x1'),
(134, 68, 212, 1, '3x1'),
(135, 69, 2489, 2, '1x1'),
(136, 69, 2816, 3, '2x1'),
(137, 70, 1830, 3, '2x1'),
(138, 70, 4899, 3, '3x1'),
(139, 71, 314, 1, '2x1'),
(140, 71, 4980, 2, '1x1'),
(141, 72, 1744, 1, '3x1'),
(142, 72, 3470, 3, '2x1'),
(143, 73, 2567, 2, '3x1'),
(144, 73, 4158, 2, '1x1'),
(145, 74, 3679, 1, '2x1'),
(146, 74, 1120, 3, '3x1'),
(147, 75, 480, 3, '2x1'),
(148, 75, 3982, 2, '1x1'),
(149, 76, 4933, 2, '3x1'),
(150, 76, 2165, 1, '1x1'),
(151, 77, 3989, 1, '2x1'),
(152, 77, 2752, 3, '3x1'),
(153, 78, 4180, 1, '1x1'),
(154, 78, 1288, 1, '2x1'),
(155, 79, 4583, 3, '3x1'),
(156, 79, 1813, 2, '2x1'),
(157, 80, 3417, 1, '1x1'),
(158, 80, 4683, 1, '3x1'),
(159, 81, 4990, 2, '2x1'),
(160, 81, 1139, 3, '3x1'),
(161, 82, 2308, 1, '1x1'),
(162, 82, 3150, 2, '2x1'),
(163, 83, 3415, 3, '3x1'),
(164, 83, 4967, 1, '1x1'),
(165, 84, 2450, 3, '3x1'),
(166, 84, 910, 2, '2x1'),
(167, 85, 2805, 1, '2x1'),
(168, 85, 4552, 3, '3x1'),
(169, 86, 3147, 1, '1x1'),
(170, 86, 3810, 2, '3x1'),
(171, 87, 401, 2, '2x1'),
(172, 87, 3768, 3, '1x1'),
(173, 88, 206, 3, '3x1'),
(174, 88, 2799, 2, '1x1'),
(175, 89, 354, 2, '2x1'),
(176, 89, 4173, 3, '3x1'),
(177, 90, 2504, 1, '1x1'),
(178, 90, 1814, 1, '3x1'),
(179, 91, 2222, 3, '3x1'),
(180, 91, 3020, 2, '1x1'),
(181, 92, 3448, 3, '3x1'),
(182, 92, 690, 1, '2x1'),
(183, 93, 1244, 1, '1x1'),
(184, 93, 1888, 2, '1x1'),
(185, 94, 1655, 2, '3x1'),
(186, 94, 2677, 1, '2x1'),
(187, 95, 3407, 3, '3x1'),
(188, 95, 4984, 2, '2x1'),
(189, 96, 2287, 3, '3x1'),
(190, 96, 4721, 3, '3x1'),
(191, 97, 901, 1, '1x1'),
(192, 97, 2134, 3, '3x1'),
(193, 98, 4119, 3, '3x1'),
(194, 98, 1882, 1, '1x1'),
(195, 99, 2699, 1, '2x1'),
(196, 99, 640, 3, '3x1'),
(197, 100, 2914, 3, '3x1'),
(198, 100, 4961, 1, '2x1'),
(199, 101, 902, 2, '2x1'),
(200, 101, 3655, 3, '3x1'),
(201, 102, 2140, 1, '1x1'),
(202, 102, 4610, 3, '3x1'),
(203, 103, 3889, 2, '2x1'),
(204, 103, 1144, 1, '1x1'),
(205, 104, 901, 2, '2x1'),
(206, 104, 2243, 1, '1x1'),
(207, 105, 4082, 1, '3x1'),
(208, 105, 1818, 1, '1x1'),
(209, 106, 2550, 3, '3x1'),
(210, 106, 499, 2, '2x1'),
(211, 107, 1741, 2, '1x1'),
(212, 107, 2670, 3, '3x1'),
(213, 108, 1598, 2, '2x1'),
(214, 108, 4424, 1, '3x1'),
(215, 109, 1466, 3, '3x1'),
(216, 109, 3220, 2, '2x1'),
(217, 110, 4229, 1, '1x1'),
(218, 110, 2117, 3, '3x1'),
(219, 111, 633, 3, '3x1'),
(220, 111, 1450, 2, '2x1'),
(221, 112, 4821, 1, '1x1'),
(222, 112, 2246, 3, '3x1'),
(223, 113, 1068, 3, '3x1'),
(224, 113, 2455, 2, '2x1'),
(225, 114, 4227, 1, '1x1'),
(226, 114, 2999, 3, '3x1'),
(227, 115, 665, 1, '1x1'),
(228, 115, 3527, 2, '2x1'),
(229, 116, 1835, 1, '1x1'),
(230, 116, 4499, 2, '2x1'),
(231, 117, 1333, 2, '2x1'),
(232, 117, 1988, 1, '1x1'),
(233, 118, 2145, 1, '1x1'),
(234, 118, 3502, 3, '3x1'),
(235, 119, 466, 3, '3x1'),
(236, 119, 2020, 2, '2x1'),
(237, 120, 2940, 1, '1x1'),
(238, 120, 4765, 2, '2x1'),
(239, 121, 1111, 2, '2x1'),
(240, 121, 4745, 3, '3x1'),
(241, 122, 3304, 1, '1x1'),
(242, 122, 991, 3, '3x1'),
(243, 123, 4150, 2, '2x1'),
(244, 123, 4933, 3, '3x1'),
(245, 124, 3255, 2, '2x1'),
(246, 124, 1866, 1, '1x1'),
(247, 125, 4742, 3, '3x1'),
(248, 125, 4018, 1, '1x1'),
(249, 126, 3299, 3, '3x1'),
(250, 126, 2120, 2, '2x1'),
(251, 127, 2577, 1, '1x1'),
(252, 127, 4235, 3, '3x1'),
(253, 128, 3244, 2, '2x1'),
(254, 128, 1187, 1, '1x1'),
(255, 129, 2282, 1, '1x1'),
(256, 129, 2844, 2, '2x1'),
(257, 130, 4707, 3, '3x1'),
(258, 130, 4919, 3, '3x1'),
(259, 131, 1168, 2, '2x1'),
(260, 131, 2088, 2, '2x1'),
(261, 132, 2321, 1, '1x1'),
(262, 132, 4987, 3, '3x1'),
(263, 133, 3418, 1, '1x1'),
(264, 133, 1124, 3, '3x1'),
(265, 134, 1658, 2, '2x1'),
(266, 134, 4440, 3, '3x1'),
(267, 135, 1130, 2, '2x1'),
(268, 135, 2900, 3, '3x1'),
(269, 136, 2394, 3, '3x1'),
(270, 136, 774, 1, '1x1'),
(271, 137, 1490, 1, '1x1'),
(272, 137, 4568, 3, '3x1'),
(273, 138, 2808, 3, '3x1'),
(274, 138, 691, 2, '2x1'),
(275, 139, 3230, 1, '1x1'),
(276, 139, 4412, 3, '3x1'),
(277, 140, 2280, 2, '2x1'),
(278, 140, 3490, 3, '3x1');
DELIMITER $$
CREATE TRIGGER `trg_kurangi_stok` AFTER INSERT ON `resep` FOR EACH ROW BEGIN
    UPDATE obat
    SET stok = stok - NEW.jumlah
    WHERE id_obat = NEW.id_obat;
END
$$
DELIMITER ;

CREATE TABLE `transaksi` (
  `id_transaksi` int NOT NULL,
  `id_kunjungan` int DEFAULT NULL,
  `total_bayar` float DEFAULT NULL,
  `metode_bayar` enum('Tunai','Transfer','BPJS') DEFAULT NULL,
  `tanggal_transaksi` date DEFAULT NULL
) ENGINE=InnoDB DEFAULT CHARSET=utf8mb4 COLLATE=utf8mb4_0900_ai_ci;

CREATE TABLE `user_login` (
  `id_user` int NOT NULL,
  `username` varchar(50) DEFAULT NULL,
  `password` varchar(255) DEFAULT NULL,
  `role` enum('Admin','Petugas') DEFAULT NULL
) ENGINE=InnoDB DEFAULT CHARSET=utf8mb4 COLLATE=utf8mb4_0900_ai_ci;

INSERT INTO `user_login` (`id_user`, `username`, `password`, `role`) VALUES
(1, 'admin', 'admin123', 'Admin'),
(2, 'petugas', 'petugas123', 'Petugas');

DELIMITER $$

CREATE FUNCTION HitungUmur (tgl_lahir DATE) RETURNS INT DETERMINISTIC
BEGIN
    RETURN TIMESTAMPDIFF(YEAR, tgl_lahir, CURDATE());
END$$

CREATE FUNCTION HitungUsiaObat (tgl_exp DATE) RETURNS INT DETERMINISTIC
BEGIN
    RETURN DATEDIFF(tgl_exp, CURDATE());
END$$

CREATE PROCEDURE HitungTotalBiaya (IN idK INT)
BEGIN
    SELECT SUM(o.harga * r.jumlah) AS Total_Biaya
    FROM resep r
    JOIN obat o ON r.id_obat = o.id_obat
    WHERE r.id_kunjungan = idK;
END$$
  
CREATE FUNCTION TotalBiayaKunjungan (idK INT) RETURNS FLOAT DETERMINISTIC
BEGIN
    DECLARE total FLOAT;
    SELECT SUM(o.harga * r.jumlah)
    INTO total
    FROM resep r
    JOIN obat o ON r.id_obat = o.id_obat
    WHERE r.id_kunjungan = idK;
    RETURN IFNULL(total, 0);
END$$

CREATE TRIGGER trg_kurangi_stok AFTER INSERT ON resep FOR EACH ROW
BEGIN
    UPDATE obat
    SET stok = stok - NEW.jumlah
    WHERE id_obat = NEW.id_obat;
END$$

DELIMITER ;


